1024 56 5.000000 0.452235 512.951638 
-1.300	0.100	-3.900	0.100	-2.500	-2.800	-5.700	-1.100	-2.600	1.900	-4.800	-4.700	1.600	-5.000	-5.800	1.600	-8.800	-1.800	1.800	2.400	-7.600	-1.200	0.000	-2.300	-4.000	-4.400	-6.900	-1.700	-6.000	-2.100	-3.500	-3.600	3.100	-1.300	-1.900	-4.100	-7.100	-0.500	1.600	-1.300	-4.700	-5.400	-6.600	2.700	-1.900	-0.500	-3.900	-0.200	-5.800	-7.800	-1.000	-1.100	-4.600	-0.600	-2.900	0.400
-8.300	-7.900	-0.900	0.100	-0.500	-4.800	-1.700	-5.100	0.400	-3.100	-5.800	-4.700	-0.400	-2.000	-3.800	-4.400	2.200	-0.800	-2.200	-0.600	1.400	-0.200	5.000	-7.300	-2.000	-2.400	-0.900	0.300	-1.000	-3.100	-0.500	-3.600	0.100	-0.300	-4.900	3.900	-2.100	-2.500	-0.400	-7.300	-3.700	-0.400	0.400	-4.300	-3.900	-8.500	-2.900	-3.200	-9.800	6.200	-4.000	4.900	0.400	-6.600	-8.900	-4.600
-2.300	-5.900	-3.900	-3.900	0.500	0.200	3.300	-5.100	0.400	0.900	-6.800	-2.700	1.600	-2.000	-0.800	0.600	-3.800	-1.800	1.800	-3.600	-1.600	-5.200	2.000	-3.300	-7.000	-1.400	-8.900	-2.700	2.000	-2.100	-1.500	-5.600	-5.900	2.700	-3.900	-3.100	-4.100	-7.500	1.600	-2.300	-6.700	-7.400	-5.600	-4.300	-6.900	-6.500	-5.900	-2.200	-3.800	-2.800	5.000	1.900	-2.600	-5.600	4.100	-8.600
0.700	-1.900	-4.900	-1.900	-5.500	-4.800	-0.700	-4.100	-0.600	-1.100	1.200	1.300	-9.400	-1.000	6.200	-3.400	0.200	-2.800	-2.200	-0.600	-1.600	1.800	-5.000	-3.300	3.000	-2.400	-1.900	-5.700	-8.000	1.900	0.500	-4.600	-1.900	-1.300	-7.900	-2.100	-10.100	-2.500	-1.400	-0.300	-1.700	-4.400	4.400	-1.300	1.100	-4.500	-5.900	-0.200	-4.800	5.200	-4.000	2.900	0.400	1.400	-8.900	0.400
-6.300	-0.900	3.100	-0.900	-2.500	-4.800	-11.700	-7.100	-6.600	-5.100	-0.800	-1.700	1.600	0.000	-0.800	-1.400	1.200	-3.800	-2.200	-0.600	-6.600	4.800	-4.000	1.700	1.000	0.600	-4.900	-2.700	0.000	-2.100	-5.500	-2.600	-8.900	0.700	-6.900	4.900	-5.100	-5.500	-0.400	1.700	-0.700	1.600	2.400	0.700	-3.900	-0.500	-1.900	-4.200	0.200	1.200	-5.000	-0.100	-1.600	-2.600	-3.900	1.400
2.700	5.100	-3.900	-1.900	-2.500	-4.800	-1.700	-5.100	0.400	-6.100	-5.800	-7.700	-1.400	0.000	1.200	-0.400	-5.800	-1.800	1.800	-1.600	-8.600	-0.200	-3.000	-1.300	6.000	-5.400	-0.900	-2.700	1.000	2.900	0.500	-4.600	-4.900	-3.300	-2.900	2.900	-3.100	-2.500	0.600	-6.300	-0.700	-7.400	-0.600	4.700	-1.900	2.500	-3.900	-1.200	-5.800	-1.800	-9.000	-5.100	1.400	-4.600	-6.900	-5.600
4.700	-7.900	-3.900	-0.900	-4.500	-5.800	-3.700	-6.100	-2.600	-6.100	-1.800	-5.700	-4.400	-5.000	0.200	-0.400	-4.800	-7.800	-5.200	-2.600	-11.600	1.800	4.000	-1.300	-1.000	-3.400	-2.900	-2.700	-3.000	-4.100	-1.500	-1.600	-1.900	1.700	0.100	-4.100	-6.100	-3.500	-1.400	1.700	-3.700	-1.400	-1.600	-1.300	-4.900	-2.500	-3.900	2.800	-1.800	-4.800	-3.000	0.900	1.400	-3.600	-4.900	-0.600
5.700	-3.900	-2.900	-6.900	-4.500	-3.800	0.300	-3.100	-7.600	-9.100	-0.800	-8.700	-5.400	-3.000	0.200	0.600	-0.800	-0.800	-3.200	9.400	-8.600	0.800	2.000	-3.300	-4.000	-2.400	-2.900	-3.700	-4.000	-1.100	-5.500	-3.600	-3.900	4.700	-6.900	3.900	0.900	-4.500	-5.400	-6.300	-3.700	0.600	1.400	4.700	-2.900	-2.500	-1.900	-3.200	-1.800	-1.800	-1.000	1.900	1.400	-2.600	-2.900	0.400
-2.300	-1.900	0.100	-4.900	-2.500	-0.800	-0.700	-9.100	-4.600	-4.100	3.200	3.300	2.600	0.000	-8.800	6.600	1.200	2.200	-3.200	-6.600	-4.600	-4.200	-6.000	-4.300	-2.000	-13.400	-4.900	-7.700	-3.000	-4.100	-3.500	0.400	-2.900	-2.300	1.100	-4.100	-8.100	-4.500	-2.400	-9.300	0.300	-0.400	-0.600	-1.300	-2.900	1.500	-5.900	-7.200	1.200	-1.800	-4.000	-0.100	-0.600	-4.600	1.100	-1.600
-0.300	-3.900	-2.900	-0.900	-3.500	0.200	-3.700	-3.100	-4.600	-8.100	2.200	-3.700	-4.400	-3.000	-4.800	-4.400	0.200	-1.800	-3.200	2.400	-5.600	-3.200	3.000	1.700	-3.000	0.600	1.100	-2.700	-2.000	-3.100	-3.500	-0.600	-2.900	3.700	0.100	-6.100	-2.100	0.500	-4.400	-5.300	-0.700	-3.400	-3.600	1.700	5.100	-3.500	-3.900	-0.200	-3.800	-0.800	-3.000	-8.100	-2.600	-6.600	-5.900	-1.600
-1.300	-5.900	5.100	-3.900	-0.500	-9.800	-7.700	-0.100	-5.600	0.900	-3.800	-5.700	-2.400	2.000	-4.800	-5.400	-3.800	-0.800	-0.200	-0.600	-2.600	0.800	0.000	-0.300	0.000	-1.400	-4.900	-3.700	1.000	-4.100	-4.500	-11.600	-1.900	0.700	-3.900	3.900	-0.100	-1.500	-4.400	-4.300	0.300	-5.400	-4.600	2.700	-1.900	-5.500	0.100	3.800	-5.800	-3.800	1.000	-1.100	-2.600	0.400	-4.900	-1.600
0.700	1.100	-2.900	-0.900	-6.500	2.200	-5.700	-4.100	-3.600	-5.100	-2.800	-6.700	-3.400	-1.000	-3.800	0.600	-5.800	-1.800	1.800	-2.600	-2.600	2.800	-4.000	-4.300	-4.000	-4.400	-5.900	-2.700	-5.000	-6.100	0.500	-11.600	-4.900	-2.300	-5.900	5.900	-0.100	2.500	-0.400	-8.300	-3.700	1.600	-3.600	3.700	-3.900	-0.500	-1.900	1.800	-4.800	-2.800	-2.000	-1.100	-0.600	-2.600	-2.900	0.400
-2.300	-0.900	-5.900	-1.900	-6.500	-5.800	-5.700	3.900	-5.600	-4.100	-1.800	-3.700	2.600	-1.000	0.200	0.600	-1.800	-1.800	-1.200	-4.600	-5.600	-0.200	-2.000	-3.300	3.000	-2.400	0.100	-5.700	-1.000	-0.100	0.500	3.400	1.100	-0.300	-4.900	-2.100	-4.100	-3.500	-0.400	-1.300	0.300	-1.400	-1.600	-0.300	0.100	-5.500	-1.900	6.800	-6.800	-4.800	-5.000	4.900	-6.600	-3.600	-3.900	-2.600
-7.300	-2.900	2.100	-2.900	-5.500	-2.800	0.300	-3.100	4.400	-4.100	-6.800	2.300	-7.400	-2.000	1.200	1.600	2.200	0.200	-6.200	0.400	-4.600	-3.200	0.000	-3.300	-3.000	-1.400	-4.900	-3.700	-5.000	-4.100	-6.500	-3.600	-0.900	3.700	-2.900	-2.100	-5.100	-1.500	-0.400	-7.300	-1.700	-5.400	1.400	-0.300	1.100	-0.500	-8.900	0.800	-6.800	-3.800	-7.000	0.900	-1.600	4.400	-2.900	1.400
0.700	-1.900	-2.900	1.100	0.500	-1.800	-5.700	0.900	-2.600	-4.100	-5.800	2.300	-3.400	-1.000	-4.800	-1.400	-4.800	2.200	-1.200	-4.600	-2.600	-1.200	0.000	0.700	-1.000	3.600	-7.900	-2.700	-4.000	-3.100	3.500	-2.600	3.100	-0.300	-2.900	-1.100	-5.100	3.500	-2.400	-4.300	0.300	4.600	6.400	-1.300	-7.900	-6.500	-7.900	3.800	-3.800	-0.800	0.000	0.900	-1.600	-6.600	-1.900	-7.600
-0.300	-8.900	0.100	-3.900	2.500	-4.800	-2.700	-6.100	-7.600	-8.100	-6.800	0.300	-2.400	1.000	-0.800	-2.400	-0.800	-3.800	-1.200	-0.600	-7.600	-8.200	0.000	-1.300	-1.000	-2.400	4.100	-5.700	-6.000	3.900	-9.500	-1.600	-1.900	2.700	-2.900	-2.100	1.900	-6.500	2.600	-8.300	-1.700	-6.400	1.400	-0.300	1.100	1.500	-0.900	-2.200	-7.800	-7.800	-2.000	2.900	-5.600	0.400	-5.900	-6.600
0.700	-2.900	-0.900	-5.900	-3.500	-1.800	-5.700	-0.100	-1.600	-4.100	-1.800	-8.700	-1.400	-3.000	-3.800	-4.400	-5.800	-1.800	-3.200	1.400	-7.600	-5.200	-1.000	-1.300	2.000	4.600	-7.900	-4.700	-3.000	2.900	-5.500	-4.600	1.100	-0.300	-3.900	-0.100	-2.100	0.500	0.600	-8.300	-1.700	0.600	2.400	0.700	-3.900	2.500	0.100	-6.200	-6.800	0.200	1.000	-1.100	0.400	-4.600	-4.900	0.400
-0.300	4.100	0.100	0.100	0.500	-4.800	2.300	-5.100	-6.600	-1.100	-1.800	-1.700	-2.400	-2.000	-1.800	-2.400	0.200	-9.800	-3.200	-4.600	-8.600	-1.200	1.000	2.700	2.000	-1.400	-0.900	-9.700	-1.000	-0.100	-8.500	-3.600	-4.900	-5.300	-7.900	-4.100	-3.100	-1.500	-1.400	-4.300	-9.700	-0.400	-5.600	-2.300	2.100	-1.500	-3.900	-3.200	-8.800	-6.800	-3.000	-2.100	-3.600	-0.600	-2.900	1.400
-5.300	-3.900	2.100	-1.900	-0.500	1.200	-1.700	0.900	4.400	-2.100	3.200	-6.700	-1.400	-5.000	0.200	-2.400	-11.800	-4.800	-0.200	-6.600	-6.600	-5.200	0.000	-5.300	0.000	2.600	1.100	1.300	1.000	-3.100	-0.500	0.400	-6.900	-2.300	0.100	2.900	-2.100	-0.500	0.600	-5.300	-4.700	-1.400	2.400	0.700	-1.900	-4.500	-1.900	0.800	-4.800	1.200	-10.000	-4.100	-2.600	-1.600	1.100	2.400
5.700	-4.900	-2.900	0.100	-3.500	-2.800	-2.700	2.900	-8.600	-1.100	-5.800	-3.700	-3.400	2.000	1.200	2.600	-1.800	-4.800	-2.200	-1.600	-2.600	-0.200	-1.000	-4.300	0.000	2.600	0.100	-7.700	1.000	-6.100	0.500	-8.600	-0.900	-2.300	-3.900	-0.100	-2.100	-2.500	0.600	-5.300	-5.700	-2.400	-0.600	-3.300	-9.900	-2.500	-5.900	-2.200	1.200	-6.800	1.000	1.900	-1.600	-3.600	0.100	-5.600
-3.300	-1.900	-6.900	3.100	-9.500	-6.800	-5.700	-3.100	-2.600	1.900	-2.800	-5.700	-4.400	-4.000	-1.800	-2.400	-2.800	-2.800	-4.200	-1.600	-11.600	0.800	-4.000	0.700	-1.000	-2.400	-11.900	-4.700	-5.000	-8.100	-1.500	-3.600	2.100	0.700	-4.900	-2.100	-3.100	1.500	5.600	-3.300	-4.700	-2.400	-0.600	-2.300	-3.900	0.500	-10.900	-4.200	-5.800	-3.800	2.000	0.900	2.400	3.400	1.100	-4.600
1.700	-3.900	-3.900	1.100	-3.500	-0.800	-4.700	-8.100	0.400	-1.100	-0.800	-1.700	-2.400	0.000	0.200	-2.400	-1.800	-4.800	-2.200	-1.600	-8.600	-3.200	0.000	-3.300	-1.000	-2.400	-5.900	-5.700	0.000	-2.100	0.500	-4.600	-1.900	1.700	-1.900	1.900	-6.100	-5.500	3.600	-5.300	-1.700	-6.400	-0.600	-5.300	-2.900	3.500	-1.900	0.800	-0.800	0.200	2.000	0.900	0.400	-3.600	-7.900	1.400
-0.300	-4.900	-3.900	-0.900	-1.500	-3.800	-7.700	0.900	-4.600	-8.100	-3.800	2.300	-4.400	-1.000	-2.800	-2.400	-8.800	-2.800	0.800	1.400	-9.600	-5.200	-3.000	-2.300	-4.000	-4.400	-5.900	0.300	-2.000	-4.100	-0.500	-9.600	-2.900	-3.300	-0.900	-0.100	2.900	0.500	-1.400	-4.300	-4.700	-5.400	0.400	-4.300	0.100	-4.500	-0.900	0.800	-1.800	-6.800	3.000	-2.100	-0.600	-4.600	0.100	0.400
-7.300	-1.900	1.100	-3.900	-0.500	-1.800	-3.700	2.900	-7.600	-3.100	1.200	2.300	-0.400	0.000	-1.800	-0.400	-1.800	-5.800	-4.200	-3.600	-0.600	-3.200	-4.000	-2.300	-3.000	1.600	-4.900	-3.700	2.000	-0.100	1.500	-2.600	-8.900	2.700	-4.900	-7.100	-6.100	-3.500	-7.400	-1.300	0.300	1.600	4.400	-0.300	-0.900	-2.500	-4.900	-0.200	-4.800	-4.800	-3.000	-2.100	-2.600	-5.600	-5.900	6.400
-0.300	-4.900	-1.900	1.100	-3.500	-4.800	-3.700	-3.100	-3.600	-5.100	-6.800	-3.700	-4.400	2.000	6.200	-6.400	-5.800	-8.800	-7.200	1.400	-6.600	0.800	-7.000	-3.300	-2.000	-3.400	-10.900	-3.700	0.000	-1.100	-3.500	-3.600	1.100	-1.300	-1.900	-7.100	-6.100	0.500	4.600	-3.300	-0.700	-5.400	-5.600	-6.300	-2.900	-1.500	-0.900	-2.200	-0.800	-2.800	-2.000	-7.100	-0.600	-5.600	-3.900	0.400
-4.300	-7.900	-3.900	-1.900	-1.500	-2.800	1.300	2.900	-1.600	-7.100	-0.800	4.300	-5.400	0.000	0.200	2.600	0.200	1.200	-3.200	3.400	-6.600	0.800	2.000	-7.300	-2.000	2.600	0.100	-0.700	-4.000	-1.100	1.500	-5.600	-1.900	0.700	0.100	-1.100	-3.100	-4.500	-3.400	-8.300	-2.700	-4.400	5.400	-3.300	-3.900	2.500	-0.900	-4.200	-4.800	-2.800	-1.000	-8.100	-2.600	-7.600	-4.900	-1.600
0.700	-2.900	-5.900	-2.900	-0.500	-9.800	1.300	-1.100	-4.600	-6.100	-6.800	-1.700	-1.400	-2.000	-3.800	-4.400	-6.800	-3.800	2.800	-3.600	-0.600	-0.200	-1.000	-6.300	-2.000	0.600	-6.900	-7.700	-2.000	-2.100	-2.500	-9.600	-4.900	6.700	-2.900	-1.100	-3.100	-2.500	3.600	-2.300	-0.700	-2.400	0.400	-1.300	-2.900	-5.500	-2.900	-3.200	-5.800	-4.800	1.000	-4.100	-1.600	0.400	-7.900	4.400
-0.300	-7.900	-4.900	4.100	-5.500	-4.800	-5.700	-4.100	-0.600	-7.100	-11.800	-5.700	-2.400	2.000	-8.800	-3.400	-2.800	4.200	-6.200	-2.600	-2.600	-1.200	1.000	-1.300	-5.000	-6.400	-5.900	-5.700	1.000	-3.100	-3.500	-5.600	0.100	-1.300	-4.900	-1.100	-3.100	3.500	-5.400	-2.300	-3.700	-2.400	2.400	-2.300	1.100	-1.500	-5.900	0.800	-8.800	-3.800	-8.000	-2.100	0.400	-3.600	-7.900	0.400
1.700	-2.900	-1.900	4.100	-5.500	-5.800	-2.700	-4.100	-1.600	-2.100	-4.800	0.300	-3.400	2.000	-2.800	-6.400	-5.800	0.200	-2.200	-0.600	-6.600	-3.200	1.000	-10.300	-3.000	-4.400	0.100	-7.700	1.000	-3.100	-3.500	-0.600	-5.900	-0.300	-4.900	1.900	-9.100	2.500	-5.400	-4.300	-0.700	-3.400	2.400	-3.300	-5.900	-0.500	1.100	0.800	-3.800	-4.800	-4.000	3.900	0.400	-2.600	-5.900	-4.600
-0.300	-1.900	-2.900	-3.900	4.500	-8.800	-4.700	-3.100	-2.600	-7.100	-3.800	-0.700	-3.400	2.000	-0.800	-3.400	-1.800	-2.800	0.800	-2.600	-2.600	-0.200	0.000	2.700	1.000	1.600	-3.900	-4.700	-1.000	2.900	2.500	-3.600	-5.900	-0.300	-7.900	-4.100	-1.100	-3.500	1.600	-3.300	4.300	-2.400	-0.600	1.700	-2.900	2.500	-3.900	3.800	-4.800	0.200	-3.000	-2.100	-2.600	-3.600	-0.900	-1.600
-2.300	-1.900	-1.900	-0.900	-1.500	-4.800	-0.700	-5.100	3.400	-8.100	-0.800	-3.700	-2.400	-4.000	-4.800	-7.400	-0.800	0.200	2.800	-0.600	-6.600	-7.200	2.000	-5.300	1.000	-0.400	-9.900	-8.700	-3.000	-2.100	-4.500	-0.600	1.100	-5.300	-2.900	-1.100	-4.100	-0.500	-3.400	-4.300	-3.700	-4.400	-0.600	-0.300	-7.900	-2.500	0.100	-0.200	-4.800	-6.800	-3.000	0.900	2.400	-3.600	-0.900	1.400
3.700	-10.900	2.100	-2.900	-9.500	-0.800	-5.700	-7.100	-3.600	-2.100	-3.800	-1.700	-1.400	-4.000	-1.800	-0.400	-3.800	-2.800	-5.200	-2.600	-2.600	-2.200	0.000	-6.300	-6.000	-0.400	-2.900	-1.700	1.000	-6.100	-0.500	-0.600	-7.900	-1.300	-5.900	-3.100	-5.100	1.500	5.600	-2.300	-0.700	-6.400	-0.600	0.700	-4.900	-4.500	-5.900	0.800	-1.800	4.200	-7.000	-1.100	-0.600	-0.600	-1.900	3.400
-2.300	-3.900	-1.900	-1.900	0.500	-3.800	-1.700	-3.100	-0.600	-10.100	-3.800	-5.700	-3.400	-8.000	2.200	-5.400	-0.800	-2.800	3.800	0.400	-4.600	-3.200	5.000	-4.300	-1.000	-4.400	-8.900	-3.700	-2.000	-4.100	1.500	-5.600	-6.900	-1.300	-2.900	-6.100	-0.100	-2.500	-3.400	1.700	-0.700	-7.400	-0.600	-2.300	0.100	-3.500	-3.900	-0.200	-5.800	2.200	-2.000	-5.100	-5.600	-3.600	-2.900	-4.600
-0.300	-0.900	-2.900	-2.900	-4.500	-1.800	-5.700	-3.100	-3.600	0.900	-2.800	0.300	-0.400	1.000	-2.800	-1.400	-1.800	0.200	-1.200	-2.600	-2.600	-3.200	1.000	-1.300	1.000	-2.400	0.100	-1.700	0.000	-1.100	-5.500	-2.600	-1.900	0.700	-5.900	3.900	-3.100	-3.500	-0.400	-4.300	2.300	-5.400	-1.600	-2.300	-1.900	-1.500	-2.900	-0.200	-7.800	-5.800	-5.000	-3.100	-1.600	-7.600	-1.900	-1.600
0.700	-5.900	-6.900	-0.900	-6.500	-3.800	-0.700	0.900	-10.600	-3.100	-4.800	-0.700	-0.400	-2.000	-0.800	-5.400	-3.800	-3.800	-3.200	1.400	-3.600	-2.200	-1.000	-4.300	-3.000	-0.400	-5.900	-6.700	-2.000	-5.100	-4.500	-1.600	-6.900	3.700	-2.900	-2.100	-7.100	-3.500	-0.400	-8.300	0.300	-1.400	-2.600	-0.300	-7.900	-3.500	-6.900	-2.200	-3.800	-0.800	-4.000	-2.100	-1.600	-2.600	-6.900	-2.600
2.700	-2.900	-3.900	-7.900	0.500	-3.800	-4.700	-7.100	-2.600	-4.100	-6.800	-4.700	-4.400	-3.000	-1.800	-1.400	0.200	0.200	-7.200	3.400	-5.600	-5.200	-1.000	-4.300	5.000	-3.400	0.100	4.300	-10.000	-3.100	2.500	-1.600	-3.900	-2.300	-8.900	-1.100	-7.100	-1.500	1.600	-10.300	-2.700	-1.400	0.400	-2.300	-2.900	-0.500	-0.900	-0.200	-6.800	-0.800	-8.000	-3.100	0.400	-6.600	1.100	-3.600
-0.300	0.100	-2.900	-2.900	-2.500	-7.800	-5.700	-3.100	-2.600	-1.100	-3.800	-5.700	-8.400	2.000	-5.800	-4.400	-5.800	-7.800	-4.200	-1.600	-5.600	-3.200	-4.000	2.700	-4.000	-3.400	-1.900	-1.700	-3.000	-6.100	-0.500	-2.600	-1.900	-5.300	-5.900	-2.100	-9.100	-9.500	3.600	-1.300	-4.700	-1.400	-1.600	2.700	-1.900	2.500	-6.900	-5.200	-8.800	-4.800	-2.000	-6.100	-1.600	-9.600	-0.900	1.400
3.700	-6.900	-6.900	1.100	0.500	-4.800	-4.700	1.900	-1.600	-2.100	0.200	-8.700	-3.400	-1.000	-3.800	-0.400	-4.800	-4.800	1.800	0.400	-9.600	-1.200	-6.000	-2.300	2.000	-1.400	3.100	-5.700	-7.000	-5.100	-2.500	-0.600	-2.900	0.700	-6.900	-0.100	-1.100	3.500	-0.400	-2.300	-2.700	-3.400	5.400	-3.300	2.100	-2.500	-6.900	-4.200	-7.800	1.200	-5.000	-2.100	0.400	-2.600	-0.900	0.400
0.700	-0.900	-0.900	2.100	-1.500	-0.800	-4.700	-6.100	-6.600	0.900	-2.800	-1.700	-6.400	-3.000	-3.800	0.600	1.200	-1.800	-6.200	-3.600	-9.600	-1.200	-5.000	-6.300	-3.000	-0.400	-4.900	-3.700	4.000	-1.100	-3.500	-4.600	-0.900	3.700	-6.900	-2.100	-6.100	4.500	-0.400	-3.300	-0.700	-0.400	-3.600	-2.300	-6.900	-0.500	-7.900	-2.200	-5.800	-0.800	-5.000	-2.100	2.400	-5.600	-2.900	-0.600
-4.300	-1.900	-1.900	-4.900	1.500	-7.800	-4.700	-2.100	-0.600	-6.100	1.200	-6.700	-6.400	-1.000	-0.800	3.600	3.200	-13.800	4.800	-3.600	-2.600	-4.200	-1.000	-0.300	3.000	0.600	-9.900	-8.700	-5.000	0.900	-2.500	-1.600	-2.900	-4.300	-3.900	2.900	-1.100	-3.500	-3.400	-9.300	2.300	-2.400	-0.600	-1.300	1.100	-5.500	2.100	-0.200	-2.800	0.200	-5.000	-1.100	2.400	0.400	-1.900	0.400
-0.300	0.100	0.100	3.100	-5.500	2.200	-7.700	-7.100	-9.600	-1.100	-7.800	-4.700	-1.400	-3.000	1.200	-3.400	6.200	-5.800	-10.200	-5.600	-2.600	-6.200	-3.000	-1.300	0.000	2.600	-1.900	-1.700	0.000	-4.100	-4.500	-8.600	-1.900	-1.300	-2.900	-2.100	-4.100	-6.500	3.600	-3.300	-0.700	-3.400	-1.600	-2.300	-0.900	-5.500	-3.900	-0.200	-3.800	-6.800	3.000	-6.100	0.400	-5.600	-4.900	-1.600
-2.300	-5.900	-3.900	0.100	-3.500	-1.800	-1.700	-4.100	-6.600	-3.100	-8.800	-5.700	-2.400	-1.000	-0.800	-6.400	-7.800	3.200	-2.200	-2.600	-0.600	-1.200	-1.000	-2.300	4.000	0.600	-7.900	-5.700	4.000	-3.100	-5.500	-5.600	-0.900	-6.300	-5.900	-1.100	-2.100	5.500	5.600	-1.300	1.300	-4.400	-1.600	-4.300	-5.900	0.500	-3.900	-2.200	0.200	-9.800	-6.000	-3.100	-0.600	-2.600	-3.900	3.400
-3.300	-1.900	-1.900	-3.900	2.500	-7.800	-1.700	-4.100	-3.600	-3.100	2.200	-0.700	-6.400	2.000	-1.800	0.600	-6.800	-2.800	-7.200	-2.600	-5.600	-6.200	5.000	-2.300	-1.000	-3.400	-6.900	-5.700	-2.000	-7.100	2.500	-6.600	-1.900	-2.300	-5.900	-1.100	-6.100	-2.500	-1.400	-5.300	-0.700	-2.400	0.400	-0.300	-0.900	-1.500	-1.900	-3.200	-2.800	-6.800	1.000	-0.100	-1.600	0.400	-3.900	-2.600
-8.300	4.100	-3.900	1.100	-0.500	-6.800	-2.700	-1.100	3.400	2.900	-6.800	-5.700	1.600	-7.000	0.200	-2.400	-2.800	-2.800	-1.200	4.400	-6.600	-3.200	3.000	0.700	1.000	-2.400	-3.900	-4.700	-6.000	-2.100	-7.500	-1.600	-7.900	-3.300	-0.900	-8.100	-1.100	1.500	-1.400	-3.300	0.300	-3.400	1.400	-4.300	-0.900	2.500	-4.900	-1.200	-7.800	-4.800	-4.000	-0.100	-3.600	-4.600	-6.900	0.400
-6.300	-6.900	0.100	-4.900	-2.500	-2.800	-3.700	0.900	-4.600	-6.100	-4.800	2.300	-0.400	-3.000	-0.800	-3.400	-2.800	-4.800	-2.200	-1.600	0.400	0.800	1.000	1.700	-3.000	-0.400	-4.900	-4.700	0.000	-5.100	-2.500	-3.600	-1.900	-2.300	-8.900	1.900	-1.100	-0.500	-4.400	-2.300	0.300	-3.400	-2.600	-6.300	-3.900	0.500	-7.900	1.800	-1.800	-2.800	-4.000	3.900	2.400	0.400	0.100	-5.600
-4.300	-2.900	5.100	-2.900	0.500	-6.800	0.300	-2.100	2.400	-6.100	-3.800	-5.700	-1.400	-3.000	-0.800	3.600	-4.800	-5.800	3.800	-6.600	-7.600	-3.200	-2.000	0.700	-4.000	-5.400	-4.900	-2.700	-1.000	-2.100	4.500	-0.600	0.100	1.700	-3.900	7.900	-4.100	-0.500	-0.400	-1.300	-4.700	-4.400	2.400	-1.300	-6.900	-3.500	-5.900	-4.200	-7.800	0.200	-1.000	1.900	0.400	-6.600	-4.900	0.400
-2.300	5.100	-5.900	2.100	-3.500	-8.800	-5.700	-0.100	-8.600	-5.100	-8.800	-1.700	-9.400	-3.000	-4.800	0.600	-1.800	0.200	-3.200	0.400	-3.600	-0.200	-1.000	3.700	-6.000	-2.400	-0.900	-7.700	-4.000	-0.100	-0.500	-7.600	-1.900	5.700	-7.900	-4.100	-9.100	-2.500	-1.400	-5.300	-5.700	-3.400	-1.600	-4.300	2.100	-1.500	-6.900	4.800	-6.800	-1.800	1.000	-5.100	-2.600	-4.600	-1.900	-3.600
-5.300	-1.900	0.100	-1.900	0.500	-6.800	-6.700	-6.100	-5.600	-2.100	-5.800	-1.700	-1.400	-2.000	1.200	-2.400	1.200	-6.800	-0.200	2.400	-2.600	-2.200	-2.000	1.700	5.000	-2.400	-4.900	-0.700	0.000	3.900	-1.500	-1.600	-0.900	-2.300	-3.900	-0.100	-7.100	-4.500	6.600	-6.300	-0.700	-5.400	1.400	-1.300	-0.900	-0.500	2.100	-8.200	-5.800	0.200	-3.000	-0.100	0.400	-2.600	-10.900	5.400
-1.300	-7.900	-0.900	-5.900	-7.500	-5.800	-5.700	-5.100	-1.600	-2.100	-3.800	-4.700	-7.400	-6.000	-5.800	-4.400	-2.800	-6.800	-2.200	-4.600	-8.600	-1.200	-3.000	-3.300	2.000	0.600	-4.900	-3.700	8.000	-2.100	-0.500	-1.600	0.100	-3.300	-4.900	-1.100	-9.100	-4.500	4.600	-3.300	-0.700	-2.400	6.400	-0.300	-2.900	0.500	-4.900	-1.200	-2.800	2.200	-1.000	-3.100	-1.600	-2.600	-0.900	1.400
2.700	-0.900	-1.900	-5.900	-0.500	-6.800	-5.700	-0.100	-6.600	1.900	-3.800	2.300	-5.400	-1.000	2.200	-3.400	-2.800	2.200	-2.200	-1.600	-8.600	-1.200	-3.000	3.700	1.000	-2.400	-1.900	-4.700	-1.000	0.900	4.500	-8.600	-1.900	2.700	-2.900	3.900	-2.100	2.500	-0.400	-4.300	-0.700	-2.400	3.400	0.700	-0.900	-2.500	-3.900	-0.200	-7.800	-0.800	-5.000	-7.100	1.400	-3.600	2.100	-1.600
-2.300	-0.900	-3.900	1.100	-4.500	0.200	0.300	0.900	-5.600	3.900	-6.800	-3.700	-9.400	-4.000	-1.800	-1.400	1.200	4.200	-0.200	-0.600	-0.600	-4.200	-2.000	-7.300	3.000	-4.400	-1.900	-4.700	-5.000	-6.100	-3.500	-4.600	-0.900	2.700	0.100	0.900	-9.100	-7.500	-2.400	-6.300	-0.700	-2.400	-0.600	1.700	-6.900	2.500	-1.900	0.800	-4.800	2.200	1.000	2.900	-0.600	-3.600	-2.900	3.400
-4.300	0.100	-4.900	-3.900	-5.500	-2.800	-2.700	-0.100	-8.600	0.900	-5.800	-0.700	-1.400	0.000	3.200	-3.400	1.200	-4.800	-3.200	-2.600	-4.600	2.800	-1.000	1.700	4.000	-2.400	-1.900	-0.700	1.000	-3.100	0.500	-1.600	-1.900	-6.300	-7.900	-5.100	-8.100	6.500	-1.400	-7.300	-5.700	-3.400	2.400	0.700	0.100	-4.500	-4.900	2.800	-7.800	0.200	-3.000	-1.100	-0.600	-4.600	-5.900	-4.600
0.700	-3.900	-3.900	2.100	-1.500	-6.800	-6.700	-7.100	-1.600	-2.100	3.200	-8.700	1.600	1.000	-4.800	-4.400	-4.800	-2.800	3.800	-2.600	-3.600	-6.200	-1.000	-8.300	-6.000	-0.400	-7.900	-4.700	-4.000	1.900	0.500	-0.600	-1.900	-3.300	-3.900	3.900	-5.100	-8.500	-3.400	3.700	-5.700	-0.400	-2.600	-2.300	-5.900	-1.500	-7.900	1.800	-0.800	-3.800	0.000	-5.100	0.400	3.400	-6.900	3.400
-1.300	2.100	-0.900	6.100	-3.500	-3.800	-2.700	-1.100	-2.600	-5.100	-5.800	-5.700	-4.400	-4.000	2.200	-6.400	-1.800	7.200	-2.200	-0.600	-3.600	-0.200	-7.000	-5.300	-6.000	0.600	-4.900	-4.700	-4.000	-2.100	3.500	0.400	3.100	0.700	-3.900	-2.100	-3.100	-9.500	-3.400	-5.300	1.300	-3.400	-3.600	-3.300	2.100	-5.500	-1.900	4.800	2.200	-4.800	0.000	-3.100	1.400	-1.600	1.100	5.400
-2.300	-0.900	4.100	1.100	-6.500	2.200	-1.700	-8.100	-5.600	-3.100	-1.800	-2.700	2.600	0.000	1.200	-2.400	-5.800	-5.800	-4.200	-0.600	-9.600	-1.200	5.000	0.700	1.000	-2.400	-3.900	-4.700	0.000	2.900	0.500	0.400	-1.900	-2.300	-2.900	-3.100	-11.100	-4.500	-0.400	-3.300	-1.700	-4.400	-0.600	1.700	-3.900	2.500	2.100	-2.200	-2.800	-4.800	-6.000	-7.100	-8.600	-5.600	-5.900	-3.600
-6.300	-2.900	-7.900	-8.900	1.500	-6.800	1.300	-6.100	3.400	-6.100	-5.800	-9.700	-4.400	-2.000	-6.800	-2.400	-2.800	-4.800	-2.200	-1.600	-3.600	0.800	2.000	-11.300	0.000	-4.400	-7.900	-1.700	2.000	-0.100	0.500	-1.600	-0.900	-1.300	-7.900	1.900	-2.100	-3.500	-5.400	-9.300	-4.700	1.600	-0.600	-4.300	0.100	1.500	-10.900	-3.200	-1.800	-3.800	-3.000	0.900	-4.600	-3.600	-3.900	-5.600
-2.300	-3.900	0.100	1.100	-6.500	-6.800	-5.700	-4.100	-0.600	-9.100	-4.800	-3.700	-6.400	-2.000	-0.800	0.600	-0.800	3.200	-6.200	0.400	-7.600	-1.200	5.000	-9.300	3.000	1.600	-9.900	-8.700	0.000	-1.100	2.500	1.400	-1.900	0.700	-5.900	-1.100	-5.100	-6.500	-3.400	-4.300	-2.700	-2.400	-1.600	-8.300	-4.900	-6.500	-0.900	-5.200	-7.800	3.200	-9.000	-0.100	-1.600	-0.600	-3.900	-7.600
-0.300	-1.900	-6.900	1.100	-6.500	-5.800	-5.700	0.900	-1.600	-1.100	-6.800	-6.700	-2.400	-3.000	0.200	-4.400	-2.800	-5.800	-4.200	-4.600	-2.600	-1.200	2.000	-0.300	1.000	-1.400	-4.900	-1.700	-4.000	3.900	-3.500	-3.600	0.100	-1.300	0.100	-7.100	-5.100	-6.500	-1.400	-0.300	-0.700	-1.400	2.400	-10.300	-7.900	-3.500	-2.900	-0.200	-4.800	-7.800	-2.000	0.900	-1.600	-10.600	-2.900	1.400
0.700	-0.900	-2.900	-1.900	-3.500	-0.800	-1.700	-0.100	0.400	-4.100	-1.800	1.300	-5.400	-2.000	0.200	-0.400	-6.800	-0.800	0.800	-6.600	-3.600	-2.200	-2.000	-6.300	-1.000	-4.400	-2.900	2.300	-1.000	-0.100	-7.500	-1.600	4.100	-6.300	-1.900	3.900	-6.100	-6.500	-1.400	-4.300	4.300	-0.400	-1.600	-0.300	-3.900	-3.500	5.100	-7.200	-4.800	-5.800	-5.000	-2.100	3.400	-8.600	-1.900	-4.600
-1.300	-5.900	0.100	-1.900	-2.500	-4.800	-2.700	0.900	1.400	-1.100	-3.800	-7.700	-1.400	-1.000	2.200	0.600	-2.800	-1.800	1.800	-1.600	5.400	-0.200	-4.000	-2.300	0.000	-0.400	-6.900	0.300	-5.000	-0.100	-0.500	-3.600	-1.900	-4.300	-5.900	-0.100	-8.100	-3.500	0.600	-4.300	-5.700	-2.400	3.400	-1.300	-2.900	0.500	-3.900	0.800	-7.800	-2.800	-3.000	-4.100	3.400	-3.600	0.100	3.400
-5.300	-3.900	-1.900	-7.900	-3.500	-7.800	-3.700	-0.100	-7.600	-7.100	2.200	0.300	-2.400	-1.000	-7.800	-1.400	2.200	-2.800	-2.200	-0.600	-10.600	1.800	0.000	-3.300	-3.000	-2.400	-2.900	-3.700	-1.000	-0.100	-3.500	-1.600	3.100	2.700	-1.900	-4.100	-1.100	5.500	4.600	-7.300	0.300	-4.400	0.400	-3.300	-2.900	-7.500	-1.900	-1.200	-4.800	-2.800	-1.000	-1.100	-0.600	0.400	-0.900	-1.600
-4.300	-0.900	-0.900	0.100	-0.500	-7.800	-0.700	-1.100	-4.600	-8.100	0.200	-3.700	-7.400	-2.000	-0.800	0.600	-2.800	-0.800	1.800	-4.600	-6.600	-3.200	-2.000	0.700	-1.000	-4.400	-5.900	-0.700	-4.000	-11.100	-0.500	-5.600	2.100	-3.300	-5.900	1.900	-6.100	0.500	3.600	1.700	-5.700	1.600	-2.600	-5.300	2.100	-3.500	-4.900	-4.200	-5.800	-5.800	-4.000	-5.100	-2.600	-7.600	-6.900	-6.600
-4.300	-1.900	1.100	-0.900	0.500	-1.800	-3.700	-1.100	0.400	-8.100	-6.800	-1.700	-1.400	-6.000	-1.800	-5.400	-1.800	0.200	-1.200	-5.600	-10.600	-3.200	1.000	1.700	-1.000	-0.400	-3.900	-2.700	-5.000	-3.100	-1.500	-0.600	-5.900	-0.300	-11.900	-6.100	-3.100	-3.500	-0.400	3.700	4.300	-3.400	-2.600	-1.300	-0.900	-3.500	-2.900	-2.200	-8.800	-3.800	-6.000	-2.100	-7.600	-1.600	-5.900	3.400
-3.300	1.100	-3.900	-4.900	-3.500	0.200	0.300	-5.100	0.400	-0.100	-5.800	-2.700	-7.400	0.000	2.200	-4.400	-1.800	-0.800	-2.200	3.400	-2.600	-1.200	2.000	-2.300	0.000	-2.400	-3.900	-8.700	3.000	-3.100	-3.500	-3.600	-4.900	-3.300	-2.900	-1.100	-6.100	0.500	0.600	-3.300	-5.700	-2.400	0.400	-1.300	0.100	0.500	-7.900	-1.200	-7.800	2.200	-5.000	-5.100	-1.600	1.400	-0.900	5.400
-5.300	-1.900	-1.900	0.100	-4.500	1.200	-8.700	-4.100	-4.600	-3.100	-2.800	-3.700	-3.400	1.000	-0.800	1.600	2.200	1.200	-4.200	1.400	2.400	2.800	3.000	2.700	3.000	-2.400	-5.900	-1.700	-4.000	-3.100	-3.500	-2.600	6.100	-0.300	1.100	2.900	-7.100	-2.500	1.600	-5.300	-1.700	-4.400	1.400	2.700	-7.900	-1.500	0.100	-1.200	-8.800	-0.800	-5.000	-0.100	-0.600	-7.600	-5.900	-2.600
1.700	-2.900	-1.900	-3.900	-6.500	-3.800	1.300	-10.100	-4.600	-1.100	3.200	-4.700	-5.400	4.000	-2.800	-2.400	1.200	-2.800	-4.200	1.400	1.400	-0.200	0.000	-2.300	3.000	-3.400	-6.900	-6.700	-3.000	-2.100	-4.500	-2.600	0.100	0.700	-2.900	-4.100	-0.100	-2.500	4.600	-5.300	-2.700	-2.400	0.400	-0.300	0.100	0.500	-4.900	-3.200	-6.800	-3.800	1.000	-1.100	1.400	-3.600	-6.900	-2.600
-2.300	-0.900	-0.900	-1.900	-6.500	-0.800	-4.700	5.900	-7.600	-6.100	-3.800	-4.700	-5.400	-1.000	-2.800	-2.400	0.200	-2.800	-1.200	1.400	-4.600	-3.200	3.000	-2.300	-1.000	3.600	-10.900	-1.700	3.000	-4.100	-2.500	-4.600	3.100	3.700	-3.900	-2.100	-3.100	1.500	-1.400	2.700	1.300	-7.400	4.400	-3.300	-0.900	-4.500	2.100	-4.200	-1.800	-2.800	-7.000	-2.100	-3.600	-2.600	0.100	-5.600
-3.300	-2.900	-2.900	-6.900	0.500	-4.800	-5.700	-5.100	-5.600	-5.100	-5.800	-2.700	-5.400	-2.000	-5.800	1.600	-2.800	3.200	-3.200	-3.600	-10.600	-0.200	3.000	-3.300	7.000	-1.400	-2.900	0.300	-3.000	-0.100	4.500	-0.600	-3.900	0.700	-5.900	-0.100	-4.100	-1.500	0.600	-3.300	-3.700	-3.400	-2.600	-0.300	0.100	-2.500	-3.900	-1.200	-6.800	-4.800	2.000	-7.100	0.400	-0.600	-6.900	-3.600
-2.300	3.100	-4.900	-2.900	1.500	1.200	-9.700	-4.100	-2.600	-0.100	-2.800	-2.700	1.600	-5.000	-0.800	-6.400	-0.800	-4.800	-1.200	-0.600	-4.600	4.800	-4.000	-3.300	1.000	0.600	2.100	-5.700	-2.000	3.900	-3.500	-3.600	-3.900	-1.300	-7.900	-0.100	-1.100	-4.500	1.600	-2.300	-3.700	-2.400	0.400	6.700	-6.900	-5.500	-3.900	2.800	-10.800	-1.800	-3.000	-1.100	3.400	-0.600	-5.900	-7.600
-1.300	-0.900	-0.900	5.100	-5.500	-8.800	-1.700	-6.100	-1.600	0.900	-8.800	-2.700	-5.400	-4.000	-9.800	1.600	0.200	-0.800	-2.200	-2.600	-4.600	5.800	-2.000	1.700	-4.000	-1.400	-6.900	2.300	-5.000	-4.100	3.500	-0.600	-3.900	1.700	-7.900	2.900	-7.100	-1.500	-1.400	-6.300	-1.700	-2.400	-3.600	-7.300	-3.900	-0.500	1.100	2.800	-0.800	-2.800	-2.000	-0.100	-1.600	-4.600	-7.900	4.400
1.700	-5.900	-4.900	4.100	-7.500	-6.800	-1.700	-4.100	-3.600	-5.100	-3.800	0.300	0.600	-3.000	-2.800	-3.400	-0.800	-1.800	-1.200	-3.600	-4.600	1.800	-4.000	-0.300	0.000	2.600	-1.900	0.300	-2.000	-6.100	-4.500	-7.600	6.100	1.700	-1.900	-7.100	-4.100	-3.500	4.600	-7.300	-3.700	-6.400	3.400	1.700	-4.900	-4.500	-3.900	-1.200	-8.800	-0.800	-4.000	0.900	1.400	0.400	-1.900	-2.600
-6.300	1.100	-7.900	6.100	-5.500	-8.800	-2.700	-1.100	-0.600	-1.100	-2.800	-4.700	-8.400	-8.000	-0.800	-3.400	-2.800	-3.800	-1.200	0.400	-6.600	-0.200	0.000	7.700	-1.000	3.600	-2.900	2.300	0.000	-9.100	-3.500	-2.600	3.100	-2.300	-5.900	-1.100	0.900	-3.500	-1.400	1.700	-1.700	-6.400	-1.600	2.700	-4.900	-2.500	-0.900	-1.200	-6.800	3.200	1.000	-0.100	0.400	-3.600	-4.900	-0.600
-1.300	-1.900	-2.900	0.100	-4.500	-5.800	-7.700	0.900	0.400	-1.100	1.200	-4.700	1.600	-2.000	-0.800	-1.400	-2.800	-0.800	-3.200	-2.600	-7.600	0.800	-2.000	-3.300	0.000	-2.400	-3.900	3.300	-3.000	1.900	-4.500	-6.600	-1.900	3.700	-4.900	-4.100	-4.100	-3.500	-1.400	-6.300	-5.700	-3.400	-5.600	0.700	-3.900	-5.500	-5.900	-2.200	-8.800	-3.800	-5.000	-0.100	1.400	-6.600	0.100	0.400
-4.300	-6.900	-3.900	-7.900	-4.500	-6.800	-5.700	-4.100	-2.600	4.900	-8.800	-9.700	-4.400	-6.000	4.200	-1.400	-4.800	-1.800	-1.200	-2.600	-1.600	-5.200	1.000	-6.300	-3.000	-3.400	-3.900	-2.700	-3.000	-4.100	-1.500	0.400	-0.900	1.700	-3.900	1.900	-7.100	-3.500	-1.400	-6.300	3.300	-1.400	-1.600	-3.300	-6.900	1.500	-4.900	-2.200	-0.800	-4.800	-9.000	-2.100	-1.600	-1.600	-7.900	-2.600
-1.300	3.100	-2.900	0.100	-1.500	-3.800	-1.700	-5.100	-4.600	-7.100	-2.800	-5.700	-2.400	-6.000	-0.800	2.600	-4.800	-4.800	-0.200	-4.600	-5.600	3.800	1.000	-2.300	3.000	2.600	-5.900	-3.700	1.000	-3.100	3.500	-1.600	-1.900	1.700	-5.900	0.900	-7.100	-1.500	-0.400	-3.300	3.300	-7.400	-1.600	-6.300	1.100	-2.500	-2.900	-2.200	-3.800	-3.800	-2.000	-4.100	0.400	2.400	-2.900	-2.600
2.700	3.100	-3.900	-5.900	2.500	-9.800	-2.700	-1.100	-1.600	-5.100	-5.800	-3.700	-2.400	-2.000	-2.800	-2.400	-9.800	0.200	-2.200	2.400	-12.600	-6.200	-5.000	-3.300	0.000	0.600	-4.900	-1.700	-2.000	-6.100	-8.500	-4.600	0.100	-5.300	-0.900	-4.100	1.900	4.500	-1.400	-2.300	-3.700	-3.400	-2.600	-8.300	-4.900	0.500	-5.900	-0.200	-9.800	-6.800	-2.000	-6.100	-0.600	-7.600	-4.900	3.400
-3.300	-4.900	2.100	-0.900	-4.500	-9.800	-0.700	-1.100	2.400	3.900	-7.800	-2.700	-3.400	-3.000	-1.800	-1.400	-0.800	-3.800	-8.200	1.400	-6.600	-1.200	4.000	-2.300	0.000	4.600	-6.900	-7.700	-2.000	-1.100	-2.500	0.400	-0.900	-3.300	-2.900	4.900	-8.100	-0.500	-1.400	-5.300	-6.700	2.600	0.400	-2.300	-1.900	-0.500	-2.900	4.800	-4.800	-2.800	-6.000	-6.100	2.400	0.400	-2.900	-1.600
-4.300	3.100	-1.900	1.100	-0.500	-7.800	-0.700	2.900	-5.600	-5.100	-4.800	-0.700	-7.400	4.000	3.200	-6.400	-1.800	0.200	2.800	3.400	-6.600	0.800	3.000	-2.300	3.000	2.600	-6.900	-0.700	0.000	-5.100	-3.500	-10.600	-6.900	0.700	-7.900	-5.100	-0.100	-2.500	-0.400	-1.300	-2.700	-4.400	-5.600	-4.300	-5.900	-0.500	-3.900	-0.200	-2.800	-0.800	-3.000	0.900	-3.600	-5.600	-6.900	0.400
-5.300	-1.900	3.100	0.100	-4.500	-4.800	-3.700	-2.100	-1.600	0.900	-5.800	-0.700	-4.400	-2.000	0.200	0.600	-6.800	0.200	-1.200	-4.600	-1.600	-2.200	1.000	-0.300	1.000	-2.400	-5.900	-4.700	-1.000	-1.100	-3.500	-2.600	-3.900	0.700	-6.900	-0.100	1.900	0.500	-0.400	-0.300	1.300	-1.400	-2.600	1.700	-2.900	-8.500	-1.900	-3.200	-5.800	1.200	-2.000	4.900	-0.600	-2.600	-2.900	2.400
-5.300	-1.900	-3.900	-2.900	-2.500	-3.800	-7.700	-4.100	2.400	-8.100	-4.800	-1.700	-5.400	-3.000	-5.800	-1.400	1.200	-3.800	-2.200	-8.600	-9.600	-3.200	3.000	-7.300	2.000	-2.400	-2.900	-3.700	-1.000	-3.100	-0.500	-7.600	-0.900	-1.300	-6.900	-3.100	-8.100	-0.500	1.600	-7.300	5.300	-2.400	-0.600	5.700	-5.900	-1.500	-9.900	1.800	-3.800	-0.800	-5.000	-5.100	-2.600	-2.600	2.100	2.400
-1.300	-2.900	-2.900	0.100	-3.500	-2.800	-6.700	-4.100	-4.600	-5.100	-3.800	-4.700	-5.400	-5.000	3.200	-2.400	1.200	2.200	3.800	2.400	-10.600	-5.200	6.000	2.700	3.000	-0.400	-8.900	-2.700	2.000	-3.100	1.500	0.400	-2.900	2.700	-0.900	-4.100	-4.100	-3.500	4.600	-1.300	0.300	-3.400	2.400	-3.300	-1.900	-2.500	-4.900	0.800	-3.800	5.200	-6.000	-1.100	-1.600	0.400	-2.900	-0.600
-2.300	-1.900	2.100	-2.900	-3.500	-1.800	-2.700	4.900	-2.600	1.900	-5.800	-1.700	-3.400	0.000	-0.800	-6.400	0.200	-4.800	-4.200	-1.600	-2.600	2.800	0.000	-4.300	1.000	-1.400	-3.900	-2.700	1.000	-4.100	1.500	-0.600	2.100	-0.300	-1.900	0.900	-7.100	-4.500	2.600	-8.300	-5.700	-1.400	2.400	-1.300	-2.900	1.500	-6.900	0.800	-3.800	-0.800	-6.000	-1.100	0.400	4.400	-2.900	0.400
-4.300	1.100	-0.900	-0.900	-7.500	0.200	-7.700	0.900	-4.600	-0.100	-4.800	-3.700	-0.400	-1.000	-0.800	-2.400	0.200	-3.800	-6.200	-0.600	-6.600	0.800	0.000	-3.300	2.000	5.600	-1.900	-3.700	2.000	-0.100	1.500	0.400	3.100	6.700	-1.900	-3.100	-1.100	2.500	3.600	-7.300	-5.700	-0.400	-4.600	-5.300	-6.900	0.500	6.100	-3.200	0.200	-3.800	-5.000	1.900	0.400	-1.600	-2.900	-2.600
2.700	-2.900	-8.900	-2.900	-2.500	-0.800	-2.700	2.900	-6.600	-5.100	-5.800	1.300	-4.400	0.000	-0.800	-5.400	-0.800	-2.800	-1.200	-5.600	-3.600	-3.200	-2.000	2.700	-3.000	-3.400	-0.900	0.300	0.000	-4.100	-7.500	-2.600	-3.900	1.700	-5.900	0.900	-8.100	-3.500	4.600	-6.300	-8.700	-2.400	-0.600	-6.300	-0.900	-4.500	-2.900	-4.200	-4.800	-0.800	-2.000	-1.100	-4.600	-6.600	-3.900	-2.600
3.700	-10.900	-2.900	-3.900	0.500	0.200	-8.700	-4.100	-6.600	-3.100	-3.800	-6.700	-2.400	2.000	-1.800	-3.400	-2.800	3.200	1.800	5.400	-5.600	-0.200	-5.000	1.700	-5.000	-0.400	-2.900	0.300	2.000	-1.100	-4.500	-5.600	-4.900	1.700	2.100	-2.100	-0.100	-11.500	-2.400	-2.300	-0.700	-5.400	2.400	2.700	-3.900	-6.500	-5.900	-2.200	-3.800	0.200	-4.000	-0.100	-1.600	-7.600	2.100	-2.600
-5.300	-6.900	-3.900	0.100	-3.500	-0.800	-2.700	-2.100	-5.600	-2.100	-2.800	-6.700	1.600	-3.000	-5.800	-0.400	-3.800	-3.800	-1.200	1.400	-3.600	-0.200	-2.000	-0.300	-1.000	1.600	-1.900	-3.700	-7.000	-1.100	-3.500	0.400	2.100	5.700	-4.900	-5.100	-1.100	-1.500	3.600	0.700	-1.700	0.600	3.400	-2.300	-0.900	4.500	-4.900	-1.200	-6.800	1.200	1.000	-4.100	2.400	1.400	-2.900	-1.600
-1.300	0.100	-8.900	1.100	-3.500	-5.800	-1.700	-2.100	-6.600	-2.100	-3.800	-0.700	-2.400	-5.000	-1.800	-0.400	-5.800	-3.800	0.800	2.400	-7.600	1.800	5.000	2.700	7.000	-1.400	-0.900	4.300	-4.000	4.900	-8.500	-1.600	-3.900	-0.300	-6.900	-1.100	-7.100	-1.500	-2.400	-4.300	-5.700	-1.400	-2.600	4.700	-2.900	2.500	-0.900	0.800	-5.800	0.200	-4.000	-2.100	-1.600	-4.600	0.100	5.400
-3.300	-0.900	-5.900	-1.900	-0.500	-2.800	-0.700	-3.100	-0.600	-4.100	-5.800	-1.700	-2.400	-1.000	-0.800	-3.400	-10.800	0.200	-9.200	-0.600	-5.600	-2.200	-1.000	-4.300	5.000	4.600	-2.900	1.300	0.000	-4.100	-0.500	-2.600	0.100	-4.300	-5.900	-2.100	-6.100	4.500	-5.400	1.700	-1.700	0.600	-1.600	-0.300	-4.900	1.500	-8.900	0.800	-3.800	-1.800	0.000	0.900	-3.600	-1.600	-6.900	1.400
-0.300	0.100	0.100	2.100	-3.500	-2.800	-4.700	-0.100	2.400	-4.100	2.200	2.300	-7.400	-3.000	-2.800	-0.400	0.200	-4.800	-6.200	-6.600	-7.600	-0.200	0.000	-0.300	4.000	0.600	-2.900	1.300	0.000	-7.100	-2.500	-3.600	-2.900	-3.300	3.100	-3.100	-4.100	-3.500	1.600	-6.300	-5.700	0.600	0.400	-7.300	-3.900	5.500	-4.900	4.800	0.200	-2.800	-3.000	-7.100	2.400	-5.600	-4.900	2.400
-1.300	-7.900	-4.900	-5.900	-6.500	-5.800	-3.700	-4.100	-2.600	-8.100	-1.800	-5.700	-2.400	-5.000	-2.800	-1.400	-0.800	-1.800	-1.200	-4.600	-7.600	0.800	0.000	-11.300	-5.000	-0.400	-3.900	-1.700	-7.000	-2.100	-8.500	-3.600	3.100	-0.300	-8.900	0.900	-6.100	0.500	-2.400	-8.300	-0.700	-3.400	-0.600	1.700	-2.900	0.500	-10.900	-6.200	-8.800	-1.800	0.000	-6.100	-2.600	-5.600	-4.900	0.400
-1.300	-4.900	0.100	-4.900	-1.500	-8.800	-4.700	-4.100	5.400	-5.100	1.200	-3.700	-3.400	1.000	3.200	-5.400	-4.800	-2.800	-6.200	-4.600	-5.600	3.800	0.000	-0.300	-2.000	6.600	-6.900	0.300	0.000	4.900	-0.500	-6.600	1.100	-1.300	-6.900	-2.100	-3.100	-6.500	-0.400	-8.300	-4.700	2.600	2.400	-1.300	-2.900	-4.500	-1.900	-1.200	-3.800	-3.800	-3.000	-2.100	-7.600	-0.600	3.100	-3.600
-3.300	-4.900	-1.900	-2.900	-7.500	-1.800	-7.700	10.900	-3.600	-2.100	-3.800	-2.700	-0.400	-4.000	0.200	-1.400	-4.800	-2.800	1.800	0.400	-5.600	-2.200	1.000	-2.300	5.000	4.600	-2.900	-0.700	1.000	-2.100	-0.500	-7.600	-1.900	-0.300	-4.900	-8.100	-1.100	-4.500	2.600	-4.300	-2.700	-3.400	0.400	-0.300	0.100	-3.500	-6.900	1.800	-3.800	-6.800	-2.000	-3.100	-2.600	-3.600	-4.900	-1.600
1.700	1.100	0.100	-2.900	-6.500	-1.800	-3.700	-2.100	-1.600	-3.100	-2.800	-0.700	-4.400	-3.000	5.200	-3.400	-4.800	2.200	-3.200	2.400	-2.600	-6.200	3.000	-2.300	6.000	3.600	-1.900	-0.700	-4.000	2.900	0.500	0.400	2.100	-2.300	-4.900	2.900	1.900	-0.500	4.600	-4.300	0.300	-6.400	-1.600	-1.300	-2.900	-4.500	-3.900	-5.200	-1.800	3.200	2.000	-2.100	-0.600	-2.600	-5.900	-3.600
-0.300	-3.900	-1.900	-3.900	0.500	-5.800	-5.700	-8.100	-2.600	-3.100	-10.800	0.300	-6.400	-5.000	0.200	2.600	-1.800	0.200	0.800	3.400	-6.600	-6.200	4.000	-2.300	4.000	3.600	-3.900	-4.700	-4.000	-5.100	-3.500	-3.600	-3.900	6.700	-5.900	-0.100	-6.100	1.500	-0.400	-1.300	-1.700	-8.400	3.400	1.700	-3.900	-5.500	-0.900	-4.200	-11.800	-4.800	-5.000	-2.100	-0.600	-4.600	4.100	-2.600
4.700	0.100	-6.900	-2.900	-3.500	-5.800	-1.700	-8.100	2.400	1.900	-5.800	-4.700	-0.400	-2.000	-1.800	-3.400	-0.800	1.200	-1.200	-3.600	-2.600	-8.200	-2.000	0.700	2.000	1.600	-7.900	0.300	-3.000	-3.100	-1.500	-2.600	-0.900	0.700	-4.900	-3.100	-8.100	-0.500	-3.400	0.700	0.300	-2.400	-5.600	-0.300	-3.900	-1.500	-0.900	-2.200	-5.800	0.200	-8.000	-3.100	-1.600	-0.600	-8.900	-0.600
-3.300	-2.900	-3.900	4.100	-0.500	-3.800	-1.700	-3.100	-3.600	-1.100	-5.800	0.300	-4.400	-5.000	-8.800	-4.400	-3.800	-3.800	-2.200	-3.600	-4.600	2.800	-3.000	3.700	-1.000	3.600	1.100	-1.700	-2.000	-0.100	-8.500	-6.600	-2.900	0.700	-0.900	-7.100	1.900	-4.500	0.600	-1.300	-2.700	-3.400	3.400	-0.300	2.100	0.500	-3.900	-0.200	-5.800	4.200	-7.000	-10.100	2.400	1.400	-10.900	-4.600
-1.300	1.100	1.100	1.100	-4.500	-9.800	-3.700	-2.100	-3.600	-1.100	-5.800	-1.700	-11.400	-3.000	-3.800	0.600	-5.800	-0.800	-4.200	6.400	-1.600	-7.200	2.000	-1.300	1.000	-0.400	-3.900	1.300	-1.000	3.900	-2.500	-6.600	-2.900	-1.300	-2.900	1.900	-7.100	-5.500	1.600	-5.300	1.300	0.600	-0.600	5.700	-3.900	-2.500	-5.900	-4.200	-6.800	0.200	-2.000	-8.100	3.400	3.400	-1.900	-1.600
1.700	-1.900	1.100	-2.900	-3.500	-4.800	-4.700	-5.100	-0.600	-4.100	-8.800	3.300	-1.400	1.000	5.200	-6.400	-0.800	-1.800	-5.200	3.400	-4.600	-2.200	4.000	-5.300	5.000	-1.400	-2.900	8.300	-5.000	0.900	2.500	-2.600	-0.900	-4.300	-2.900	4.900	-5.100	-2.500	1.600	-4.300	5.300	-3.400	-0.600	-1.300	-1.900	-5.500	-5.900	-3.200	-2.800	-6.800	-9.000	-5.100	-1.600	-3.600	-5.900	-1.600
-3.300	-1.900	1.100	-2.900	-0.500	-8.800	-3.700	-4.100	-2.600	-1.100	0.200	0.300	-0.400	0.000	-4.800	0.600	-5.800	-3.800	2.800	-2.600	-5.600	-1.200	-3.000	-3.300	4.000	6.600	-5.900	0.300	-3.000	-0.100	-4.500	-2.600	-4.900	-1.300	-0.900	1.900	1.900	-2.500	-0.400	-3.300	-3.700	-3.400	0.400	2.700	-3.900	1.500	-1.900	-0.200	-5.800	-1.800	-7.000	-4.100	-0.600	-7.600	-4.900	1.400
-4.300	-5.900	1.100	2.100	-5.500	-2.800	-4.700	-3.100	-1.600	-3.100	-4.800	-8.700	-2.400	6.000	-8.800	-2.400	-3.800	-0.800	-5.200	-0.600	0.400	1.800	-2.000	-3.300	2.000	-3.400	-11.900	-6.700	-2.000	-2.100	-1.500	1.400	-4.900	-2.300	-1.900	-0.100	-3.100	-5.500	1.600	-2.300	-1.700	-6.400	-0.600	-5.300	-3.900	3.500	-7.900	0.800	-7.800	-4.800	-3.000	-3.100	-2.600	-2.600	-1.900	6.400
3.700	-1.900	-0.900	1.100	-2.500	-11.800	-3.700	-3.100	-6.600	0.900	-5.800	-5.700	-8.400	-4.000	-3.800	0.600	-4.800	-4.800	-3.200	-2.600	-7.600	-4.200	-1.000	-4.300	0.000	0.600	-1.900	-8.700	-4.000	-3.100	-9.500	-4.600	-4.900	0.700	5.100	4.900	-0.100	1.500	-5.400	-8.300	-0.700	-2.400	-2.600	-2.300	-5.900	-0.500	-0.900	0.800	-11.800	-10.800	-3.000	-1.100	-2.600	-1.600	-4.900	-1.600
-0.300	-0.900	-3.900	-6.900	-2.500	1.200	-6.700	-2.100	-1.600	-1.100	-1.800	-6.700	2.600	-1.000	1.200	2.600	-0.800	-8.800	-1.200	-0.600	0.400	-3.200	-6.000	-0.300	7.000	5.600	-0.900	1.300	-5.000	-4.100	3.500	-8.600	-6.900	2.700	-4.900	1.900	-1.100	-2.500	-0.400	-4.300	-2.700	-2.400	-0.600	3.700	-2.900	-0.500	-0.900	-6.200	-5.800	-0.800	-8.000	-5.100	-1.600	-3.600	1.100	-0.600
-6.300	1.100	-1.900	-0.900	-3.500	-3.800	-0.700	-5.100	-1.600	-2.100	-1.800	-4.700	-5.400	-3.000	-2.800	-2.400	0.200	-4.800	-8.200	-1.600	1.400	4.800	0.000	-2.300	2.000	5.600	-0.900	1.300	-7.000	-2.100	-2.500	-5.600	2.100	-2.300	-4.900	1.900	-0.100	-5.500	-4.400	-10.300	-2.700	-1.400	-4.600	-2.300	1.100	-2.500	-6.900	-3.200	-6.800	-5.800	-2.000	-4.100	-4.600	0.400	-1.900	0.400
-0.300	0.100	-5.900	-0.900	-5.500	-8.800	-1.700	-1.100	-4.600	-3.100	-0.800	-8.700	-9.400	0.000	-5.800	1.600	1.200	-5.800	-3.200	-1.600	-11.600	-2.200	-3.000	3.700	7.000	8.600	-3.900	-5.700	-3.000	1.900	-6.500	-1.600	-0.900	-3.300	-2.900	0.900	-0.100	-1.500	-4.400	-6.300	-3.700	-3.400	-1.600	-3.300	-1.900	3.500	-2.900	-5.200	-4.800	-1.800	6.000	0.900	-3.600	-2.600	0.100	2.400
-1.300	-0.900	-1.900	-2.900	-2.500	-4.800	-1.700	-3.100	-3.600	-4.100	-2.800	-3.700	-2.400	2.000	0.200	-6.400	-1.800	-1.800	-1.200	4.400	1.400	-1.200	-4.000	1.700	-3.000	-0.400	-5.900	4.300	-4.000	-4.100	-1.500	-4.600	-3.900	6.700	-5.900	2.900	-4.100	2.500	3.600	-1.300	-2.700	-3.400	1.400	-1.300	-5.900	-1.500	-4.900	-4.200	2.200	-1.800	-10.000	-2.100	-10.600	-6.600	-4.900	2.400
-5.300	-2.900	-3.900	-1.900	-2.500	-7.800	-0.700	-1.100	-3.600	-4.100	-0.800	-1.700	-5.400	1.000	-0.800	-4.400	-1.800	-4.800	-2.200	1.400	-5.600	-0.200	-2.000	2.700	2.000	-2.400	-0.900	-1.700	1.000	3.900	0.500	-1.600	-5.900	-1.300	-1.900	-1.100	-7.100	-1.500	-0.400	-6.300	-3.700	-1.400	-1.600	-2.300	2.100	0.500	3.100	-1.200	-1.800	-2.800	-1.000	-1.100	2.400	-3.600	-2.900	-3.600
1.700	-2.900	-2.900	0.100	-2.500	-7.800	-3.700	-3.100	-4.600	-4.100	-5.800	-1.700	-6.400	-6.000	-3.800	-0.400	-2.800	-3.800	-1.200	2.400	-11.600	-2.200	6.000	-1.300	-3.000	2.600	2.100	2.300	1.000	1.900	-0.500	0.400	-0.900	1.700	-3.900	0.900	-1.100	-1.500	3.600	-3.300	-1.700	-1.400	5.400	-3.300	-4.900	5.500	-10.900	2.800	-7.800	-2.800	-3.000	4.900	-3.600	1.400	5.100	4.400
-6.300	-3.900	-2.900	0.100	-4.500	-2.800	-2.700	-5.100	-2.600	0.900	-2.800	-7.700	-1.400	-2.000	6.200	-8.400	-4.800	-4.800	1.800	-9.600	-8.600	0.800	-1.000	2.700	1.000	2.600	0.100	1.300	-2.000	4.900	-3.500	-5.600	-6.900	-3.300	-5.900	-2.100	-0.100	1.500	0.600	-5.300	-0.700	-4.400	0.400	0.700	-2.900	-1.500	-0.900	-5.200	2.200	-2.800	-6.000	-6.100	-2.600	-1.600	-1.900	3.400
0.700	-2.900	-2.900	-1.900	-7.500	-6.800	-1.700	-4.100	-5.600	-1.100	-3.800	-1.700	-2.400	1.000	-2.800	0.600	-4.800	-0.800	-0.200	-0.600	-12.600	1.800	-1.000	-1.300	0.000	-4.400	-3.900	-4.700	-1.000	-4.100	-4.500	-6.600	-0.900	-0.300	-8.900	-3.100	-2.100	-1.500	1.600	-6.300	0.300	0.600	-3.600	-6.300	0.100	0.500	-1.900	5.800	-5.800	-4.800	-8.000	-0.100	3.400	-2.600	-2.900	1.400
-4.300	-0.900	2.100	0.100	-4.500	-6.800	-8.700	-5.100	-0.600	-0.100	-5.800	-3.700	-4.400	-3.000	-4.800	-1.400	-1.800	-2.800	-2.200	-4.600	-2.600	-2.200	-2.000	-0.300	3.000	7.600	-2.900	-1.700	-3.000	-5.100	-3.500	-3.600	-1.900	-0.300	-0.900	5.900	-2.100	-5.500	-7.400	-1.300	-1.700	-4.400	-0.600	2.700	-3.900	-1.500	1.100	-5.200	-5.800	-0.800	-4.000	-3.100	-2.600	-9.600	-7.900	-5.600
0.700	-3.900	4.100	0.100	-4.500	-6.800	-5.700	2.900	-5.600	-4.100	-2.800	4.300	0.600	-5.000	-3.800	-0.400	0.200	-1.800	-4.200	-3.600	-0.600	-1.200	2.000	-3.300	-1.000	0.600	-0.900	-3.700	-2.000	0.900	-0.500	-5.600	-5.900	2.700	-3.900	-3.100	-3.100	-0.500	-0.400	-13.300	-6.700	0.600	-2.600	-1.300	-0.900	0.500	-1.900	-5.200	-7.800	-4.800	0.000	-3.100	0.400	-3.600	5.100	-3.600
-2.300	2.100	0.100	-1.900	-7.500	-4.800	-3.700	0.900	0.400	-7.100	-3.800	-6.700	-1.400	-9.000	-1.800	-4.400	-3.800	-1.800	1.800	-6.600	-2.600	-3.200	1.000	3.700	3.000	3.600	0.100	-4.700	1.000	1.900	-0.500	-0.600	-2.900	3.700	-2.900	-0.100	-0.100	-4.500	-2.400	-3.300	1.300	1.600	-4.600	-2.300	1.100	-5.500	-0.900	-7.200	-0.800	2.200	-10.000	-4.100	-3.600	-6.600	-4.900	-3.600
-4.300	-1.900	-2.900	0.100	0.500	-0.800	-3.700	1.900	-3.600	-4.100	-6.800	-4.700	-4.400	-2.000	-5.800	-4.400	-5.800	-5.800	-2.200	1.400	-4.600	1.800	-2.000	-4.300	2.000	-2.400	-3.900	-6.700	-7.000	-3.100	-1.500	-3.600	-3.900	-5.300	-0.900	0.900	-3.100	-1.500	-3.400	-3.300	-0.700	-4.400	-1.600	0.700	-7.900	3.500	-3.900	-5.200	-3.800	-4.800	-6.000	-3.100	-3.600	-3.600	-1.900	-1.600
0.700	-0.900	-3.900	3.100	-2.500	-1.800	-4.700	-1.100	-4.600	-3.100	-1.800	-4.700	-8.400	-2.000	1.200	4.600	-4.800	-0.800	-5.200	-1.600	-4.600	-2.200	-1.000	2.700	2.000	-4.400	-3.900	-6.700	-2.000	1.900	-3.500	1.400	5.100	-3.300	-0.900	1.900	-8.100	-6.500	-0.400	-5.300	-0.700	1.600	-1.600	-0.300	-6.900	0.500	-7.900	-6.200	-3.800	1.200	5.000	0.900	-2.600	-3.600	-0.900	1.400
-5.300	-10.900	-0.900	-1.900	-7.500	-4.800	-3.700	-8.100	2.400	4.900	-4.800	0.300	-3.400	1.000	-1.800	-0.400	-2.800	-3.800	-2.200	5.400	-8.600	-1.200	1.000	-1.300	4.000	5.600	-4.900	-7.700	3.000	4.900	-0.500	-10.600	1.100	-1.300	-2.900	-3.100	-0.100	-2.500	4.600	-5.300	0.300	2.600	4.400	-7.300	-0.900	3.500	-5.900	-3.200	-0.800	-2.800	-5.000	-4.100	0.400	1.400	-2.900	1.400
-4.300	0.100	3.100	0.100	-5.500	-0.800	-5.700	0.900	-0.600	-4.100	0.200	-7.700	-3.400	-1.000	3.200	-1.400	-1.800	-2.800	-0.200	-1.600	-4.600	-1.200	-4.000	0.700	4.000	7.600	-5.900	6.300	-4.000	1.900	-0.500	0.400	1.100	-0.300	-5.900	2.900	-5.100	-4.500	-0.400	-2.300	-2.700	-3.400	-1.600	0.700	-3.900	0.500	-5.900	2.800	-4.800	-4.800	5.000	-7.100	-0.600	0.400	-2.900	-0.600
-5.300	-2.900	-2.900	-3.900	-7.500	-11.800	0.300	-5.100	-1.600	-0.100	-5.800	-1.700	-5.400	-1.000	-4.800	6.600	-6.800	-6.800	-5.200	6.400	-8.600	2.800	2.000	2.700	5.000	-0.400	-5.900	-4.700	0.000	-7.100	-4.500	-0.600	-3.900	3.700	-8.900	-2.100	-1.100	-6.500	-2.400	2.700	-3.700	-0.400	2.400	-0.300	-8.900	0.500	-1.900	0.800	-2.800	0.200	-8.000	-5.100	-0.600	-1.600	-3.900	0.400
-8.300	-2.900	-3.900	0.100	-4.500	-4.800	-3.700	-3.100	2.400	-3.100	-6.800	-2.700	-10.400	-3.000	-0.800	-1.400	-5.800	-1.800	0.800	-0.600	-3.600	-3.200	1.000	-1.300	4.000	4.600	-3.900	0.300	-6.000	4.900	-3.500	-7.600	-5.900	-4.300	-1.900	0.900	-4.100	2.500	-3.400	-0.300	-3.700	-0.400	-1.600	-1.300	-1.900	1.500	-2.900	-2.200	-2.800	-3.800	-1.000	-1.100	-6.600	-1.600	-2.900	-0.600
2.700	-2.900	-1.900	1.100	0.500	-6.800	-3.700	-6.100	-4.600	-3.100	-7.800	0.300	-3.400	-6.000	1.200	1.600	-3.800	-1.800	-2.200	-5.600	-4.600	-3.200	6.000	2.700	3.000	0.600	-1.900	1.300	-5.000	-3.100	-3.500	-3.600	-2.900	3.700	-2.900	-2.100	-2.100	-0.500	2.600	-2.300	-0.700	-0.400	1.400	-2.300	-9.900	-0.500	-2.900	-4.200	3.200	-0.800	-3.000	2.900	0.400	-9.600	-1.900	-3.600
-1.300	-3.900	-3.900	0.100	-2.500	-6.800	-10.700	-2.100	-2.600	-2.100	-2.800	-0.700	-5.400	-1.000	-1.800	-2.400	2.200	2.200	-1.200	-2.600	-5.600	-3.200	-5.000	0.700	6.000	-0.400	-3.900	1.300	-4.000	-4.100	-0.500	-5.600	-0.900	4.700	-1.900	1.900	-1.100	-9.500	-4.400	-1.300	4.300	-3.400	-3.600	-2.300	-0.900	-1.500	-5.900	-1.200	-2.800	-3.800	-6.000	-2.100	-2.600	6.400	1.100	-1.600
-5.300	-7.900	0.100	-1.900	0.500	-10.800	-6.700	2.900	-2.600	-3.100	0.200	-1.700	1.600	1.000	-3.800	-2.400	1.200	-1.800	-5.200	6.400	-10.600	-4.200	2.000	-3.300	4.000	4.600	-1.900	-1.700	-4.000	-0.100	-5.500	-7.600	1.100	0.700	-2.900	1.900	-1.100	5.500	-1.400	-3.300	1.300	-4.400	-0.600	3.700	-7.900	-5.500	-4.900	-3.200	-2.800	-4.800	-5.000	-1.100	2.400	-2.600	-1.900	-4.600
5.700	-3.900	-3.900	0.100	-2.500	-3.800	-5.700	-6.100	-4.600	-3.100	-8.800	-1.700	-3.400	2.000	2.200	-0.400	-4.800	-3.800	-3.200	2.400	-14.600	-3.200	6.000	-3.300	3.000	2.600	1.100	-1.700	-1.000	3.900	-2.500	-8.600	5.100	-0.300	3.100	-1.100	-8.100	3.500	2.600	-5.300	1.300	1.600	-3.600	0.700	-0.900	-0.500	-1.900	-5.200	-7.800	0.200	-7.000	3.900	2.400	-3.600	1.100	-2.600
2.700	-1.900	1.100	-0.900	-9.500	-6.800	0.300	-2.100	1.400	-5.100	-3.800	-6.700	-8.400	-2.000	-3.800	-0.400	-1.800	-2.800	0.800	-3.600	-5.600	-5.200	1.000	2.700	-2.000	-2.400	1.100	1.300	1.000	-0.100	-5.500	-8.600	-6.900	-4.300	-6.900	0.900	-1.100	-3.500	1.600	-6.300	-1.700	-2.400	-3.600	-3.300	-6.900	-2.500	-7.900	-1.200	-9.800	-4.800	-7.000	-5.100	-4.600	-0.600	-5.900	-7.600
-1.300	-1.900	0.100	-7.900	-1.500	-6.800	-1.700	-0.100	-5.600	-2.100	4.200	-1.700	-8.400	-2.000	1.200	-0.400	-1.800	3.200	-1.200	0.400	-5.600	0.800	3.000	-4.300	2.000	-7.400	-3.900	-3.700	-3.000	-1.100	-0.500	-5.600	-6.900	-2.300	-0.900	-5.100	-5.100	1.500	-0.400	-7.300	-0.700	-2.400	3.400	-0.300	-0.900	-0.500	-3.900	-6.200	-4.800	-2.800	-3.000	-2.100	0.400	-3.600	-2.900	-1.600
1.700	-0.900	2.100	-1.900	-3.500	-6.800	-2.700	-3.100	-3.600	-2.100	-5.800	3.300	-0.400	-3.000	-6.800	-4.400	1.200	-3.800	2.800	-2.600	-7.600	-5.200	4.000	2.700	2.000	-0.400	-6.900	-9.700	0.000	0.900	-2.500	-5.600	2.100	-2.300	-0.900	-0.100	-0.100	-0.500	-2.400	-5.300	-1.700	2.600	-1.600	-3.300	-1.900	1.500	-3.900	1.800	-2.800	-7.800	3.000	-6.100	-4.600	4.400	-4.900	-8.600
0.700	-1.900	-6.900	-1.900	-4.500	-8.800	-1.700	-8.100	-6.600	-6.100	-8.800	-8.700	0.600	-1.000	-2.800	-6.400	2.200	-7.800	1.800	-0.600	-7.600	-2.200	-1.000	-0.300	-2.000	6.600	-9.900	5.300	-9.000	0.900	-2.500	-7.600	-2.900	0.700	-6.900	1.900	-2.100	0.500	-3.400	0.700	-0.700	1.600	-3.600	-1.300	-0.900	-3.500	-8.900	6.800	0.200	-7.800	-8.000	-1.100	-8.600	-6.600	-2.900	-5.600
-0.300	0.100	-1.900	0.100	-1.500	-3.800	-7.700	0.900	-4.600	-6.100	2.200	-1.700	-1.400	-3.000	-2.800	1.600	-4.800	-5.800	-4.200	-2.600	-3.600	-2.200	-6.000	2.700	5.000	2.600	-7.900	1.300	-2.000	0.900	-0.500	-3.600	3.100	4.700	-2.900	-3.100	-2.100	-3.500	-3.400	0.700	-5.700	-3.400	1.400	-1.300	-3.900	3.500	0.100	-2.200	-8.800	0.200	1.000	0.900	1.400	-2.600	1.100	0.400
-1.300	-0.900	-3.900	-2.900	-8.500	-6.800	-8.700	-0.100	-5.600	-1.100	-2.800	1.300	-2.400	-5.000	-0.800	5.600	-0.800	-5.800	-0.200	1.400	-9.600	-3.200	-5.000	2.700	2.000	-0.400	0.100	-3.700	-8.000	-2.100	-2.500	-2.600	-2.900	4.700	-7.900	-3.100	-6.100	6.500	-2.400	2.700	-3.700	-4.400	-8.600	-3.300	-1.900	-0.500	0.100	1.800	1.200	-5.800	0.000	-3.100	-1.600	0.400	-7.900	-8.600
-5.300	-0.900	3.100	-4.900	-0.500	-5.800	-5.700	-5.100	2.400	-3.100	0.200	-6.700	-8.400	0.000	0.200	1.600	-5.800	-2.800	-2.200	-4.600	-4.600	5.800	-3.000	0.700	0.000	-0.400	-6.900	1.300	-1.000	0.900	-3.500	6.400	-2.900	-2.300	-2.900	5.900	-4.100	-6.500	-3.400	-2.300	-3.700	-1.400	0.400	-4.300	1.100	0.500	0.100	-6.200	-7.800	2.200	-1.000	-1.100	-0.600	-3.600	-7.900	-4.600
-1.300	-5.900	-2.900	-2.900	-3.500	0.200	-2.700	0.900	-3.600	-4.100	-1.800	-3.700	-4.400	-3.000	0.200	-4.400	-3.800	-6.800	-2.200	1.400	-1.600	4.800	1.000	1.700	-4.000	2.600	-0.900	-0.700	-3.000	-3.100	-0.500	-7.600	-3.900	-1.300	3.100	0.900	-4.100	-4.500	-3.400	-6.300	-1.700	-3.400	4.400	0.700	-3.900	0.500	1.100	-1.200	-3.800	-3.800	-2.000	-0.100	-4.600	-5.600	-4.900	1.400
-2.300	0.100	-3.900	-1.900	-5.500	-2.800	1.300	0.900	-3.600	-2.100	1.200	0.300	-1.400	0.000	-1.800	-4.400	-6.800	3.200	-5.200	-4.600	-4.600	-4.200	3.000	0.700	-2.000	-3.400	-0.900	-4.700	-7.000	-2.100	-9.500	0.400	2.100	-0.300	-4.900	-0.100	-2.100	-1.500	6.600	-9.300	-4.700	-3.400	-2.600	-2.300	-1.900	-4.500	-2.900	-2.200	-9.800	0.200	1.000	-3.100	0.400	1.400	-4.900	-2.600
-0.300	0.100	-2.900	4.100	-2.500	-4.800	1.300	-5.100	-2.600	-2.100	-3.800	-1.700	-2.400	-7.000	-0.800	-7.400	0.200	-8.800	-7.200	-3.600	-3.600	2.800	5.000	-8.300	1.000	1.600	-3.900	-2.700	0.000	-6.100	2.500	0.400	-3.900	2.700	-2.900	3.900	-3.100	-1.500	-7.400	-5.300	0.300	-7.400	1.400	-2.300	-5.900	-1.500	-4.900	-5.200	-4.800	-3.800	7.000	-1.100	-2.600	-0.600	-2.900	-8.600
-10.300	1.100	-2.900	-5.900	-6.500	-4.800	-4.700	-5.100	-5.600	-0.100	-0.800	-0.700	-3.400	-4.000	-5.800	-0.400	-2.800	-2.800	-4.200	1.400	-6.600	-2.200	-2.000	-3.300	4.000	1.600	-3.900	-1.700	-4.000	-2.100	-5.500	-6.600	-0.900	-2.300	-8.900	-1.100	-7.100	-3.500	4.600	-1.300	0.300	-5.400	-4.600	0.700	1.100	1.500	-3.900	-0.200	-3.800	0.200	-1.000	-3.100	-2.600	2.400	-0.900	1.400
-5.300	-4.900	-0.900	-1.900	-4.500	1.200	0.300	-0.100	-1.600	-4.100	-2.800	2.300	-2.400	-1.000	-3.800	-5.400	-7.800	2.200	-0.200	0.400	-9.600	-3.200	-6.000	1.700	8.000	3.600	-2.900	-5.700	5.000	-3.100	-4.500	-2.600	-6.900	-6.300	-1.900	-0.100	-3.100	-4.500	1.600	-8.300	-1.700	-0.400	3.400	-3.300	-3.900	-4.500	3.100	1.800	-2.800	0.200	-2.000	2.900	5.400	1.400	-4.900	-1.600
-2.300	-9.900	-2.900	-1.900	-7.500	-2.800	-6.700	-6.100	-3.600	-5.100	-2.800	-8.700	-4.400	-2.000	2.200	-2.400	-3.800	3.200	3.800	0.400	-7.600	-1.200	1.000	0.700	6.000	-0.400	-8.900	-0.700	-2.000	-5.100	-6.500	-9.600	-5.900	2.700	-0.900	2.900	-9.100	1.500	1.600	-3.300	2.300	-3.400	-4.600	-0.300	-7.900	0.500	-3.900	-3.200	-4.800	-3.800	-7.000	0.900	-1.600	-9.600	-6.900	0.400
-5.300	-3.900	-1.900	-0.900	-2.500	-0.800	1.300	-5.100	-5.600	-7.100	1.200	-5.700	-1.400	-1.000	-0.800	-1.400	-2.800	2.200	-3.200	-2.600	2.400	-5.200	-3.000	0.700	2.000	-2.400	1.100	0.300	-4.000	-4.100	-4.500	-0.600	-0.900	-4.300	-0.900	-3.100	-1.100	1.500	8.600	-3.300	2.300	-4.400	-3.600	-0.300	-3.900	-3.500	-1.900	3.800	-3.800	-4.800	-5.000	-3.100	-2.600	-5.600	1.100	-1.600
0.700	1.100	3.100	-0.900	-7.500	4.200	-6.700	-7.100	-8.600	-0.100	-4.800	-3.700	3.600	-6.000	-1.800	1.600	-4.800	-7.800	1.800	-5.600	-8.600	-0.200	6.000	-4.300	3.000	4.600	-5.900	-1.700	1.000	-0.100	-6.500	-4.600	-1.900	-3.300	-2.900	-2.100	-0.100	-2.500	-0.400	-5.300	1.300	-3.400	-2.600	-3.300	-0.900	-0.500	-3.900	0.800	-8.800	-0.800	-2.000	-6.100	2.400	-1.600	-3.900	-3.600
2.700	-0.900	-1.900	-0.900	1.500	-5.800	-6.700	-6.100	-2.600	-4.100	-4.800	-6.700	-5.400	-4.000	-4.800	-0.400	-3.800	-2.800	1.800	-1.600	-7.600	0.800	-2.000	-1.300	0.000	-0.400	-7.900	-2.700	5.000	-1.100	-1.500	-3.600	1.100	-3.300	-3.900	-0.100	-0.100	-2.500	3.600	-8.300	-4.700	-3.400	0.400	-5.300	0.100	-0.500	-4.900	1.800	-2.800	-3.800	-4.000	-2.100	-3.600	-5.600	-9.900	3.400
-3.300	-3.900	3.100	-1.900	-3.500	-4.800	-5.700	-1.100	-0.600	-6.100	2.200	-3.700	-2.400	-3.000	-5.800	-2.400	1.200	-3.800	-3.200	-3.600	1.400	-4.200	8.000	1.700	1.000	-2.400	4.100	0.300	-1.000	-2.100	-3.500	-3.600	-2.900	2.700	-2.900	0.900	-7.100	1.500	-1.400	-1.300	-2.700	-0.400	-3.600	-0.300	-2.900	-1.500	0.100	2.800	-2.800	-4.800	-5.000	-8.100	0.400	-1.600	-7.900	-2.600
5.700	-1.900	-4.900	-3.900	-4.500	-4.800	0.300	1.900	-4.600	-2.100	-4.800	-2.700	-4.400	-5.000	-1.800	-2.400	-3.800	0.200	0.800	-5.600	-4.600	-1.200	-1.000	0.700	2.000	-1.400	-4.900	-5.700	5.000	-4.100	-4.500	-3.600	-3.900	-2.300	-0.900	-1.100	-1.100	-2.500	-3.400	-3.300	6.300	-3.400	1.400	2.700	-4.900	-2.500	-4.900	-4.200	-3.800	-6.800	-1.000	-4.100	0.400	-5.600	-4.900	1.400
-3.300	-1.900	-3.900	-4.900	-4.500	-6.800	-5.700	-8.100	-6.600	-4.100	-3.800	-1.700	-3.400	4.000	-0.800	-12.400	-1.800	-1.800	-4.200	6.400	-3.600	-0.200	3.000	0.700	1.000	0.600	-5.900	-1.700	2.000	-7.100	-0.500	-5.600	-0.900	2.700	-7.900	-2.100	-3.100	3.500	-1.400	-2.300	-6.700	1.600	1.400	-5.300	2.100	-2.500	-3.900	2.800	-8.800	1.200	0.000	-3.100	2.400	0.400	1.100	-1.600
-0.300	2.100	-1.900	-1.900	4.500	-2.800	-7.700	-9.100	-1.600	-2.100	-5.800	-1.700	-4.400	4.000	-2.800	-7.400	3.200	0.200	-3.200	2.400	-10.600	-6.200	-2.000	1.700	1.000	-0.400	-1.900	1.300	-3.000	-3.100	0.500	-3.600	-4.900	3.700	0.100	-0.100	-5.100	0.500	2.600	-2.300	-0.700	-7.400	2.400	0.700	-4.900	2.500	-4.900	-8.200	3.200	-2.800	-6.000	-1.100	-4.600	-6.600	-0.900	0.400
1.700	1.100	-6.900	-4.900	0.500	-3.800	-2.700	-4.100	0.400	-6.100	-2.800	-3.700	-6.400	-8.000	-1.800	1.600	1.200	-4.800	-2.200	-3.600	-6.600	-0.200	2.000	-4.300	4.000	8.600	-1.900	-2.700	-4.000	-0.100	-0.500	-7.600	-3.900	5.700	-3.900	-0.100	-2.100	-0.500	-7.400	2.700	-3.700	-3.400	5.400	3.700	3.100	2.500	-3.900	0.800	-8.800	-4.800	-3.000	-3.100	-1.600	-8.600	-1.900	2.400
-4.300	1.100	4.100	-3.900	-1.500	-4.800	-3.700	-4.100	-3.600	-4.100	-8.800	-4.700	-1.400	-11.000	-4.800	-5.400	-2.800	-6.800	-7.200	4.400	0.400	0.800	-1.000	-0.300	-5.000	3.600	2.100	-2.700	-4.000	-0.100	-0.500	-4.600	-1.900	4.700	-4.900	-1.100	-1.100	-2.500	-0.400	-0.300	-0.700	0.600	1.400	-2.300	-4.900	0.500	1.100	-6.200	-2.800	-3.800	-5.000	-9.100	0.400	-9.600	-8.900	0.400
0.700	-1.900	0.100	0.100	-5.500	-6.800	-4.700	-3.100	-8.600	-7.100	4.200	-1.700	-6.400	-9.000	-5.800	-0.400	0.200	-4.800	-3.200	0.400	-2.600	-5.200	1.000	-3.300	4.000	-1.400	-5.900	-7.700	-2.000	-0.100	-6.500	-5.600	2.100	-4.300	-6.900	-0.100	-6.100	-5.500	2.600	-2.300	-0.700	-0.400	-6.600	-6.300	-10.900	2.500	-0.900	-1.200	-6.800	-5.800	-4.000	-3.100	0.400	-2.600	2.100	-3.600
1.700	-0.900	2.100	8.100	-5.500	-3.800	-9.700	-0.100	-6.600	-3.100	0.200	-3.700	-6.400	-9.000	-3.800	-8.400	-3.800	-3.800	-7.200	0.400	-5.600	0.800	2.000	-2.300	7.000	2.600	-10.900	-1.700	0.000	2.900	-1.500	-9.600	3.100	0.700	-4.900	0.900	-0.100	1.500	-0.400	-3.300	-1.700	-1.400	-2.600	-1.300	-1.900	-0.500	-4.900	-4.200	-6.800	3.200	-4.000	4.900	-3.600	-5.600	-8.900	-2.600
-4.300	-4.900	1.100	-1.900	-5.500	-1.800	-2.700	-7.100	-5.600	-5.100	0.200	-5.700	-6.400	-4.000	-6.800	-0.400	-4.800	-0.800	-3.200	0.400	-7.600	-1.200	1.000	2.700	-2.000	-0.400	-10.900	-0.700	-2.000	-3.100	-5.500	-5.600	0.100	-0.300	-1.900	-4.100	-1.100	2.500	2.600	-6.300	-0.700	-5.400	-4.600	-0.300	-3.900	-5.500	-3.900	4.800	-3.800	-8.800	-4.000	-5.100	-5.600	-4.600	-4.900	-6.600
-2.300	3.100	-1.900	-3.900	-3.500	-5.800	-1.700	-6.100	-1.600	0.900	-1.800	-4.700	-0.400	-1.000	-2.800	-1.400	-3.800	-2.800	0.800	0.400	-8.600	-5.200	0.000	1.700	-1.000	0.600	-4.900	-2.700	-1.000	-0.100	0.500	-4.600	-4.900	2.700	-5.900	-1.100	-1.100	-2.500	-6.400	-6.300	-8.700	2.600	1.400	1.700	-6.900	1.500	-0.900	-3.200	-5.800	-5.800	-2.000	-4.100	-4.600	-5.600	-2.900	2.400
2.700	-6.900	3.100	-0.900	-3.500	-6.800	-3.700	-6.100	-3.600	-1.100	-1.800	-9.700	-4.400	2.000	-0.800	0.600	-5.800	-3.800	0.800	-5.600	-3.600	-0.200	2.000	2.700	1.000	4.600	-4.900	0.300	3.000	-3.100	2.500	0.400	-1.900	-2.300	-8.900	-4.100	3.900	-0.500	-2.400	-7.300	-1.700	-1.400	0.400	1.700	-3.900	1.500	-7.900	-5.200	-5.800	-3.800	2.000	-3.100	1.400	0.400	-2.900	-3.600
-0.300	-3.900	-4.900	-2.900	-1.500	-4.800	-3.700	-1.100	-2.600	-1.100	-5.800	-1.700	-9.400	-2.000	1.200	1.600	-3.800	-0.800	0.800	-4.600	-6.600	4.800	4.000	2.700	2.000	2.600	-6.900	-0.700	0.000	-1.100	-1.500	-7.600	-4.900	-1.300	0.100	-3.100	-5.100	3.500	2.600	-4.300	1.300	-3.400	-1.600	8.700	-0.900	-2.500	-8.900	-2.200	-7.800	-2.800	-2.000	-4.100	2.400	-9.600	0.100	-2.600
-1.300	3.100	-2.900	-2.900	-1.500	-6.800	-1.700	-2.100	-1.600	-8.100	-0.800	-2.700	-4.400	1.000	-4.800	-5.400	-0.800	-2.800	-5.200	-1.600	-4.600	-2.200	1.000	0.700	3.000	-8.400	-4.900	1.300	0.000	-5.100	-3.500	-2.600	0.100	0.700	0.100	0.900	-4.100	-4.500	-6.400	-5.300	-7.700	-2.400	4.400	0.700	-5.900	-3.500	-4.900	-0.200	-6.800	-1.800	-4.000	-0.100	-8.600	-0.600	3.100	-3.600
-0.300	-0.900	-1.900	1.100	-3.500	-4.800	-12.700	-4.100	-1.600	-5.100	0.200	-3.700	-6.400	-3.000	-5.800	-3.400	0.200	-2.800	-4.200	-0.600	-4.600	-3.200	1.000	2.700	3.000	-0.400	-4.900	-4.700	4.000	0.900	-4.500	-0.600	-3.900	-0.300	-1.900	-5.100	-4.100	-2.500	0.600	-6.300	-3.700	-1.400	6.400	-0.300	-2.900	0.500	-4.900	-0.200	-10.800	-2.800	5.000	-7.100	-4.600	-0.600	-4.900	1.400
-2.300	-1.900	0.100	-1.900	-0.500	-2.800	0.300	-3.100	-3.600	-4.100	3.200	-5.700	-3.400	6.000	1.200	1.600	-3.800	2.200	-3.200	-4.600	-10.600	0.800	-1.000	1.700	1.000	1.600	-2.900	-3.700	-2.000	-0.100	0.500	-4.600	-1.900	5.700	-0.900	-3.100	-0.100	-0.500	-0.400	-6.300	-1.700	-1.400	-1.600	3.700	1.100	-6.500	-5.900	-1.200	-2.800	3.200	-6.000	-8.100	-2.600	-3.600	-7.900	-0.600
-2.300	-3.900	-1.900	4.100	2.500	-3.800	-5.700	-0.100	-3.600	-7.100	1.200	-2.700	-0.400	1.000	-4.800	-0.400	-5.800	-3.800	-2.200	-4.600	-2.600	-1.200	-1.000	-1.300	-5.000	-1.400	-3.900	0.300	-3.000	-10.100	-4.500	0.400	0.100	-1.300	-2.900	-1.100	-6.100	1.500	4.600	-7.300	2.300	7.600	-1.600	1.700	-5.900	-0.500	-3.900	-4.200	-6.800	0.200	-8.000	-1.100	2.400	-4.600	0.100	1.400
-4.300	-5.900	4.100	0.100	1.500	-8.800	-3.700	-4.100	-6.600	-2.100	0.200	-2.700	-4.400	-7.000	-0.800	-1.400	-3.800	1.200	-2.200	1.400	-5.600	-1.200	0.000	-1.300	2.000	7.600	-5.900	-0.700	-7.000	-3.100	-6.500	-1.600	-0.900	0.700	-5.900	-1.100	-4.100	0.500	-0.400	-1.300	-2.700	0.600	-1.600	2.700	-3.900	-3.500	0.100	-2.200	-4.800	-4.800	4.000	-5.100	-2.600	-4.600	-8.900	2.400
0.700	-6.900	-2.900	-5.900	-4.500	-2.800	-1.700	0.900	-1.600	-3.100	-7.800	-7.700	-2.400	0.000	-3.800	-1.400	-2.800	-0.800	-0.200	1.400	0.400	-4.200	2.000	4.700	-1.000	1.600	-3.900	-4.700	-4.000	-1.100	-3.500	-4.600	2.100	6.700	-1.900	-7.100	-6.100	-3.500	-1.400	-2.300	-1.700	0.600	3.400	-3.300	-0.900	-5.500	-2.900	-2.200	-1.800	2.200	-1.000	-8.100	-4.600	-4.600	-6.900	-4.600
-0.300	2.100	-0.900	-2.900	-7.500	-8.800	-1.700	-3.100	-1.600	1.900	-5.800	-4.700	-9.400	-3.000	-3.800	-4.400	-6.800	0.200	4.800	5.400	-7.600	1.800	3.000	-0.300	6.000	-2.400	3.100	0.300	-2.000	-5.100	-0.500	-6.600	0.100	-4.300	-0.900	0.900	-4.100	-1.500	1.600	-4.300	-3.700	0.600	3.400	4.700	0.100	-3.500	-6.900	-2.200	-0.800	-3.800	-5.000	-3.100	0.400	0.400	-5.900	-2.600
-2.300	-2.900	1.100	2.100	-7.500	-6.800	-4.700	-8.100	-1.600	2.900	-9.800	1.300	-4.400	2.000	4.200	-3.400	0.200	-4.800	-3.200	-0.600	-7.600	-0.200	-5.000	4.700	4.000	4.600	-4.900	0.300	-1.000	-2.100	-4.500	-2.600	0.100	-1.300	-0.900	-2.100	-7.100	2.500	1.600	2.700	-1.700	-3.400	-1.600	-1.300	-0.900	0.500	-1.900	0.800	-5.800	-0.800	-5.000	-2.100	-2.600	-3.600	-2.900	0.400
-1.300	-0.900	-2.900	2.100	-4.500	-1.800	-5.700	0.900	-3.600	-3.100	0.200	-1.700	-4.400	1.000	0.200	-3.400	-7.800	-1.800	-1.200	0.400	-5.600	1.800	-1.000	-4.300	-2.000	-6.400	-6.900	-0.700	0.000	-3.100	-4.500	-1.600	0.100	-2.300	0.100	2.900	0.900	-1.500	2.600	-5.300	-0.700	-4.400	-2.600	0.700	-1.900	-5.500	-5.900	-0.200	-3.800	-2.800	-4.000	-1.100	0.400	-4.600	-3.900	-0.600
1.700	-5.900	-5.900	3.100	-3.500	-2.800	-3.700	-1.100	-3.600	-5.100	-2.800	0.300	-6.400	-3.000	-0.800	-3.400	-6.800	-5.800	-5.200	1.400	-7.600	-2.200	4.000	3.700	1.000	-4.400	-6.900	-0.700	1.000	-4.100	-5.500	-2.600	-2.900	-5.300	-0.900	-0.100	-2.100	-6.500	-0.400	-1.300	-0.700	-8.400	-1.600	2.700	-2.900	-3.500	-0.900	3.800	-1.800	4.200	0.000	-5.100	4.400	-2.600	-2.900	-0.600
-1.300	-2.900	-4.900	3.100	-3.500	-3.800	-2.700	-0.100	-9.600	-4.100	-5.800	-5.700	-8.400	1.000	-2.800	4.600	-6.800	4.200	2.800	0.400	-2.600	-0.200	0.000	0.700	1.000	-1.400	0.100	-4.700	-3.000	-0.100	-5.500	-3.600	4.100	1.700	-6.900	-0.100	-4.100	-4.500	5.600	-7.300	-0.700	-3.400	-0.600	-0.300	-6.900	-0.500	-0.900	-3.200	-4.800	-0.800	-7.000	-1.100	-2.600	-0.600	1.100	-2.600
2.700	-5.900	-4.900	3.100	-1.500	3.200	-3.700	-6.100	0.400	-3.100	-2.800	-3.700	0.600	-3.000	3.200	-2.400	-5.800	-0.800	-1.200	0.400	-7.600	3.800	1.000	-4.300	10.000	3.600	-11.900	-4.700	-1.000	2.900	-4.500	-2.600	-4.900	-2.300	-7.900	-5.100	-5.100	0.500	2.600	-7.300	1.300	-4.400	3.400	-5.300	2.100	-1.500	-0.900	-6.200	-8.800	-0.800	1.000	-2.100	-0.600	-7.600	1.100	-7.600
2.700	2.100	-1.900	1.100	-0.500	-3.800	-2.700	-2.100	0.400	-2.100	-2.800	-3.700	2.600	1.000	-4.800	-1.400	-4.800	-4.800	-0.200	1.400	-8.600	-0.200	-2.000	-2.300	7.000	-2.400	-4.900	-4.700	0.000	-7.100	-0.500	-6.600	-1.900	-0.300	-5.900	-5.100	-2.100	-2.500	-0.400	-10.300	-1.700	-8.400	-3.600	1.700	1.100	-4.500	-5.900	-5.200	-2.800	-6.800	-5.000	-8.100	1.400	-4.600	-3.900	1.400
-7.300	-3.900	0.100	1.100	-0.500	-7.800	0.300	-2.100	-1.600	-5.100	-5.800	-0.700	-8.400	-1.000	-4.800	-1.400	-2.800	-3.800	-4.200	-5.600	-1.600	3.800	8.000	0.700	-3.000	-5.400	-2.900	-2.700	-8.000	-4.100	-4.500	-2.600	-2.900	2.700	-0.900	-3.100	-2.100	1.500	0.600	-4.300	-1.700	-1.400	2.400	-6.300	-2.900	-2.500	-3.900	4.800	-2.800	3.200	-2.000	-10.100	-2.600	-3.600	-4.900	-3.600
-1.300	3.100	-1.900	2.100	-3.500	-6.800	-4.700	-3.100	1.400	-3.100	0.200	-8.700	-2.400	-9.000	-5.800	0.600	1.200	1.200	-7.200	4.400	-6.600	1.800	6.000	-4.300	4.000	-0.400	-2.900	1.300	-3.000	-5.100	-0.500	-4.600	-6.900	-3.300	-2.900	0.900	-3.100	-2.500	-1.400	-6.300	-9.700	-2.400	-1.600	1.700	-9.900	1.500	-4.900	2.800	-1.800	2.200	-5.000	-3.100	-0.600	-2.600	-1.900	2.400
-9.300	-2.900	-2.900	-1.900	-5.500	-4.800	-4.700	1.900	-1.600	-1.100	-2.800	0.300	-3.400	-9.000	1.200	2.600	3.200	-6.800	-2.200	0.400	-8.600	-1.200	-2.000	-0.300	-4.000	-1.400	-1.900	-3.700	-4.000	-7.100	-6.500	-7.600	0.100	-0.300	-6.900	-2.100	-3.100	-4.500	5.600	-5.300	0.300	-1.400	3.400	0.700	-4.900	-3.500	-0.900	-2.200	-6.800	-1.800	-10.000	-3.100	-5.600	-2.600	-4.900	0.400
-5.300	-5.900	2.100	-1.900	-8.500	-3.800	-2.700	-2.100	-4.600	5.900	-8.800	0.300	-1.400	-5.000	-2.800	-3.400	-2.800	0.200	-1.200	-0.600	-1.600	-4.200	-5.000	-1.300	2.000	-0.400	-1.900	-9.700	4.000	-3.100	0.500	-2.600	0.100	6.700	-1.900	-4.100	-8.100	0.500	7.600	-5.300	-0.700	1.600	0.400	-1.300	-1.900	-5.500	-3.900	2.800	-4.800	-2.800	-7.000	2.900	2.400	-7.600	-4.900	-3.600
-1.300	-5.900	-1.900	3.100	0.500	-12.800	-4.700	-2.100	-0.600	-8.100	-6.800	-1.700	-1.400	-5.000	-1.800	-5.400	-3.800	-6.800	-2.200	-2.600	-6.600	-3.200	-2.000	-3.300	-4.000	1.600	-5.900	-2.700	1.000	1.900	-6.500	-7.600	0.100	5.700	-3.900	-7.100	-8.100	-5.500	0.600	-3.300	1.300	-2.400	3.400	-4.300	0.100	-1.500	-1.900	-5.200	-1.800	-3.800	-4.000	-1.100	-3.600	-4.600	-4.900	-2.600
-2.300	-5.900	2.100	0.100	-3.500	-4.800	-2.700	1.900	-3.600	-6.100	-1.800	-4.700	-6.400	-3.000	2.200	-5.400	-4.800	-6.800	-2.200	-2.600	-2.600	-0.200	-3.000	1.700	3.000	-5.400	-5.900	-3.700	-1.000	-8.100	-4.500	1.400	1.100	-3.300	-6.900	0.900	-2.100	0.500	3.600	-4.300	-5.700	-3.400	1.400	1.700	-1.900	-1.500	-3.900	-2.200	-0.800	0.200	-6.000	-2.100	-4.600	-0.600	3.100	0.400
0.700	-3.900	-0.900	-7.900	-2.500	-3.800	-8.700	-2.100	1.400	-6.100	-5.800	0.300	-4.400	-2.000	-4.800	0.600	0.200	-1.800	-2.200	-2.600	-7.600	-0.200	2.000	-3.300	-1.000	-2.400	-9.900	2.300	-4.000	-2.100	-2.500	-6.600	-0.900	-2.300	-3.900	-1.100	0.900	-4.500	1.600	-6.300	-1.700	-1.400	-5.600	-0.300	-2.900	-1.500	-4.900	3.800	-5.800	4.200	2.000	-2.100	-4.600	-6.600	-3.900	5.400
-2.300	-4.900	-7.900	1.100	-4.500	-2.800	-7.700	1.900	-4.600	-6.100	-7.800	-5.700	-0.400	-1.000	3.200	-4.400	-11.800	-2.800	-11.200	2.400	-2.600	-2.200	-1.000	-3.300	1.000	-0.400	-3.900	-2.700	-4.000	-4.100	-1.500	-3.600	1.100	-7.300	-1.900	1.900	-3.100	-1.500	-6.400	1.700	-3.700	-6.400	-5.600	3.700	1.100	-0.500	-3.900	-0.200	-6.800	-1.800	2.000	0.900	2.400	-3.600	-3.900	-3.600
-1.300	-4.900	-2.900	2.100	-2.500	-8.800	-3.700	-2.100	-0.600	-1.100	-7.800	-2.700	-2.400	-2.000	-2.800	-5.400	-5.800	-4.800	-3.200	-4.600	-3.600	0.800	1.000	-4.300	0.000	-4.400	-1.900	1.300	-4.000	-3.100	-2.500	-5.600	-3.900	3.700	-3.900	-0.100	-4.100	1.500	1.600	-7.300	0.300	-3.400	-0.600	-2.300	-0.900	1.500	-6.900	-6.200	-2.800	2.200	-7.000	0.900	2.400	-3.600	0.100	2.400
1.700	-0.900	0.100	0.100	-1.500	-2.800	-3.700	-0.100	-3.600	2.900	-1.800	-2.700	-3.400	1.000	-4.800	0.600	-1.800	0.200	0.800	-2.600	-8.600	3.800	1.000	1.700	9.000	-5.400	-6.900	1.300	-6.000	-6.100	-2.500	-2.600	5.100	3.700	-8.900	3.900	-2.100	-0.500	-2.400	-4.300	-2.700	-8.400	0.400	1.700	-2.900	2.500	-6.900	1.800	-8.800	-0.800	-3.000	-7.100	-2.600	-4.600	-5.900	0.400
-1.300	-3.900	-2.900	2.100	-3.500	-0.800	-5.700	3.900	-2.600	-2.100	-4.800	-1.700	0.600	-2.000	-4.800	-3.400	3.200	-5.800	-1.200	1.400	-7.600	-2.200	5.000	-3.300	-1.000	-6.400	2.100	-1.700	0.000	-6.100	4.500	0.400	1.100	1.700	-1.900	1.900	-3.100	-1.500	2.600	-4.300	3.300	-1.400	3.400	-5.300	-1.900	1.500	-1.900	0.800	-0.800	1.200	-2.000	-4.100	4.400	0.400	-2.900	-5.600
-1.300	-2.900	1.100	-3.900	-3.500	1.200	-2.700	-6.100	-2.600	-4.100	-6.800	-1.700	-4.400	-3.000	-2.800	-0.400	-7.800	-2.800	0.800	-1.600	-9.600	-1.200	-2.000	-0.300	-3.000	-1.400	-10.900	-2.700	-4.000	-2.100	0.500	-2.600	-2.900	5.700	-6.900	0.900	-4.100	-4.500	0.600	-6.300	-4.700	0.600	1.400	-0.300	2.100	1.500	-7.900	2.800	-4.800	-2.800	-1.000	-0.100	-0.600	-2.600	-8.900	-1.600
-0.300	-3.900	-4.900	2.100	-3.500	-5.800	-1.700	1.900	-6.600	-7.100	-0.800	-3.700	-4.400	4.000	0.200	-0.400	-3.800	-3.800	-0.200	2.400	-10.600	0.800	1.000	-8.300	1.000	8.600	-9.900	3.300	3.000	-3.100	-5.500	-3.600	-5.900	-2.300	-4.900	-4.100	-0.100	-5.500	-6.400	-4.300	-1.700	0.600	-4.600	-4.300	-5.900	-3.500	-2.900	-0.200	-7.800	-2.800	-1.000	1.900	-0.600	-3.600	-5.900	-2.600
-0.300	-1.900	-2.900	-1.900	-3.500	-1.800	-3.700	-1.100	-1.600	-2.100	-2.800	-3.700	-4.400	0.000	-6.800	0.600	-3.800	-4.800	-4.200	-2.600	-4.600	-3.200	-2.000	-3.300	4.000	6.600	-3.900	0.300	-2.000	3.900	-5.500	-12.600	-1.900	2.700	-2.900	-0.100	-0.100	3.500	-1.400	-9.300	2.300	-4.400	-0.600	-5.300	2.100	-0.500	-3.900	-0.200	-4.800	3.200	-4.000	-6.100	3.400	-4.600	-4.900	2.400
-3.300	-7.900	-0.900	-4.900	-2.500	-6.800	-5.700	0.900	-1.600	-1.100	-7.800	-2.700	-4.400	2.000	4.200	-3.400	0.200	-1.800	1.800	-0.600	-8.600	-3.200	2.000	-2.300	0.000	0.600	-6.900	-1.700	-5.000	-3.100	0.500	-3.600	-3.900	1.700	0.100	3.900	1.900	-0.500	2.600	-5.300	0.300	-6.400	-0.600	1.700	-3.900	6.500	-0.900	-2.200	1.200	-6.800	-10.000	0.900	-0.600	-1.600	-6.900	-0.600
1.700	-2.900	1.100	2.100	-5.500	-6.800	-2.700	-5.100	-4.600	0.900	-8.800	1.300	-0.400	1.000	0.200	-0.400	-1.800	-8.800	-2.200	-1.600	-2.600	3.800	4.000	-2.300	5.000	8.600	-6.900	-0.700	-3.000	-2.100	1.500	-6.600	0.100	4.700	-5.900	1.900	-1.100	0.500	1.600	-6.300	-0.700	-0.400	1.400	0.700	4.100	-0.500	-7.900	-7.200	-6.800	0.200	1.000	-6.100	-1.600	-4.600	-2.900	4.400
-4.300	-1.900	-3.900	-3.900	-5.500	-3.800	-4.700	-4.100	2.400	-6.100	2.200	-2.700	-4.400	-1.000	-6.800	-3.400	-1.800	-2.800	-1.200	6.400	0.400	0.800	0.000	-2.300	4.000	-3.400	-4.900	-0.700	-10.000	-6.100	-6.500	-4.600	4.100	1.700	-2.900	-3.100	-5.100	-4.500	2.600	-7.300	-1.700	0.600	0.400	3.700	-2.900	-3.500	0.100	-1.200	-6.800	-3.800	-9.000	2.900	-0.600	-3.600	-0.900	-2.600
1.700	-6.900	0.100	-3.900	-4.500	-1.800	-9.700	-1.100	-1.600	0.900	-3.800	-5.700	-7.400	-6.000	5.200	-2.400	-2.800	-3.800	-1.200	-0.600	-8.600	-0.200	7.000	-1.300	-3.000	2.600	4.100	-2.700	-3.000	1.900	1.500	-1.600	3.100	-1.300	-2.900	4.900	0.900	-2.500	-1.400	-2.300	-1.700	-1.400	1.400	-1.300	0.100	3.500	-3.900	-3.200	-5.800	0.200	-3.000	-2.100	-4.600	-3.600	0.100	-1.600
2.700	-5.900	0.100	3.100	-3.500	-3.800	-2.700	-1.100	-4.600	-2.100	-2.800	-1.700	-3.400	-5.000	3.200	-1.400	-2.800	0.200	2.800	0.400	-5.600	-0.200	-6.000	-4.300	0.000	-6.400	-2.900	3.300	-1.000	0.900	-5.500	-3.600	3.100	-0.300	-4.900	3.900	-5.100	-2.500	0.600	-6.300	-8.700	-5.400	-4.600	-0.300	-1.900	-0.500	-0.900	-2.200	-1.800	-3.800	-2.000	-9.100	0.400	-0.600	-4.900	-2.600
-2.300	-6.900	-8.900	1.100	-0.500	-6.800	-3.700	-2.100	-1.600	-8.100	-6.800	-1.700	-5.400	-6.000	-0.800	1.600	-1.800	-1.800	-1.200	-0.600	-5.600	-0.200	-1.000	3.700	-4.000	1.600	-3.900	0.300	0.000	0.900	0.500	-2.600	-0.900	2.700	-0.900	-3.100	-6.100	-0.500	-0.400	-5.300	1.300	-5.400	1.400	-6.300	-0.900	0.500	-1.900	1.800	-5.800	0.200	3.000	-2.100	-1.600	-3.600	-1.900	-1.600
-6.300	-0.900	-5.900	2.100	-5.500	-7.800	-5.700	-6.100	-1.600	-1.100	-7.800	-2.700	-4.400	-6.000	-1.800	-2.400	5.200	-0.800	0.800	-0.600	-5.600	-2.200	-1.000	1.700	0.000	-2.400	-3.900	-1.700	-7.000	-3.100	-4.500	-2.600	-0.900	-1.300	-7.900	-2.100	-4.100	-1.500	2.600	0.700	-1.700	-1.400	-0.600	1.700	0.100	0.500	-4.900	-2.200	-4.800	-5.800	-2.000	-7.100	0.400	-2.600	-5.900	-3.600
0.700	-5.900	-6.900	0.100	-3.500	-1.800	-5.700	-3.100	-4.600	1.900	5.200	-9.700	-0.400	-2.000	-1.800	-2.400	-3.800	-6.800	6.800	-6.600	-4.600	-5.200	1.000	-2.300	3.000	3.600	-1.900	-5.700	2.000	-0.100	-4.500	-14.600	-5.900	-1.300	-9.900	0.900	-5.100	-1.500	-3.400	-4.300	-1.700	-2.400	2.400	-3.300	-7.900	-1.500	-2.900	-0.200	-7.800	-1.800	-2.000	0.900	4.400	-3.600	-8.900	-6.600
0.700	-1.900	-1.900	1.100	-2.500	-0.800	3.300	-0.100	-8.600	-6.100	-7.800	-9.700	-1.400	-3.000	1.200	-4.400	-3.800	1.200	1.800	-2.600	-5.600	-1.200	3.000	1.700	2.000	-7.400	0.100	-6.700	-4.000	-7.100	3.500	-6.600	-0.900	1.700	-2.900	-0.100	-1.100	-2.500	0.600	-0.300	-5.700	-2.400	2.400	-3.300	-4.900	-1.500	-10.900	3.800	-6.800	-1.800	-7.000	-6.100	-3.600	-2.600	-5.900	0.400
6.700	3.100	-1.900	-5.900	-2.500	-4.800	-0.700	-4.100	-5.600	-1.100	-5.800	-3.700	-1.400	-1.000	5.200	-6.400	-3.800	-3.800	1.800	2.400	-3.600	-1.200	-1.000	-3.300	3.000	0.600	-2.900	-4.700	-2.000	-1.100	-1.500	-1.600	-3.900	6.700	-0.900	-1.100	-3.100	-0.500	-1.400	-2.300	-0.700	-4.400	-0.600	-2.300	-2.900	3.500	-2.900	1.800	-7.800	0.200	-2.000	-4.100	-2.600	-1.600	-0.900	-0.600
-5.300	-5.900	-1.900	-3.900	-5.500	-4.800	-1.700	-4.100	-0.600	-5.100	2.200	1.300	-7.400	0.000	-2.800	-1.400	0.200	-3.800	-4.200	-1.600	-7.600	2.800	-2.000	1.700	2.000	-2.400	-0.900	-3.700	1.000	-5.100	-6.500	-0.600	-0.900	5.700	-6.900	-3.100	-6.100	-0.500	3.600	-7.300	-1.700	1.600	2.400	-3.300	-1.900	1.500	-1.900	-0.200	-0.800	-1.800	-8.000	-0.100	-0.600	-2.600	0.100	-4.600
-1.300	2.100	-1.900	-6.900	-3.500	-1.800	-5.700	-3.100	2.400	-3.100	-9.800	-0.700	-0.400	-2.000	-3.800	-0.400	-1.800	-1.800	-1.200	1.400	-8.600	0.800	-6.000	-3.300	2.000	0.600	-2.900	-4.700	4.000	-4.100	1.500	-4.600	-6.900	1.700	-6.900	2.900	-9.100	-7.500	6.600	-7.300	5.300	-1.400	-1.600	-1.300	-3.900	-1.500	-5.900	1.800	-6.800	-2.800	-1.000	0.900	3.400	0.400	-5.900	-5.600
-0.300	-2.900	0.100	-1.900	-5.500	-5.800	-5.700	-2.100	-8.600	-5.100	-2.800	-5.700	-2.400	-3.000	-3.800	3.600	-2.800	-2.800	-2.200	-0.600	-3.600	3.800	-5.000	-4.300	2.000	4.600	-1.900	-0.700	0.000	1.900	-5.500	-6.600	-2.900	-1.300	-4.900	-1.100	-3.100	-8.500	-0.400	-1.300	3.300	-8.400	2.400	-1.300	-0.900	-10.500	-2.900	-2.200	-8.800	-3.800	-1.000	-0.100	0.400	-3.600	-4.900	0.400
-0.300	2.100	-3.900	2.100	-4.500	-5.800	0.300	-5.100	0.400	-4.100	-5.800	-5.700	-7.400	-2.000	-0.800	-8.400	0.200	1.200	-1.200	-7.600	-5.600	4.800	3.000	-1.300	2.000	-3.400	-0.900	-0.700	-1.000	-1.100	-1.500	-1.600	0.100	2.700	-2.900	-2.100	-4.100	-0.500	-3.400	-4.300	3.300	3.600	-3.600	-1.300	-5.900	-0.500	-3.900	2.800	-5.800	-2.800	-2.000	-0.100	-3.600	0.400	4.100	1.400
-2.300	-3.900	-5.900	-0.900	-2.500	-3.800	-4.700	-9.100	2.400	-5.100	-2.800	-0.700	-3.400	-5.000	-4.800	-3.400	-4.800	-3.800	-2.200	1.400	-7.600	-2.200	1.000	-1.300	6.000	-1.400	-3.900	-0.700	-2.000	-0.100	1.500	-5.600	-3.900	-2.300	-10.900	0.900	1.900	4.500	3.600	1.700	-0.700	-5.400	-2.600	0.700	-1.900	4.500	-2.900	-1.200	-1.800	-1.800	0.000	-2.100	-4.600	-1.600	-4.900	0.400
1.700	1.100	2.100	-1.900	-1.500	-2.800	-0.700	-5.100	-1.600	0.900	-5.800	-2.700	1.600	0.000	-2.800	-7.400	-8.800	-3.800	-3.200	1.400	-5.600	-2.200	2.000	-3.300	-1.000	-4.400	-2.900	-4.700	2.000	-3.100	-2.500	-11.600	-4.900	-4.300	-4.900	-5.100	-0.100	2.500	0.600	-7.300	-1.700	-0.400	-3.600	-1.300	-4.900	-4.500	-3.900	-4.200	-3.800	-2.800	-1.000	0.900	-0.600	-4.600	1.100	-3.600
-4.300	-5.900	-2.900	5.100	-4.500	-0.800	-3.700	-2.100	-2.600	-2.100	-5.800	3.300	-4.400	1.000	-5.800	-1.400	-2.800	-5.800	-0.200	6.400	-7.600	5.800	8.000	-1.300	1.000	-7.400	-2.900	-0.700	-1.000	-5.100	-2.500	-8.600	-1.900	3.700	-5.900	-2.100	-0.100	-3.500	-1.400	-3.300	-3.700	-1.400	-5.600	1.700	-4.900	1.500	1.100	-1.200	-8.800	-1.800	-2.000	-3.100	-7.600	-2.600	-4.900	-0.600
1.700	-1.900	-2.900	5.100	-7.500	-3.800	-4.700	4.900	-0.600	1.900	-1.800	-2.700	-2.400	1.000	-1.800	2.600	-9.800	-4.800	-3.200	0.400	-3.600	0.800	-2.000	-3.300	-5.000	-2.400	-1.900	-3.700	-4.000	-2.100	-0.500	-1.600	-7.900	3.700	-2.900	-4.100	-2.100	1.500	-4.400	-5.300	-1.700	-5.400	1.400	-1.300	-6.900	5.500	-1.900	0.800	3.200	-5.800	-4.000	-2.100	-1.600	-4.600	-6.900	-4.600
3.700	-6.900	-3.900	1.100	-0.500	-5.800	-2.700	-2.100	-4.600	-3.100	-3.800	-2.700	-5.400	-7.000	-0.800	2.600	-3.800	-2.800	-6.200	-5.600	-6.600	-3.200	0.000	0.700	4.000	-3.400	-8.900	-4.700	2.000	-4.100	-1.500	-4.600	-3.900	-3.300	-1.900	-7.100	-3.100	1.500	-1.400	0.700	-2.700	-4.400	-1.600	-0.300	-3.900	0.500	-5.900	-5.200	-6.800	-2.800	1.000	-4.100	0.400	-1.600	-8.900	1.400
2.700	-1.900	-3.900	-1.900	-2.500	-6.800	-1.700	-2.100	-3.600	-3.100	-3.800	-5.700	1.600	1.000	-1.800	-3.400	-9.800	-5.800	2.800	-0.600	-4.600	-3.200	0.000	2.700	5.000	1.600	-6.900	2.300	-4.000	-0.100	-3.500	2.400	1.100	-2.300	-2.900	-5.100	-7.100	-1.500	-3.400	-3.300	-4.700	0.600	-1.600	-4.300	-3.900	-0.500	-3.900	-7.200	-0.800	-4.800	-5.000	-2.100	-6.600	-10.600	-5.900	-6.600
1.700	-5.900	2.100	-1.900	1.500	-8.800	-4.700	-3.100	1.400	-2.100	0.200	-2.700	-1.400	-2.000	-7.800	-9.400	-0.800	-3.800	-5.200	1.400	-8.600	-7.200	3.000	0.700	-2.000	-1.400	-4.900	-0.700	-10.000	-4.100	3.500	-3.600	-7.900	2.700	-0.900	1.900	-5.100	1.500	-0.400	-7.300	-3.700	-2.400	-0.600	-6.300	-3.900	-0.500	-4.900	-2.200	-4.800	-7.800	-3.000	-2.100	0.400	-3.600	-9.900	-4.600
-6.300	-4.900	-0.900	5.100	1.500	-1.800	-3.700	-1.100	-1.600	0.900	-5.800	-0.700	-6.400	1.000	-3.800	3.600	0.200	1.200	3.800	0.400	-1.600	-0.200	0.000	-4.300	1.000	0.600	-2.900	1.300	2.000	-4.100	-5.500	0.400	0.100	0.700	-7.900	-0.100	-4.100	-3.500	-1.400	-1.300	-3.700	-5.400	2.400	-4.300	-1.900	-3.500	-2.900	-8.200	-6.800	0.200	1.000	-1.100	1.400	-5.600	-13.900	1.400
6.700	-2.900	1.100	-0.900	-3.500	-5.800	-3.700	-2.100	-5.600	-3.100	-3.800	-5.700	-6.400	-2.000	-5.800	-2.400	-1.800	-2.800	-8.200	-2.600	-9.600	-9.200	-2.000	-0.300	2.000	-0.400	-2.900	0.300	-1.000	-2.100	-3.500	-9.600	-1.900	-1.300	0.100	-8.100	-1.100	-1.500	3.600	-4.300	-3.700	-3.400	-4.600	-1.300	-5.900	-0.500	-2.900	-7.200	-5.800	-1.800	6.000	-3.100	-4.600	-1.600	-3.900	-2.600
-3.300	-0.900	-1.900	4.100	1.500	-3.800	-8.700	-7.100	-3.600	-2.100	0.200	-2.700	-1.400	-8.000	-3.800	1.600	-2.800	-5.800	-3.200	3.400	-2.600	1.800	2.000	-2.300	2.000	-0.400	-4.900	-3.700	-1.000	-2.100	-1.500	-5.600	-0.900	1.700	-3.900	-1.100	0.900	-2.500	2.600	-2.300	-8.700	0.600	1.400	-5.300	-0.900	-4.500	-3.900	-1.200	-5.800	3.200	-6.000	-1.100	3.400	-1.600	-3.900	-0.600
0.700	-1.900	-2.900	-6.900	0.500	-3.800	-4.700	-3.100	-3.600	-8.100	-4.800	-1.700	-2.400	-3.000	0.200	-3.400	3.200	-2.800	-0.200	-1.600	-9.600	0.800	4.000	-9.300	-1.000	-5.400	-3.900	1.300	-7.000	-3.100	-2.500	-2.600	-2.900	5.700	-0.900	-2.100	-1.100	0.500	-1.400	-5.300	0.300	-8.400	5.400	2.700	-5.900	0.500	-6.900	-5.200	-6.800	-0.800	-7.000	-3.100	-2.600	-2.600	1.100	-3.600
-3.300	-7.900	-8.900	3.100	-4.500	-3.800	-4.700	-2.100	-7.600	-0.100	-3.800	-3.700	-0.400	-7.000	-8.800	-2.400	-0.800	-2.800	-0.200	-6.600	-3.600	4.800	1.000	-1.300	2.000	-2.400	-1.900	-4.700	-4.000	-3.100	-1.500	-5.600	0.100	0.700	-6.900	2.900	-7.100	-4.500	1.600	-6.300	-4.700	-5.400	1.400	-3.300	-6.900	-4.500	-12.900	-2.200	-8.800	-0.800	-5.000	-3.100	-4.600	-6.600	-6.900	1.400
3.700	-0.900	1.100	-2.900	-6.500	3.200	1.300	-3.100	-2.600	-1.100	-8.800	-8.700	-7.400	2.000	-0.800	4.600	-0.800	-2.800	-0.200	-0.600	-6.600	0.800	5.000	2.700	-2.000	1.600	5.100	-2.700	-3.000	-3.100	-0.500	-0.600	3.100	-2.300	-5.900	-3.100	-4.100	-1.500	1.600	-8.300	0.300	-3.400	-1.600	-6.300	-6.900	3.500	-2.900	-1.200	-3.800	-3.800	1.000	-2.100	-3.600	-0.600	-1.900	-5.600
2.700	2.100	9.100	-1.900	-4.500	-1.800	-6.700	-3.100	0.400	-4.100	-3.800	-1.700	-0.400	-4.000	2.200	-4.400	-3.800	-8.800	2.800	-2.600	-5.600	-1.200	-2.000	-3.300	1.000	-5.400	1.100	-4.700	-5.000	-1.100	6.500	-4.600	-3.900	6.700	-4.900	1.900	-0.100	-3.500	2.600	-3.300	-2.700	-4.400	-3.600	-0.300	1.100	-5.500	-4.900	-8.200	-5.800	-4.800	0.000	-7.100	4.400	-5.600	-6.900	-0.600
-1.300	-8.900	-0.900	4.100	-6.500	-2.800	-6.700	-2.100	2.400	-1.100	-7.800	-2.700	-0.400	-6.000	-3.800	-0.400	0.200	-2.800	-7.200	-6.600	-2.600	-2.200	-1.000	6.700	4.000	-4.400	-7.900	4.300	-7.000	-2.100	-2.500	-5.600	0.100	-5.300	-5.900	0.900	-5.100	-8.500	-0.400	-5.300	1.300	-9.400	-0.600	-3.300	-8.900	-0.500	-1.900	-7.200	-3.800	-3.800	-5.000	-3.100	-4.600	-7.600	-0.900	-0.600
-0.300	-3.900	-2.900	-0.900	-1.500	-7.800	-4.700	-1.100	-0.600	-4.100	-5.800	-1.700	-3.400	-6.000	-1.800	-2.400	0.200	-2.800	-2.200	2.400	-3.600	-1.200	1.000	0.700	4.000	-0.400	-2.900	-2.700	-4.000	2.900	-4.500	-3.600	6.100	1.700	-7.900	-2.100	-6.100	-8.500	3.600	-4.300	-0.700	0.600	-4.600	-2.300	1.100	-0.500	-3.900	0.800	-3.800	-4.800	-4.000	-1.100	-1.600	-0.600	-8.900	-1.600
-2.300	-2.900	-1.900	-2.900	4.500	-11.800	0.300	-4.100	-2.600	0.900	-4.800	-5.700	-7.400	-2.000	2.200	-3.400	-0.800	-4.800	-1.200	3.400	-5.600	-3.200	3.000	0.700	-1.000	2.600	-0.900	-0.700	0.000	-2.100	-1.500	-0.600	-3.900	-2.300	-5.900	-3.100	-1.100	-0.500	-1.400	-3.300	-3.700	-0.400	-0.600	-4.300	1.100	-1.500	-5.900	-5.200	-1.800	-3.800	-3.000	-2.100	2.400	-5.600	-9.900	1.400
-3.300	-1.900	0.100	-0.900	-7.500	-9.800	-7.700	1.900	-1.600	-4.100	-2.800	-2.700	-1.400	0.000	-4.800	-3.400	-3.800	0.200	-1.200	0.400	0.400	-0.200	2.000	-0.300	0.000	-4.400	-1.900	-6.700	-6.000	-2.100	-10.500	-4.600	-4.900	4.700	-5.900	-1.100	-5.100	-5.500	3.600	0.700	2.300	-6.400	-4.600	-9.300	0.100	-5.500	-5.900	-5.200	-3.800	-1.800	-5.000	-1.100	-5.600	-3.600	1.100	-2.600
1.700	-3.900	1.100	-3.900	-4.500	-5.800	-6.700	-3.100	1.400	-1.100	1.200	-7.700	-3.400	0.000	-0.800	-6.400	-10.800	-3.800	2.800	-3.600	-5.600	1.800	0.000	-2.300	3.000	-2.400	-5.900	-0.700	6.000	2.900	-3.500	-5.600	-1.900	-3.300	-4.900	-1.100	-2.100	-0.500	0.600	-1.300	0.300	-5.400	3.400	-3.300	-6.900	0.500	-0.900	-4.200	-5.800	-0.800	-6.000	-3.100	-0.600	-3.600	-1.900	-8.600
-3.300	-4.900	-0.900	0.100	-3.500	0.200	-1.700	0.900	-2.600	-0.100	-14.800	-0.700	0.600	1.000	1.200	-3.400	-1.800	-6.800	-3.200	1.400	-3.600	-3.200	2.000	-2.300	1.000	-2.400	2.100	-6.700	3.000	-6.100	-2.500	-4.600	-1.900	-5.300	-1.900	-5.100	-5.100	-2.500	-1.400	-7.300	-8.700	-11.400	-0.600	-0.300	-3.900	-2.500	-3.900	1.800	-5.800	1.200	-12.000	0.900	-3.600	-4.600	0.100	3.400
-2.300	-1.900	-1.900	0.100	-7.500	-2.800	-0.700	-9.100	-4.600	-4.100	-7.800	-2.700	-5.400	-4.000	-7.800	-5.400	1.200	0.200	-2.200	-0.600	-6.600	-3.200	0.000	0.700	5.000	-8.400	-3.900	-1.700	-5.000	1.900	1.500	-6.600	3.100	3.700	-4.900	2.900	-2.100	-6.500	2.600	-3.300	-4.700	-3.400	5.400	-0.300	-5.900	-8.500	3.100	-1.200	-3.800	-3.800	-1.000	-0.100	-2.600	1.400	-1.900	-6.600
-2.300	-1.900	-3.900	-2.900	-4.500	-7.800	-8.700	-3.100	-0.600	-3.100	-4.800	0.300	-4.400	-5.000	-3.800	-2.400	-4.800	-3.800	2.800	1.400	-6.600	0.800	-3.000	-0.300	2.000	2.600	-7.900	-1.700	-5.000	2.900	-2.500	-4.600	-4.900	-3.300	-6.900	2.900	0.900	-0.500	1.600	-10.300	-4.700	-3.400	-4.600	1.700	-2.900	4.500	-3.900	-2.200	1.200	-1.800	2.000	-5.100	-0.600	-2.600	-3.900	2.400
-5.300	-6.900	-2.900	0.100	-0.500	-8.800	-1.700	-2.100	-4.600	-6.100	-1.800	2.300	0.600	-4.000	2.200	-2.400	-0.800	-1.800	-3.200	0.400	-3.600	1.800	-1.000	-3.300	0.000	-3.400	-6.900	1.300	-8.000	3.900	-5.500	-6.600	0.100	-1.300	-7.900	7.900	-5.100	-0.500	-1.400	1.700	-0.700	-2.400	2.400	3.700	0.100	1.500	-4.900	-1.200	-4.800	-2.800	-4.000	-7.100	1.400	2.400	-7.900	-3.600
-1.300	1.100	0.100	-2.900	-6.500	1.200	-3.700	-3.100	-3.600	-3.100	-7.800	-2.700	-8.400	1.000	-3.800	5.600	-2.800	-5.800	0.800	1.400	-13.600	-7.200	1.000	-0.300	0.000	-1.400	-0.900	-4.700	-4.000	-1.100	-0.500	-0.600	1.100	0.700	-3.900	1.900	-4.100	3.500	-0.400	-0.300	0.300	-5.400	-4.600	-0.300	-0.900	-0.500	-5.900	-9.200	-2.800	-3.800	-3.000	-3.100	-4.600	-1.600	-1.900	-4.600
-1.300	-2.900	0.100	-4.900	-12.500	1.200	-6.700	-2.100	-1.600	-3.100	-0.800	-2.700	-4.400	3.000	-0.800	-0.400	-1.800	-3.800	2.800	-0.600	-5.600	-1.200	-3.000	2.700	-1.000	-1.400	-7.900	0.300	-2.000	-1.100	-1.500	-3.600	-1.900	1.700	-3.900	-6.100	-3.100	-0.500	0.600	-6.300	1.300	-1.400	6.400	0.700	-6.900	-4.500	-0.900	-3.200	-10.800	-0.800	-4.000	-4.100	-1.600	-0.600	-6.900	3.400
4.700	-1.900	1.100	0.100	1.500	-4.800	-3.700	-2.100	-7.600	-4.100	-1.800	-2.700	-0.400	-3.000	-0.800	-3.400	-2.800	0.200	0.800	-2.600	-4.600	0.800	-3.000	2.700	-1.000	-3.400	-5.900	-0.700	-3.000	-3.100	-3.500	-2.600	0.100	3.700	-5.900	-3.100	0.900	0.500	-2.400	-0.300	6.300	-8.400	2.400	-6.300	0.100	-0.500	3.100	-2.200	-7.800	-3.800	-7.000	-4.100	-1.600	-3.600	0.100	0.400
-0.300	1.100	-4.900	5.100	-5.500	-9.800	-6.700	2.900	-1.600	0.900	-11.800	-5.700	0.600	-6.000	2.200	-0.400	2.200	-4.800	4.800	-2.600	-9.600	9.800	-6.000	1.700	-3.000	-3.400	-7.900	0.300	1.000	2.900	-3.500	3.400	-2.900	-1.300	-2.900	0.900	-7.100	7.500	4.600	-8.300	-0.700	-1.400	-5.600	-1.300	-7.900	0.500	-4.900	3.800	-3.800	2.200	-2.000	0.900	-1.600	-4.600	-6.900	0.400
-3.300	-3.900	-4.900	-1.900	-1.500	-1.800	-4.700	-6.100	-0.600	-2.100	-0.800	-6.700	-2.400	3.000	-4.800	-2.400	3.200	0.200	-7.200	0.400	-3.600	-2.200	2.000	0.700	4.000	4.600	-7.900	-4.700	-4.000	-1.100	-1.500	-8.600	-0.900	2.700	-7.900	0.900	-0.100	-2.500	-4.400	-6.300	2.300	-9.400	0.400	1.700	-4.900	-0.500	-3.900	-4.200	-6.800	-4.800	-2.000	-5.100	1.400	-7.600	-1.900	3.400
-4.300	-2.900	-5.900	-0.900	-1.500	-3.800	-0.700	-0.100	-3.600	-4.100	-3.800	-4.700	-2.400	4.000	1.200	1.600	-9.800	-1.800	-1.200	-6.600	-2.600	1.800	2.000	9.700	5.000	1.600	1.100	-1.700	-4.000	0.900	-0.500	1.400	-4.900	-0.300	-0.900	-0.100	-4.100	-3.500	-5.400	-0.300	-5.700	-1.400	0.400	-3.300	0.100	0.500	-6.900	1.800	-5.800	-2.800	-5.000	-5.100	-6.600	-8.600	-3.900	-0.600
-1.300	0.100	-9.900	-2.900	0.500	-6.800	-3.700	-4.100	-2.600	-0.100	-2.800	-0.700	-8.400	-4.000	-8.800	3.600	-0.800	-2.800	-4.200	-0.600	-2.600	0.800	6.000	-0.300	1.000	0.600	-2.900	-10.700	0.000	-4.100	-2.500	-4.600	-1.900	-2.300	-3.900	-2.100	-4.100	-3.500	4.600	-4.300	0.300	-0.400	4.400	-3.300	-0.900	-4.500	-8.900	3.800	-11.800	-0.800	-6.000	-3.100	1.400	2.400	-2.900	-0.600
-0.300	-4.900	1.100	0.100	-4.500	-9.800	-2.700	-4.100	-5.600	-5.100	-3.800	-5.700	-4.400	-4.000	-6.800	-3.400	-5.800	4.200	-4.200	-1.600	-2.600	-2.200	1.000	-0.300	6.000	2.600	-1.900	-1.700	-5.000	-1.100	-8.500	-1.600	-2.900	-6.300	-4.900	-4.100	-4.100	-7.500	1.600	-2.300	-3.700	2.600	0.400	0.700	-5.900	-5.500	-5.900	-3.200	-3.800	-2.800	-1.000	-1.100	6.400	-7.600	-4.900	2.400
3.700	1.100	-0.900	-0.900	-5.500	-0.800	-10.700	-4.100	-2.600	2.900	-1.800	-2.700	-4.400	-2.000	-2.800	3.600	-4.800	-2.800	-2.200	-5.600	-6.600	3.800	6.000	0.700	3.000	-3.400	-5.900	-2.700	-5.000	-7.100	-5.500	-8.600	-1.900	-6.300	-4.900	-2.100	-5.100	-3.500	-2.400	-2.300	-2.700	0.600	-0.600	1.700	0.100	-5.500	-4.900	-1.200	-5.800	-3.800	-5.000	-5.100	-4.600	-4.600	0.100	-3.600
-4.300	-6.900	-1.900	1.100	-4.500	-1.800	-3.700	-3.100	1.400	0.900	-5.800	-2.700	-3.400	-3.000	4.200	4.600	-5.800	-2.800	-0.200	0.400	-2.600	-2.200	3.000	-2.300	-2.000	0.600	-0.900	1.300	-1.000	-3.100	-13.500	-0.600	4.100	-2.300	-3.900	1.900	-2.100	-4.500	0.600	-1.300	-2.700	2.600	5.400	-2.300	-0.900	0.500	-1.900	-2.200	-7.800	-0.800	-2.000	-0.100	2.400	0.400	-6.900	5.400
2.700	2.100	-6.900	-4.900	-1.500	-4.800	0.300	-7.100	-2.600	-8.100	-6.800	-1.700	1.600	0.000	-1.800	0.600	-1.800	-3.800	-0.200	-1.600	4.400	-1.200	-1.000	5.700	1.000	-3.400	-2.900	-1.700	-4.000	-3.100	-7.500	-0.600	-1.900	-0.300	-11.900	0.900	-7.100	-2.500	0.600	-4.300	0.300	-4.400	-3.600	-2.300	-8.900	-3.500	0.100	-1.200	1.200	1.200	0.000	-0.100	0.400	-6.600	-0.900	0.400
-6.300	-6.900	0.100	-0.900	-7.500	-0.800	-1.700	-3.100	2.400	-8.100	3.200	-4.700	-7.400	-2.000	2.200	-1.400	-8.800	-1.800	-0.200	-0.600	-1.600	-2.200	5.000	-4.300	9.000	-3.400	-1.900	2.300	-5.000	-2.100	-1.500	-5.600	-1.900	-4.300	-4.900	-9.100	2.900	0.500	-3.400	-4.300	-8.700	-2.400	3.400	1.700	-4.900	-1.500	-5.900	-3.200	-6.800	-4.800	1.000	-4.100	-2.600	0.400	-4.900	-3.600
-8.300	-0.900	-2.900	5.100	-2.500	-3.800	-4.700	2.900	-1.600	-6.100	-7.800	2.300	-5.400	0.000	-2.800	1.600	-2.800	-2.800	-1.200	-0.600	-1.600	-1.200	3.000	-0.300	4.000	-5.400	-2.900	-3.700	-4.000	1.900	-4.500	-4.600	-3.900	5.700	-6.900	-6.100	-1.100	4.500	-2.400	-5.300	1.300	0.600	-4.600	-3.300	-2.900	-5.500	-8.900	-1.200	-6.800	-6.800	-6.000	0.900	7.400	-5.600	-0.900	-2.600
2.700	-5.900	2.100	-1.900	-4.500	0.200	-7.700	-6.100	-3.600	-5.100	-7.800	2.300	-2.400	1.000	-2.800	-4.400	-3.800	-3.800	-1.200	5.400	-3.600	-1.200	-7.000	4.700	2.000	-3.400	-1.900	-4.700	-4.000	1.900	2.500	-4.600	-4.900	-4.300	-5.900	3.900	-2.100	-3.500	2.600	-5.300	-4.700	-3.400	-2.600	-5.300	-4.900	-3.500	-0.900	-0.200	-2.800	-5.800	-4.000	-5.100	5.400	-3.600	-10.900	-2.600
-4.300	-0.900	0.100	-2.900	-6.500	-2.800	-2.700	1.900	-3.600	-3.100	-0.800	-1.700	-1.400	0.000	-0.800	-6.400	-7.800	0.200	-1.200	1.400	-9.600	5.800	-9.000	-0.300	5.000	-0.400	-3.900	-5.700	-2.000	-0.100	-2.500	0.400	-1.900	0.700	-4.900	-1.100	-8.100	-2.500	-1.400	-6.300	-5.700	-5.400	1.400	-5.300	1.100	-2.500	-2.900	-4.200	-1.800	-2.800	0.000	-3.100	-3.600	-4.600	5.100	5.400
-1.300	0.100	-4.900	-3.900	-7.500	-1.800	2.300	-5.100	-2.600	-6.100	-2.800	-4.700	-9.400	-5.000	-1.800	-1.400	-0.800	-1.800	-3.200	-0.600	-8.600	-0.200	6.000	3.700	-2.000	-1.400	-8.900	-0.700	-6.000	-1.100	-1.500	-6.600	-6.900	-1.300	-1.900	-4.100	0.900	-3.500	-0.400	-2.300	-1.700	-3.400	2.400	-3.300	0.100	-4.500	-2.900	-0.200	-6.800	-2.800	-2.000	-0.100	-5.600	-3.600	-4.900	-0.600
0.700	-4.900	-2.900	-3.900	0.500	-5.800	-0.700	-1.100	-0.600	-5.100	-2.800	-1.700	-2.400	-3.000	0.200	-4.400	2.200	-1.800	-2.200	4.400	-1.600	0.800	3.000	3.700	2.000	-1.400	1.100	-2.700	-1.000	1.900	0.500	-8.600	2.100	0.700	0.100	-2.100	1.900	-3.500	2.600	-3.300	1.300	-5.400	4.400	-6.300	-4.900	-3.500	-3.900	-5.200	-4.800	0.200	-4.000	-7.100	0.400	-3.600	0.100	0.400
-1.300	1.100	4.100	0.100	-4.500	-14.800	-13.700	-0.100	-3.600	-3.100	-7.800	-3.700	-3.400	-3.000	1.200	-4.400	-3.800	-6.800	0.800	-1.600	-6.600	0.800	-4.000	-0.300	5.000	-3.400	-5.900	1.300	-5.000	2.900	-2.500	-8.600	-5.900	-3.300	-0.900	2.900	-2.100	-5.500	-0.400	-3.300	-5.700	-3.400	0.400	-2.300	-4.900	-2.500	0.100	-8.200	-5.800	-4.800	-7.000	-6.100	-3.600	-1.600	-1.900	-8.600
-2.300	-1.900	-0.900	1.100	-4.500	-5.800	-0.700	-5.100	-2.600	-7.100	2.200	-4.700	-7.400	-2.000	-1.800	-1.400	-0.800	-6.800	-0.200	0.400	-8.600	4.800	-12.000	2.700	4.000	-2.400	-3.900	-3.700	-4.000	-2.100	-0.500	-3.600	-2.900	1.700	-1.900	-0.100	-8.100	2.500	1.600	-10.300	-0.700	-0.400	-2.600	1.700	-1.900	-1.500	-2.900	-0.200	-2.800	-1.800	-4.000	-4.100	1.400	-4.600	-4.900	-0.600
-5.300	-2.900	-1.900	-1.900	-2.500	-4.800	-1.700	-2.100	-4.600	-2.100	-4.800	-8.700	1.600	-1.000	3.200	-0.400	-1.800	0.200	-6.200	-3.600	-7.600	1.800	-4.000	-0.300	2.000	0.600	1.100	1.300	-3.000	-2.100	-5.500	-3.600	-2.900	2.700	0.100	-1.100	-8.100	-4.500	-0.400	-3.300	-1.700	0.600	-0.600	0.700	-2.900	0.500	-4.900	-3.200	-12.800	-2.800	-5.000	-4.100	-1.600	-2.600	-4.900	-1.600
0.700	-7.900	2.100	3.100	-2.500	-7.800	-2.700	-3.100	-0.600	-5.100	-10.800	-7.700	-2.400	2.000	4.200	-2.400	-1.800	1.200	-13.200	0.400	-5.600	0.800	-2.000	3.700	5.000	0.600	-7.900	3.300	0.000	-3.100	1.500	-7.600	-0.900	-5.300	-6.900	-2.100	0.900	-1.500	2.600	-3.300	-5.700	-1.400	-0.600	1.700	-1.900	-2.500	-3.900	-1.200	-4.800	-2.800	0.000	-9.100	0.400	-0.600	-0.900	-6.600
-2.300	-8.900	-8.900	-1.900	3.500	-2.800	-1.700	0.900	0.400	-0.100	0.200	-1.700	-5.400	0.000	-4.800	-3.400	-1.800	-5.800	-0.200	2.400	0.400	-9.200	2.000	3.700	2.000	-2.400	-5.900	-5.700	0.000	-4.100	0.500	-3.600	-0.900	-2.300	-4.900	-2.100	0.900	-5.500	-1.400	1.700	-0.700	-4.400	-1.600	-0.300	3.100	-5.500	0.100	0.800	-6.800	-3.800	-5.000	-1.100	1.400	-1.600	-2.900	2.400
-4.300	-1.900	2.100	3.100	3.500	-3.800	-7.700	-5.100	-6.600	-6.100	-3.800	-3.700	-6.400	-1.000	-4.800	-0.400	-2.800	1.200	-5.200	-0.600	-6.600	3.800	5.000	-1.300	-2.000	-0.400	-9.900	-3.700	-4.000	-1.100	-1.500	-3.600	-3.900	1.700	-8.900	-0.100	-0.100	-2.500	0.600	-2.300	-9.700	-8.400	1.400	1.700	-3.900	-2.500	-8.900	-5.200	-0.800	0.200	-1.000	0.900	0.400	0.400	-1.900	-3.600
-3.300	-0.900	-0.900	4.100	-11.500	-2.800	-6.700	4.900	-4.600	-4.100	-7.800	-4.700	-1.400	-4.000	2.200	-2.400	1.200	-3.800	-2.200	-8.600	-1.600	-0.200	3.000	-0.300	7.000	-6.400	-4.900	-1.700	-3.000	-1.100	-2.500	-6.600	-1.900	2.700	1.100	-4.100	-1.100	-2.500	-3.400	0.700	-8.700	-0.400	-2.600	-6.300	-1.900	1.500	-2.900	-6.200	-1.800	-9.800	-5.000	-0.100	2.400	1.400	-4.900	-3.600
-3.300	3.100	-4.900	-1.900	1.500	-5.800	-4.700	-4.100	-4.600	-4.100	0.200	-2.700	-2.400	2.000	-4.800	2.600	-6.800	-2.800	-4.200	-7.600	-3.600	-7.200	-3.000	4.700	3.000	2.600	-4.900	-7.700	-6.000	-0.100	-1.500	-5.600	-1.900	-1.300	-0.900	-1.100	-2.100	3.500	-0.400	-1.300	-2.700	3.600	0.400	-2.300	0.100	-4.500	-4.900	-8.200	-4.800	-4.800	0.000	-3.100	-2.600	2.400	-3.900	-2.600
-0.300	-5.900	-3.900	-1.900	1.500	-2.800	-3.700	-5.100	-3.600	-4.100	-3.800	-7.700	-5.400	-4.000	6.200	-3.400	-2.800	-2.800	-2.200	-4.600	-5.600	4.800	1.000	-2.300	3.000	8.600	-3.900	0.300	-1.000	2.900	-3.500	-7.600	4.100	-3.300	-0.900	-1.100	-5.100	-3.500	6.600	-3.300	-5.700	-1.400	-1.600	0.700	-7.900	-4.500	-0.900	-4.200	-4.800	7.200	0.000	-2.100	-5.600	2.400	-6.900	4.400
1.700	-6.900	-3.900	5.100	-2.500	-4.800	-3.700	-3.100	-3.600	-0.100	-0.800	-5.700	-12.400	-3.000	2.200	3.600	-3.800	-0.800	0.800	-4.600	-5.600	-1.200	-1.000	-5.300	2.000	-6.400	0.100	-1.700	-7.000	-0.100	1.500	-4.600	-2.900	-1.300	-0.900	-0.100	-2.100	2.500	-3.400	-2.300	-0.700	-6.400	6.400	1.700	0.100	-1.500	-5.900	2.800	-4.800	-4.800	-8.000	-1.100	4.400	-2.600	1.100	-0.600
-3.300	-2.900	-3.900	-3.900	-1.500	-0.800	-0.700	-5.100	-1.600	-7.100	-3.800	1.300	-4.400	4.000	-1.800	-8.400	-1.800	-1.800	-1.200	2.400	-3.600	-1.200	1.000	-3.300	8.000	2.600	-2.900	-4.700	-4.000	2.900	2.500	-9.600	1.100	-7.300	-9.900	-3.100	-5.100	-1.500	-2.400	-0.300	-1.700	0.600	2.400	-1.300	-1.900	2.500	-6.900	-2.200	-7.800	-3.800	-4.000	1.900	0.400	-4.600	-1.900	-0.600
-3.300	-2.900	1.100	-1.900	-2.500	-7.800	-8.700	-9.100	-5.600	-5.100	-3.800	-0.700	-8.400	4.000	-4.800	0.600	0.200	-3.800	1.800	-6.600	-7.600	-3.200	-6.000	4.700	2.000	-1.400	-2.900	-5.700	-1.000	-6.100	2.500	-6.600	-1.900	0.700	-4.900	5.900	1.900	-1.500	3.600	-4.300	-1.700	-2.400	-0.600	2.700	-5.900	-2.500	0.100	-0.200	-7.800	-3.800	-4.000	-2.100	-1.600	1.400	-2.900	-4.600
-1.300	-8.900	1.100	0.100	-6.500	-2.800	-3.700	-4.100	0.400	-3.100	-9.800	-3.700	-3.400	-3.000	-3.800	-4.400	8.200	-5.800	-2.200	-3.600	-3.600	4.800	-4.000	-4.300	1.000	-1.400	-5.900	-1.700	-3.000	-3.100	-0.500	-4.600	-0.900	3.700	-2.900	-4.100	0.900	0.500	-0.400	-4.300	-2.700	-2.400	2.400	-0.300	2.100	2.500	-3.900	-4.200	-0.800	2.200	-5.000	-1.100	-7.600	-0.600	-3.900	2.400
-8.300	-0.900	2.100	-2.900	-0.500	-3.800	-3.700	-1.100	-2.600	-1.100	-7.800	-9.700	-3.400	-2.000	-0.800	-4.400	1.200	-6.800	-5.200	0.400	-5.600	0.800	-2.000	-0.300	-2.000	-0.400	-2.900	-5.700	-2.000	-0.100	-0.500	0.400	-1.900	1.700	-1.900	-6.100	-6.100	-1.500	-4.400	-3.300	-4.700	-2.400	0.400	4.700	-1.900	-6.500	-4.900	-5.200	-6.800	-4.800	1.000	-5.100	0.400	-1.600	-1.900	-5.600
-2.300	-0.900	-1.900	-2.900	-4.500	-6.800	1.300	-3.100	-3.600	-6.100	-2.800	-2.700	1.600	-4.000	-1.800	2.600	-2.800	3.200	1.800	-1.600	-6.600	-1.200	4.000	0.700	2.000	-2.400	-2.900	-1.700	2.000	-7.100	-3.500	-5.600	0.100	6.700	-4.900	-1.100	-3.100	2.500	1.600	-5.300	-1.700	1.600	-3.600	-5.300	2.100	-4.500	-6.900	3.800	-4.800	-3.800	-6.000	2.900	-1.600	1.400	-3.900	-6.600
-2.300	-9.900	-5.900	-3.900	-6.500	-2.800	-6.700	-5.100	-4.600	-3.100	-2.800	-6.700	-4.400	1.000	-0.800	-2.400	-2.800	0.200	-6.200	-2.600	-4.600	-1.200	2.000	-0.300	0.000	-3.400	-3.900	2.300	-4.000	-1.100	-3.500	-4.600	-0.900	0.700	-1.900	-4.100	4.900	0.500	-0.400	-5.300	-1.700	0.600	0.400	-3.300	-4.900	4.500	-0.900	-0.200	-4.800	-5.800	-5.000	1.900	3.400	-3.600	-7.900	-6.600
-0.300	1.100	-2.900	0.100	0.500	-1.800	-6.700	-0.100	6.400	-2.100	-4.800	-4.700	-4.400	-3.000	2.200	-8.400	-4.800	-0.800	-3.200	-5.600	-4.600	-2.200	-4.000	-0.300	-2.000	3.600	-6.900	0.300	4.000	-7.100	-4.500	-7.600	-4.900	-0.300	2.100	-1.100	-2.100	-1.500	2.600	-11.300	-4.700	1.600	2.400	0.700	5.100	-6.500	-5.900	-1.200	-5.800	-2.800	-2.000	-5.100	-5.600	-4.600	-6.900	-1.600
-1.300	0.100	-3.900	-1.900	-8.500	-1.800	-5.700	0.900	-7.600	0.900	-3.800	-1.700	-1.400	-1.000	-6.800	-0.400	-3.800	-6.800	-4.200	0.400	-7.600	1.800	0.000	-2.300	-1.000	-3.400	-5.900	-3.700	-3.000	-5.100	-3.500	-0.600	3.100	2.700	0.100	3.900	-5.100	-0.500	1.600	-3.300	-1.700	-5.400	6.400	-5.300	-6.900	0.500	-4.900	-0.200	-3.800	-7.800	-6.000	-4.100	4.400	-4.600	0.100	-3.600
-1.300	0.100	1.100	-1.900	-4.500	0.200	-8.700	1.900	-6.600	-2.100	-8.800	-4.700	-1.400	0.000	-5.800	-2.400	-1.800	-5.800	-7.200	5.400	0.400	-1.200	0.000	-3.300	4.000	-1.400	-3.900	1.300	-1.000	-1.100	1.500	-5.600	-1.900	0.700	-5.900	1.900	-0.100	0.500	3.600	-4.300	-2.700	-1.400	-1.600	0.700	-8.900	-2.500	-1.900	-5.200	-8.800	2.200	-3.000	-3.100	-4.600	-3.600	4.100	-1.600
-3.300	-2.900	-4.900	-5.900	-0.500	-2.800	-4.700	-2.100	-2.600	1.900	-9.800	-4.700	-9.400	-6.000	-4.800	-4.400	-5.800	0.200	0.800	5.400	-2.600	1.800	0.000	1.700	5.000	1.600	-9.900	-0.700	3.000	-8.100	-5.500	-2.600	1.100	4.700	-8.900	-4.100	-1.100	1.500	3.600	-6.300	0.300	-3.400	-4.600	0.700	-0.900	-0.500	-8.900	-4.200	-4.800	1.200	-2.000	-4.100	-0.600	-4.600	2.100	3.400
-1.300	6.100	-2.900	5.100	-1.500	-3.800	-5.700	-5.100	-1.600	-0.100	-2.800	-4.700	2.600	-6.000	0.200	-4.400	-2.800	-5.800	-3.200	3.400	-6.600	-0.200	-2.000	0.700	6.000	1.600	-4.900	-0.700	-1.000	-1.100	-8.500	-6.600	-4.900	-1.300	-2.900	0.900	-7.100	-3.500	4.600	-8.300	-1.700	-3.400	0.400	1.700	-2.900	2.500	-3.900	-2.200	-4.800	-5.800	4.000	-3.100	-1.600	-3.600	-1.900	2.400
-4.300	-7.900	-1.900	1.100	-0.500	-5.800	-7.700	1.900	-3.600	-2.100	-2.800	-3.700	1.600	-5.000	0.200	1.600	-4.800	0.200	-7.200	-2.600	0.400	-3.200	2.000	4.700	4.000	2.600	2.100	-4.700	-3.000	-2.100	-2.500	0.400	1.100	-3.300	-1.900	-5.100	-0.100	-2.500	-0.400	1.700	-6.700	-1.400	-1.600	-6.300	-1.900	4.500	-5.900	4.800	-3.800	6.200	-2.000	-5.100	2.400	2.400	-2.900	-1.600
3.700	-2.900	0.100	3.100	-3.500	-6.800	-8.700	-1.100	0.400	-0.100	-1.800	-1.700	-3.400	1.000	-4.800	-1.400	2.200	-5.800	-1.200	-1.600	-7.600	-1.200	-1.000	-3.300	1.000	-0.400	-5.900	-3.700	-4.000	1.900	-2.500	-3.600	6.100	-2.300	-1.900	-4.100	-2.100	-5.500	0.600	-3.300	1.300	-0.400	-6.600	-2.300	-4.900	0.500	1.100	1.800	0.200	-5.800	2.000	0.900	-0.600	-2.600	-1.900	-2.600
-5.300	-5.900	2.100	-5.900	-6.500	-5.800	0.300	-4.100	-0.600	-5.100	-2.800	-4.700	-0.400	1.000	-3.800	-0.400	-2.800	-1.800	-3.200	-0.600	-4.600	-0.200	-2.000	-1.300	4.000	-4.400	-11.900	-2.700	-4.000	-6.100	-1.500	-6.600	-1.900	-0.300	-3.900	-2.100	-1.100	-3.500	-0.400	-0.300	-1.700	-8.400	-1.600	2.700	-3.900	-3.500	-10.900	2.800	-4.800	2.200	-2.000	-5.100	1.400	-3.600	-5.900	-6.600
0.700	2.100	-6.900	-3.900	3.500	-5.800	-6.700	-5.100	-4.600	-1.100	-1.800	-0.700	-2.400	3.000	-3.800	0.600	-3.800	-2.800	0.800	-1.600	3.400	0.800	-4.000	3.700	0.000	-3.400	-4.900	-6.700	0.000	-6.100	-5.500	-3.600	0.100	1.700	-2.900	-4.100	-1.100	-0.500	-0.400	-1.300	-0.700	4.600	-4.600	1.700	-3.900	-4.500	2.100	-0.200	-0.800	-5.800	-7.000	-3.100	-6.600	-2.600	-4.900	-1.600
3.700	-9.900	-1.900	1.100	-0.500	-5.800	-5.700	1.900	1.400	-9.100	-5.800	-3.700	-1.400	-10.000	0.200	-0.400	-0.800	-0.800	3.800	-6.600	-3.600	-0.200	0.000	0.700	0.000	-3.400	-7.900	-2.700	-4.000	-0.100	-3.500	-3.600	2.100	5.700	-3.900	2.900	-0.100	-6.500	-0.400	-2.300	-1.700	-1.400	-0.600	5.700	-3.900	-0.500	-0.900	-2.200	-3.800	0.200	-4.000	-6.100	-7.600	-0.600	-3.900	-6.600
-6.300	1.100	-2.900	0.100	-7.500	-2.800	-5.700	3.900	-3.600	-5.100	-2.800	-5.700	0.600	-2.000	-3.800	0.600	-3.800	-6.800	-3.200	-4.600	-12.600	5.800	6.000	1.700	4.000	-3.400	-5.900	-3.700	-6.000	-2.100	-3.500	-3.600	-4.900	-6.300	-5.900	-5.100	-1.100	0.500	-0.400	-3.300	-1.700	-2.400	0.400	0.700	-2.900	-3.500	-2.900	2.800	-1.800	-1.800	-1.000	-0.100	-4.600	-4.600	1.100	2.400
-5.300	-9.900	-0.900	4.100	-5.500	-8.800	-5.700	-1.100	-6.600	-6.100	4.200	-1.700	1.600	-3.000	-2.800	3.600	0.200	0.200	-2.200	-0.600	-1.600	-0.200	7.000	0.700	-4.000	-6.400	-1.900	-4.700	-3.000	-4.100	-4.500	-4.600	-2.900	-4.300	-3.900	0.900	-5.100	-3.500	-2.400	-1.300	0.300	-1.400	-0.600	3.700	1.100	-3.500	-8.900	-1.200	-1.800	1.200	-1.000	-6.100	-1.600	-3.600	-7.900	1.400
-1.300	-0.900	-2.900	-3.900	-4.500	-3.800	-3.700	-2.100	-7.600	-2.100	-1.800	-1.700	-2.400	-1.000	-0.800	1.600	-2.800	-4.800	-1.200	-2.600	-5.600	-1.200	2.000	2.700	3.000	-3.400	-2.900	1.300	-8.000	-6.100	-2.500	-1.600	-0.900	-0.300	-9.900	-4.100	-0.100	4.500	-1.400	-4.300	-7.700	-4.400	-1.600	1.700	-4.900	0.500	-3.900	-0.200	-3.800	-2.800	-6.000	-11.100	-4.600	-1.600	-3.900	-4.600
-2.300	-2.900	-8.900	-2.900	-0.500	-4.800	5.300	2.900	-1.600	-4.100	-12.800	-3.700	-0.400	-5.000	5.200	-0.400	-0.800	-3.800	0.800	-1.600	-1.600	3.800	2.000	-1.300	4.000	-1.400	-5.900	-0.700	0.000	3.900	-3.500	-1.600	-1.900	0.700	-0.900	-5.100	-2.100	-6.500	-2.400	-1.300	1.300	-0.400	-0.600	-2.300	3.100	-3.500	-5.900	-5.200	0.200	-1.800	-7.000	3.900	-2.600	-5.600	-4.900	-3.600
-1.300	-3.900	-1.900	-3.900	-7.500	-4.800	-2.700	0.900	-9.600	-1.100	-4.800	-2.700	1.600	2.000	2.200	-0.400	-3.800	-6.800	-4.200	-1.600	-9.600	-0.200	3.000	-1.300	-1.000	0.600	-7.900	7.300	-6.000	-1.100	-0.500	1.400	1.100	-6.300	-0.900	-1.100	-4.100	2.500	3.600	-1.300	-0.700	-10.400	-2.600	-6.300	-0.900	1.500	-7.900	-4.200	-9.800	0.200	-5.000	-5.100	4.400	-3.600	1.100	-2.600
-2.300	-2.900	-0.900	5.100	-2.500	-3.800	-1.700	-3.100	-6.600	-1.100	-3.800	-5.700	-0.400	-2.000	-2.800	-4.400	-2.800	-3.800	1.800	-1.600	-6.600	-1.200	-1.000	-6.300	1.000	-1.400	-6.900	3.300	-3.000	0.900	0.500	-5.600	-4.900	3.700	-4.900	-1.100	-2.100	0.500	2.600	-5.300	-7.700	-0.400	2.400	-2.300	-0.900	-6.500	-4.900	2.800	-0.800	4.200	-7.000	1.900	4.400	-1.600	-5.900	-2.600
-3.300	-6.900	0.100	-0.900	-3.500	-5.800	-11.700	1.900	-4.600	-5.100	-6.800	0.300	1.600	-5.000	4.200	-0.400	4.200	-2.800	-2.200	3.400	-3.600	-0.200	-2.000	0.700	-3.000	1.600	-12.900	-5.700	-3.000	2.900	-3.500	-2.600	-1.900	-4.300	-0.900	-1.100	-0.100	-3.500	-3.400	-5.300	2.300	-4.400	-0.600	-3.300	-1.900	1.500	-1.900	-7.200	-7.800	-3.800	-1.000	1.900	-3.600	-1.600	-6.900	-2.600
-3.300	-0.900	-4.900	-4.900	-2.500	-4.800	-2.700	-4.100	-1.600	-0.100	-6.800	-5.700	-3.400	-7.000	-2.800	1.600	-4.800	-2.800	2.800	1.400	-2.600	0.800	2.000	0.700	1.000	1.600	-6.900	0.300	-1.000	3.900	-3.500	-5.600	-0.900	-3.300	-2.900	-5.100	-7.100	-5.500	3.600	3.700	-3.700	-4.400	-1.600	-6.300	0.100	-2.500	-4.900	-0.200	-5.800	-1.800	-5.000	-5.100	0.400	-4.600	-0.900	0.400
-0.300	-3.900	2.100	2.100	-3.500	-5.800	-1.700	-3.100	-2.600	-3.100	-4.800	-3.700	0.600	-3.000	-2.800	-2.400	-1.800	-0.800	-1.200	3.400	-2.600	-0.200	2.000	3.700	3.000	5.600	-0.900	-2.700	-1.000	-2.100	-3.500	-4.600	-4.900	2.700	-7.900	1.900	0.900	-0.500	1.600	-9.300	0.300	1.600	-0.600	1.700	-5.900	3.500	-2.900	2.800	-6.800	-0.800	-2.000	0.900	7.400	1.400	-3.900	-0.600
3.700	-1.900	-3.900	0.100	-9.500	-10.800	-4.700	1.900	-1.600	-4.100	-5.800	-7.700	-2.400	2.000	-3.800	-0.400	-4.800	-3.800	3.800	-1.600	-6.600	2.800	4.000	-1.300	-5.000	-4.400	-1.900	-7.700	0.000	-0.100	0.500	-7.600	-0.900	-1.300	3.100	-2.100	-2.100	-2.500	2.600	-7.300	1.300	-3.400	-0.600	0.700	-6.900	-2.500	-6.900	-1.200	-4.800	-2.800	-4.000	-4.100	-1.600	-3.600	-3.900	-2.600
-1.300	-2.900	0.100	1.100	-8.500	-3.800	-4.700	0.900	-5.600	-3.100	-7.800	-8.700	-1.400	5.000	-0.800	-4.400	1.200	-3.800	-1.200	-4.600	-6.600	0.800	3.000	1.700	-4.000	0.600	-5.900	-0.700	-1.000	-3.100	1.500	-2.600	-6.900	-0.300	1.100	-4.100	0.900	1.500	-0.400	-9.300	-4.700	-2.400	-2.600	-1.300	0.100	2.500	-1.900	0.800	-10.800	2.200	1.000	-1.100	-4.600	-6.600	-0.900	-2.600
-2.300	-1.900	-4.900	-0.900	-5.500	-8.800	-0.700	-2.100	-6.600	-2.100	-5.800	-1.700	0.600	3.000	-8.800	-3.400	4.200	-3.800	-2.200	0.400	-9.600	3.800	2.000	5.700	4.000	-3.400	0.100	-4.700	-6.000	-5.100	3.500	-3.600	2.100	4.700	-3.900	-1.100	-3.100	2.500	6.600	-1.300	0.300	-4.400	0.400	3.700	-0.900	-2.500	1.100	0.800	0.200	-0.800	-9.000	1.900	-7.600	-0.600	-1.900	-0.600
-1.300	-6.900	-3.900	2.100	1.500	-2.800	-3.700	-5.100	-0.600	-5.100	1.200	-2.700	-2.400	-5.000	3.200	2.600	1.200	1.200	-7.200	-3.600	-7.600	4.800	-5.000	3.700	-3.000	3.600	-1.900	-1.700	-4.000	-2.100	0.500	-5.600	0.100	-2.300	-7.900	-4.100	-1.100	-1.500	0.600	2.700	2.300	2.600	-0.600	3.700	-4.900	-0.500	-0.900	2.800	-7.800	-1.800	-4.000	-3.100	-2.600	1.400	-5.900	-3.600
1.700	2.100	1.100	-2.900	-0.500	-1.800	-4.700	1.900	-7.600	-5.100	-1.800	2.300	-5.400	-3.000	-5.800	1.600	-5.800	-4.800	2.800	-2.600	-2.600	-0.200	11.000	4.700	2.000	-5.400	-9.900	-1.700	-1.000	-6.100	-4.500	2.400	-1.900	5.700	-5.900	-0.100	3.900	-4.500	4.600	-3.300	1.300	-3.400	-0.600	-3.300	-2.900	1.500	-6.900	-2.200	-1.800	-4.800	-5.000	-3.100	1.400	-4.600	1.100	-4.600
-1.300	2.100	-0.900	1.100	1.500	-2.800	-2.700	-2.100	-4.600	-2.100	-3.800	-0.700	-5.400	-3.000	-3.800	-1.400	-6.800	-3.800	1.800	-0.600	-5.600	-1.200	-5.000	2.700	2.000	-0.400	-2.900	2.300	-3.000	3.900	-3.500	-4.600	-3.900	1.700	-5.900	0.900	-5.100	-4.500	1.600	-6.300	2.300	-4.400	1.400	-2.300	0.100	-0.500	-3.900	-1.200	-0.800	-0.800	-3.000	-0.100	-0.600	-1.600	1.100	-5.600
-0.300	-6.900	0.100	-2.900	-0.500	-5.800	-7.700	-2.100	-2.600	-3.100	-0.800	-8.700	0.600	0.000	2.200	-6.400	-1.800	-6.800	2.800	-4.600	-3.600	-1.200	10.000	-2.300	2.000	0.600	-4.900	-2.700	-6.000	-7.100	-0.500	-1.600	-0.900	1.700	-0.900	-3.100	-4.100	2.500	-2.400	-4.300	-4.700	1.600	-2.600	-3.300	-4.900	-0.500	-2.900	-2.200	-3.800	2.200	0.000	-7.100	3.400	-4.600	1.100	1.400
1.700	-4.900	-5.900	-3.900	-8.500	-1.800	-4.700	-1.100	-1.600	-8.100	-4.800	-5.700	-3.400	-4.000	-2.800	3.600	-0.800	-0.800	-3.200	2.400	-3.600	5.800	-5.000	0.700	6.000	2.600	-0.900	-7.700	-8.000	1.900	1.500	-4.600	1.100	-1.300	-7.900	-0.100	-3.100	3.500	-3.400	-0.300	3.300	2.600	3.400	-3.300	-2.900	-4.500	-6.900	-3.200	-2.800	-1.800	-1.000	-1.100	-1.600	-1.600	-4.900	-0.600
-2.300	-0.900	-5.900	-4.900	-3.500	-4.800	-1.700	-3.100	1.400	-1.100	-2.800	-5.700	-2.400	-1.000	-1.800	-5.400	-1.800	-5.800	-1.200	-3.600	-4.600	-3.200	4.000	-2.300	0.000	3.600	-3.900	-2.700	-4.000	-7.100	-2.500	-4.600	-2.900	-0.300	-2.900	-4.100	-1.100	-2.500	-0.400	-6.300	-3.700	-0.400	-1.600	-3.300	-2.900	5.500	1.100	2.800	-8.800	-1.800	-1.000	-2.100	-4.600	-8.600	-1.900	-4.600
-6.300	-1.900	1.100	-2.900	-6.500	-1.800	-6.700	1.900	5.400	-3.100	-3.800	-4.700	-6.400	-2.000	5.200	-2.400	-5.800	0.200	-4.200	-0.600	-0.600	3.800	8.000	-3.300	5.000	-0.400	-6.900	0.300	-2.000	-2.100	-0.500	-0.600	-4.900	-0.300	-4.900	-2.100	-3.100	1.500	0.600	0.700	-8.700	0.600	1.400	-2.300	-2.900	-2.500	-0.900	-8.200	0.200	1.200	-4.000	0.900	0.400	-3.600	1.100	-4.600
-3.300	-2.900	-3.900	4.100	-2.500	-6.800	-3.700	-5.100	2.400	-0.100	-4.800	-2.700	-4.400	-6.000	0.200	-4.400	-8.800	-4.800	1.800	-2.600	0.400	-3.200	8.000	-3.300	4.000	-1.400	-6.900	-0.700	-9.000	0.900	2.500	0.400	4.100	-2.300	-1.900	-3.100	-3.100	-0.500	4.600	0.700	-4.700	-6.400	4.400	1.700	-2.900	-1.500	-1.900	-5.200	-6.800	-3.800	1.000	-4.100	-3.600	-0.600	-7.900	1.400
-0.300	-1.900	-2.900	5.100	-7.500	-3.800	-2.700	-1.100	-1.600	-5.100	1.200	0.300	2.600	-2.000	0.200	-3.400	-1.800	-4.800	-7.200	5.400	-7.600	6.800	-1.000	-4.300	0.000	1.600	-7.900	2.300	-3.000	-0.100	-1.500	-0.600	4.100	1.700	-1.900	2.900	-2.100	-1.500	-3.400	-6.300	4.300	-1.400	1.400	-1.300	-1.900	-0.500	-0.900	-5.200	-11.800	-5.800	-8.000	-3.100	9.400	-1.600	-2.900	-1.600
0.700	1.100	-6.900	-1.900	-1.500	-6.800	-0.700	-2.100	0.400	-3.100	-3.800	-4.700	0.600	-3.000	-2.800	0.600	-6.800	-2.800	-4.200	4.400	-4.600	3.800	5.000	-0.300	2.000	1.600	-5.900	-7.700	-1.000	-0.100	-2.500	-2.600	-2.900	1.700	0.100	-4.100	-1.100	0.500	-2.400	-5.300	-2.700	-1.400	1.400	-2.300	-1.900	-2.500	-2.900	-7.200	-1.800	-2.800	-4.000	1.900	1.400	-1.600	-3.900	-6.600
-7.300	3.100	-2.900	-2.900	-5.500	-2.800	-0.700	-0.100	-2.600	-3.100	-3.800	-0.700	-7.400	1.000	0.200	-5.400	-7.800	2.200	-0.200	-1.600	-2.600	-3.200	8.000	3.700	-3.000	-3.400	-3.900	-5.700	4.000	-2.100	-3.500	2.400	-2.900	2.700	1.100	3.900	-8.100	-3.500	-1.400	-5.300	-1.700	-0.400	2.400	0.700	-3.900	1.500	-2.900	-0.200	-8.800	-2.800	4.000	-5.100	0.400	-8.600	-0.900	-4.600
-0.300	-2.900	0.100	-0.900	-4.500	-5.800	-2.700	3.900	-1.600	-5.100	-4.800	-5.700	-8.400	1.000	4.200	-0.400	-3.800	-3.800	-1.200	-0.600	-3.600	3.800	2.000	-5.300	5.000	4.600	-7.900	5.300	1.000	-1.100	0.500	-3.600	-1.900	-3.300	-2.900	-0.100	-2.100	-0.500	-5.400	-3.300	0.300	-5.400	2.400	-2.300	0.100	0.500	-5.900	1.800	-4.800	-2.800	2.000	-7.100	1.400	-5.600	-7.900	-2.600
-2.300	-1.900	6.100	-3.900	-7.500	-6.800	-1.700	-2.100	4.400	-0.100	1.200	-3.700	-3.400	-1.000	-0.800	-9.400	-5.800	-1.800	-4.200	0.400	1.400	2.800	-1.000	3.700	3.000	6.600	-4.900	-4.700	-2.000	1.900	-1.500	-1.600	-1.900	2.700	-3.900	1.900	0.900	-0.500	2.600	-6.300	-0.700	-5.400	0.400	-1.300	-3.900	-1.500	-9.900	-6.200	-5.800	2.200	-4.000	-8.100	2.400	-0.600	-6.900	1.400
-4.300	3.100	-11.900	1.100	0.500	-9.800	-5.700	-1.100	0.400	-4.100	0.200	-1.700	-2.400	-1.000	-2.800	-2.400	-5.800	-2.800	-1.200	-2.600	-4.600	6.800	4.000	0.700	0.000	1.600	1.100	1.300	2.000	-2.100	-2.500	-5.600	-3.900	0.700	0.100	0.900	1.900	-2.500	6.600	-4.300	2.300	-5.400	4.400	2.700	0.100	-6.500	-3.900	3.800	-2.800	2.200	-7.000	-1.100	4.400	-3.600	-8.900	-1.600
-3.300	-4.900	-0.900	2.100	2.500	-6.800	-8.700	-2.100	-1.600	-8.100	-5.800	-4.700	-4.400	-3.000	-4.800	-1.400	-3.800	2.200	-2.200	-2.600	2.400	5.800	7.000	-3.300	5.000	2.600	-1.900	2.300	2.000	-3.100	2.500	-1.600	-2.900	0.700	3.100	-3.100	-0.100	2.500	-0.400	-1.300	-0.700	-5.400	-0.600	0.700	-3.900	-3.500	-5.900	-3.200	-1.800	-0.800	2.000	-6.100	-2.600	-4.600	-3.900	2.400
-0.300	1.100	2.100	1.100	-4.500	0.200	-3.700	-6.100	-5.600	-1.100	-5.800	-6.700	-7.400	-5.000	-0.800	1.600	-1.800	-10.800	3.800	-0.600	-0.600	1.800	3.000	-1.300	1.000	3.600	-2.900	-8.700	-1.000	4.900	-2.500	-4.600	6.100	-0.300	-3.900	-2.100	-2.100	-2.500	0.600	0.700	-2.700	-1.400	1.400	-3.300	-2.900	-2.500	-5.900	-5.200	-5.800	1.200	-6.000	4.900	1.400	-7.600	-4.900	-2.600
3.700	-2.900	4.100	-2.900	-6.500	-0.800	-1.700	-2.100	-1.600	-4.100	0.200	-3.700	-4.400	-5.000	-1.800	-0.400	-2.800	-3.800	-6.200	5.400	-1.600	3.800	6.000	4.700	2.000	-3.400	-2.900	0.300	0.000	-1.100	0.500	-1.600	-5.900	0.700	-3.900	-3.100	-6.100	-6.500	-1.400	-5.300	-1.700	2.600	-0.600	-0.300	-10.900	-1.500	-5.900	-0.200	-6.800	-3.800	-5.000	-6.100	0.400	2.400	0.100	-1.600
-5.300	-4.900	-0.900	-3.900	-0.500	-3.800	-4.700	-4.100	-2.600	-6.100	-2.800	-2.700	-5.400	-2.000	-3.800	-5.400	-1.800	0.200	-4.200	4.400	-3.600	6.800	8.000	4.700	2.000	-2.400	-0.900	-1.700	0.000	3.900	-4.500	0.400	-1.900	0.700	1.100	-2.100	-9.100	0.500	2.600	-1.300	-2.700	-7.400	-1.600	0.700	-1.900	-1.500	1.100	-4.200	-2.800	-4.800	-9.000	-4.100	-4.600	-5.600	-1.900	3.400
-2.300	-5.900	-8.900	-2.900	-2.500	-5.800	-2.700	2.900	-2.600	-7.100	-5.800	-2.700	-1.400	1.000	-4.800	-7.400	-0.800	1.200	-6.200	3.400	-2.600	-0.200	7.000	-0.300	2.000	2.600	-1.900	0.300	3.000	0.900	-0.500	-3.600	-1.900	-1.300	-2.900	-4.100	0.900	-6.500	-3.400	-1.300	-1.700	-8.400	-0.600	-5.300	-8.900	-0.500	0.100	-8.200	-6.800	-1.800	-3.000	-4.100	3.400	-5.600	-3.900	-3.600
-0.300	-3.900	1.100	-4.900	-4.500	-3.800	-7.700	-5.100	-6.600	1.900	-7.800	0.300	-6.400	5.000	-3.800	0.600	-13.800	-5.800	2.800	-4.600	-3.600	3.800	9.000	5.700	15.000	-3.400	-3.900	-1.700	-3.000	0.900	-6.500	0.400	-3.900	-3.300	-2.900	-4.100	1.900	-1.500	4.600	-3.300	-4.700	-4.400	-9.600	-2.300	-7.900	-4.500	-3.900	0.800	-5.800	-4.800	-4.000	5.900	0.400	2.400	-2.900	-1.600
-2.300	-0.900	-2.900	-1.900	-5.500	1.200	0.300	-1.100	2.400	-7.100	1.200	-0.700	-1.400	-1.000	0.200	-1.400	-1.800	0.200	-5.200	3.400	5.400	2.800	1.000	2.700	2.000	1.600	-2.900	1.300	1.000	-2.100	2.500	-1.600	2.100	2.700	-4.900	-3.100	-2.100	-0.500	0.600	-7.300	-0.700	-2.400	2.400	2.700	-4.900	-4.500	1.100	2.800	-1.800	-0.800	-3.000	-6.100	-1.600	-2.600	-4.900	-3.600
-1.300	-0.900	-5.900	-2.900	-1.500	-7.800	-10.700	-2.100	2.400	-1.100	-1.800	-6.700	-1.400	-2.000	-0.800	2.600	1.200	1.200	-2.200	-1.600	-7.600	9.800	8.000	3.700	2.000	4.600	-2.900	-1.700	0.000	-4.100	-0.500	1.400	-0.900	4.700	-5.900	-1.100	0.900	-1.500	-1.400	-0.300	-5.700	-3.400	3.400	1.700	-4.900	-3.500	-9.900	-0.200	-4.800	-0.800	0.000	-0.100	-2.600	-7.600	-2.900	-3.600
-1.300	-4.900	-2.900	-2.900	-7.500	-6.800	-4.700	-9.100	-2.600	0.900	-3.800	-9.700	-5.400	1.000	-0.800	2.600	1.200	1.200	1.800	-1.600	-7.600	7.800	8.000	0.700	1.000	3.600	4.100	-0.700	3.000	-1.100	-0.500	-4.600	-3.900	3.700	-5.900	-2.100	-1.100	-2.500	-0.400	-1.300	-8.700	-1.400	-3.600	-2.300	-5.900	-2.500	-6.900	0.800	-4.800	-3.800	-4.000	1.900	-2.600	4.400	-3.900	-0.600
-1.300	-8.900	0.100	2.100	-0.500	0.200	-4.700	-5.100	-4.600	-2.100	-2.800	-3.700	-4.400	0.000	-4.800	-4.400	0.200	-6.800	-6.200	-2.600	-4.600	6.800	9.000	3.700	-1.000	2.600	2.100	-2.700	-3.000	-0.100	-1.500	-1.600	-5.900	2.700	-3.900	-0.100	-3.100	-2.500	-3.400	-7.300	-5.700	0.600	-5.600	-1.300	-4.900	-0.500	-3.900	4.800	-3.800	3.200	-3.000	-0.100	3.400	-0.600	-5.900	-1.600
-3.300	4.100	-1.900	-3.900	-3.500	-2.800	-6.700	-2.100	-8.600	-2.100	1.200	0.300	-5.400	1.000	-0.800	-6.400	0.200	-0.800	2.800	-0.600	-4.600	1.800	15.000	8.700	6.000	8.600	-0.900	-1.700	2.000	-0.100	0.500	-1.600	3.100	3.700	-7.900	0.900	-1.100	4.500	3.600	-2.300	-4.700	-4.400	-0.600	-7.300	-2.900	-2.500	-1.900	-1.200	-3.800	0.200	-7.000	-7.100	-1.600	-2.600	2.100	4.400
3.700	-2.900	-8.900	-5.900	-1.500	-3.800	-1.700	-2.100	-4.600	-4.100	-1.800	-0.700	-4.400	-1.000	-3.800	-7.400	-2.800	-6.800	-0.200	3.400	2.400	5.800	8.000	3.700	0.000	10.600	5.100	-2.700	3.000	-0.100	-1.500	-5.600	4.100	-0.300	-0.900	-7.100	1.900	-5.500	2.600	-4.300	-6.700	2.600	3.400	-7.300	-1.900	-5.500	1.100	-2.200	-0.800	4.200	-2.000	0.900	0.400	-3.600	-6.900	-0.600
-0.300	-2.900	-1.900	-2.900	-0.500	-1.800	2.300	-5.100	-0.600	-4.100	2.200	1.300	-5.400	-3.000	-0.800	1.600	-0.800	-1.800	-2.200	5.400	0.400	2.800	12.000	1.700	14.000	13.600	-0.900	-3.700	0.000	1.900	4.500	-2.600	1.100	4.700	1.100	4.900	-1.100	3.500	4.600	-3.300	6.300	0.600	-0.600	-1.300	-2.900	-0.500	-4.900	1.800	-2.800	-5.800	-4.000	-2.100	0.400	-2.600	-0.900	-1.600
1.700	-6.900	-0.900	-1.900	-3.500	-8.800	-5.700	1.900	-1.600	1.900	-1.800	-0.700	-2.400	-4.000	-4.800	-3.400	1.200	-4.800	-4.200	3.400	-4.600	8.800	13.000	3.700	4.000	10.600	1.100	4.300	-5.000	-2.100	9.500	0.400	-0.900	-0.300	-3.900	-3.100	-2.100	4.500	-0.400	-5.300	-3.700	-4.400	-1.600	-4.300	-2.900	-3.500	-5.900	1.800	-4.800	0.200	-4.000	-5.100	-2.600	-0.600	0.100	-4.600
1.700	-0.900	1.100	1.100	-8.500	1.200	-3.700	-2.100	-3.600	-5.100	-8.800	2.300	-6.400	-6.000	-2.800	-4.400	0.200	-1.800	-0.200	-1.600	0.400	2.800	11.000	5.700	10.000	4.600	1.100	0.300	-3.000	-4.100	1.500	-4.600	0.100	-3.300	-1.900	-2.100	-3.100	-0.500	1.600	-2.300	-2.700	0.600	-2.600	3.700	-11.900	-3.500	-5.900	-6.200	-9.800	-8.800	-4.000	0.900	2.400	-2.600	-3.900	-3.600
-1.300	-2.900	-3.900	2.100	-7.500	-2.800	-6.700	-3.100	-6.600	-3.100	-0.800	-4.700	-3.400	3.000	7.200	-6.400	1.200	6.200	-4.200	-1.600	3.400	6.800	10.000	6.700	8.000	7.600	-1.900	1.300	-1.000	1.900	0.500	0.400	-8.900	2.700	-2.900	1.900	-6.100	0.500	-6.400	-5.300	-4.700	-6.400	2.400	2.700	-1.900	-5.500	2.100	-0.200	-6.800	-4.800	-6.000	-3.100	-2.600	-1.600	-2.900	-3.600
-0.300	-1.900	2.100	2.100	-4.500	-0.800	-5.700	1.900	-3.600	-3.100	-3.800	-10.700	-8.400	-3.000	-3.800	-2.400	-4.800	-4.800	1.800	-3.600	-2.600	4.800	11.000	19.700	8.000	8.600	4.100	2.300	-1.000	-1.100	3.500	-0.600	-1.900	-3.300	-7.900	-3.100	0.900	-1.500	-2.400	-6.300	0.300	-2.400	-7.600	-4.300	-2.900	-4.500	2.100	-0.200	-2.800	-2.800	-4.000	-0.100	5.400	-6.600	-1.900	2.400
-1.300	-2.900	-0.900	0.100	-7.500	-0.800	-3.700	-2.100	-4.600	-2.100	-6.800	-0.700	-3.400	-6.000	-0.800	-1.400	0.200	-4.800	-4.200	-1.600	-0.600	10.800	12.000	6.700	9.000	6.600	8.100	-1.700	1.000	-0.100	-1.500	-2.600	2.100	1.700	0.100	-2.100	-3.100	0.500	1.600	-6.300	-2.700	-2.400	-1.600	-3.300	2.100	-3.500	-6.900	2.800	-7.800	-2.800	-1.000	2.900	0.400	-5.600	-3.900	-6.600
-0.300	-0.900	-0.900	-4.900	-3.500	-4.800	-4.700	-5.100	1.400	-3.100	-6.800	-7.700	-0.400	-3.000	3.200	-4.400	-1.800	-0.800	-2.200	3.400	-3.600	5.800	14.000	5.700	9.000	7.600	10.100	0.300	2.000	4.900	-1.500	2.400	-4.900	-0.300	-6.900	-3.100	2.900	-1.500	3.600	-6.300	0.300	-1.400	0.400	1.700	-1.900	2.500	-5.900	-4.200	-7.800	-5.800	-1.000	-2.100	5.400	-1.600	-7.900	-1.600
3.700	0.100	-1.900	1.100	-5.500	0.200	-8.700	-0.100	-4.600	-4.100	-5.800	-1.700	0.600	-4.000	2.200	-8.400	-6.800	-4.800	2.800	-0.600	-7.600	2.800	15.000	9.700	12.000	12.600	5.100	-2.700	0.000	0.900	-2.500	-3.600	-0.900	-5.300	-2.900	-4.100	-1.100	0.500	-3.400	-3.300	-2.700	-1.400	3.400	-3.300	-5.900	-1.500	0.100	-0.200	-5.800	0.200	-7.000	-1.100	9.400	-1.600	-4.900	-1.600
-0.300	-1.900	-3.900	-3.900	1.500	-9.800	-0.700	-2.100	-8.600	-1.100	-3.800	-3.700	-6.400	-3.000	-2.800	-8.400	1.200	2.200	-1.200	1.400	6.400	8.800	9.000	7.700	10.000	16.600	4.100	3.300	5.000	-2.100	-1.500	-1.600	-3.900	0.700	-5.900	-7.100	-3.100	1.500	1.600	-8.300	-7.700	-3.400	-1.600	-3.300	-3.900	2.500	-2.900	-1.200	-5.800	-0.800	-2.000	-5.100	5.400	-2.600	-2.900	-5.600
-3.300	2.100	-2.900	-1.900	-6.500	-6.800	-7.700	0.900	-10.600	-2.100	-2.800	1.300	-7.400	3.000	0.200	0.600	-6.800	2.200	-1.200	-1.600	2.400	8.800	11.000	7.700	6.000	17.600	11.100	0.300	2.000	1.900	-4.500	-1.600	-0.900	-3.300	-1.900	-1.100	-3.100	0.500	0.600	0.700	-1.700	-2.400	10.400	1.700	-4.900	-1.500	-3.900	-2.200	3.200	0.200	-7.000	-6.100	-1.600	-4.600	-5.900	-3.600
-0.300	-4.900	-0.900	-7.900	-2.500	-1.800	-9.700	-4.100	-3.600	-8.100	-2.800	-3.700	1.600	-3.000	-2.800	-3.400	-6.800	-2.800	2.800	-4.600	-1.600	7.800	16.000	15.700	14.000	13.600	8.100	1.300	2.000	3.900	-1.500	0.400	-1.900	1.700	-1.900	1.900	-4.100	2.500	-3.400	-2.300	-5.700	-5.400	0.400	-1.300	-5.900	1.500	1.100	-4.200	-4.800	-6.800	-3.000	-2.100	-1.600	-4.600	-1.900	1.400
-0.300	2.100	-1.900	-3.900	-5.500	-8.800	-5.700	2.900	-0.600	-2.100	-3.800	-3.700	-1.400	-1.000	-1.800	-3.400	-3.800	-1.800	2.800	-3.600	-4.600	4.800	17.000	14.700	11.000	16.600	7.100	1.300	6.000	-3.100	-3.500	-2.600	-2.900	-0.300	-5.900	-3.100	-0.100	1.500	-0.400	-3.300	-4.700	0.600	5.400	1.700	1.100	0.500	-5.900	0.800	2.200	-6.800	1.000	-4.100	4.400	-3.600	-0.900	3.400
-5.300	-6.900	-4.900	3.100	-1.500	-0.800	-1.700	-4.100	-4.600	-4.100	-7.800	-4.700	-5.400	-2.000	-1.800	-4.400	-1.800	-2.800	-2.200	-3.600	-0.600	10.800	18.000	15.700	19.000	18.600	12.100	7.300	3.000	0.900	0.500	-2.600	2.100	-0.300	-1.900	-1.100	-3.100	-0.500	-3.400	-5.300	3.300	-0.400	1.400	-2.300	-2.900	-1.500	-5.900	2.800	-6.800	-3.800	-1.000	0.900	1.400	4.400	-5.900	-4.600
-0.300	-6.900	-0.900	-0.900	3.500	-3.800	-1.700	-2.100	-2.600	-3.100	-4.800	-5.700	-6.400	-4.000	2.200	-7.400	-2.800	-0.800	1.800	-2.600	-0.600	8.800	18.000	13.700	14.000	21.600	11.100	5.300	7.000	3.900	-2.500	-3.600	5.100	-2.300	-1.900	3.900	-4.100	0.500	2.600	-3.300	-0.700	-2.400	-5.600	1.700	-3.900	-5.500	-1.900	-0.200	-3.800	-2.800	-2.000	-6.100	1.400	-6.600	-3.900	-2.600
-0.300	0.100	-3.900	-3.900	-3.500	-1.800	-6.700	0.900	-0.600	-1.100	-4.800	-1.700	-9.400	0.000	-4.800	4.600	-5.800	-0.800	-2.200	-5.600	-3.600	9.800	20.000	10.700	23.000	20.600	12.100	6.300	7.000	2.900	-1.500	-5.600	3.100	-3.300	-5.900	1.900	-4.100	-3.500	3.600	-6.300	3.300	-1.400	-3.600	-3.300	-1.900	-4.500	1.100	-0.200	-0.800	1.200	-9.000	-0.100	1.400	-6.600	-2.900	2.400
1.700	-2.900	-0.900	0.100	-1.500	-4.800	-5.700	-2.100	-3.600	-0.100	-0.800	-7.700	4.600	-4.000	-5.800	-2.400	-8.800	-1.800	-0.200	5.400	-0.600	9.800	19.000	13.700	19.000	24.600	10.100	0.300	6.000	6.900	-2.500	-7.600	-3.900	0.700	-4.900	0.900	-3.100	-6.500	-4.400	-3.300	-0.700	-4.400	-6.600	-0.300	-4.900	-6.500	-2.900	-2.200	-5.800	-4.800	-4.000	1.900	-0.600	-4.600	-1.900	-1.600
0.700	-3.900	-2.900	-0.900	0.500	-3.800	-3.700	-7.100	-2.600	1.900	1.200	-4.700	-8.400	-3.000	-4.800	0.600	-0.800	-1.800	1.800	-1.600	-1.600	8.800	19.000	15.700	26.000	20.600	21.100	4.300	6.000	5.900	-0.500	-6.600	-1.900	-5.300	-1.900	1.900	-2.100	-2.500	-2.400	1.700	3.300	-2.400	2.400	-1.300	-3.900	-6.500	-6.900	-1.200	-1.800	2.200	1.000	-8.100	4.400	-0.600	-1.900	1.400
5.700	-3.900	-4.900	0.100	-1.500	-0.800	-7.700	-6.100	-4.600	-2.100	-6.800	-2.700	0.600	-2.000	-2.800	-1.400	-0.800	-6.800	3.800	4.400	-1.600	14.800	22.000	19.700	21.000	16.600	16.100	7.300	6.000	0.900	1.500	-6.600	0.100	2.700	0.100	1.900	-2.100	2.500	1.600	-3.300	-5.700	-1.400	-2.600	0.700	-3.900	-1.500	1.100	5.800	-7.800	0.200	0.000	-2.100	0.400	-4.600	-4.900	0.400
-3.300	-3.900	-5.900	-0.900	0.500	-3.800	-8.700	-1.100	-7.600	-0.100	-4.800	-2.700	-2.400	-3.000	-1.800	-2.400	-8.800	4.200	-1.200	0.400	-0.600	12.800	15.000	20.700	20.000	28.600	22.100	6.300	7.000	11.900	-5.500	2.400	4.100	1.700	-7.900	-1.100	0.900	0.500	-0.400	-5.300	-1.700	0.600	-5.600	-0.300	-6.900	-0.500	-0.900	-8.200	-0.800	-5.800	4.000	-0.100	-1.600	-7.600	-3.900	4.400
-4.300	-3.900	4.100	-2.900	-4.500	-13.800	-6.700	-1.100	-5.600	-2.100	-7.800	-2.700	-5.400	-1.000	-7.800	-2.400	-0.800	2.200	0.800	-2.600	3.400	9.800	26.000	19.700	29.000	24.600	16.100	10.300	5.000	2.900	0.500	-3.600	-1.900	-1.300	-7.900	-0.100	-1.100	0.500	0.600	-0.300	-4.700	-0.400	1.400	-0.300	-1.900	-0.500	-8.900	2.800	-5.800	-5.800	-1.000	-2.100	2.400	-3.600	0.100	-0.600
5.700	-6.900	-3.900	-4.900	-4.500	-6.800	-1.700	-0.100	-2.600	-1.100	-2.800	-1.700	-1.400	0.000	-3.800	-8.400	-4.800	-0.800	2.800	3.400	-0.600	13.800	18.000	19.700	24.000	35.600	21.100	9.300	4.000	2.900	0.500	-1.600	0.100	1.700	2.100	6.900	-2.100	0.500	1.600	-4.300	1.300	0.600	-2.600	-1.300	0.100	2.500	-6.900	-7.200	-5.800	-0.800	-2.000	0.900	-3.600	2.400	-9.900	1.400
6.700	-4.900	-0.900	-4.900	-2.500	-4.800	-1.700	-3.100	-1.600	-3.100	-3.800	-5.700	-0.400	-1.000	-3.800	-4.400	2.200	5.200	-0.200	0.400	1.400	7.800	17.000	16.700	27.000	40.600	25.100	9.300	2.000	0.900	0.500	-1.600	0.100	5.700	-2.900	-3.100	0.900	-4.500	0.600	-4.300	-3.700	-1.400	1.400	-4.300	-0.900	-0.500	-4.900	-2.200	-7.800	0.200	-4.000	-9.100	-2.600	-3.600	-2.900	5.400
2.700	-6.900	-5.900	-0.900	-0.500	0.200	-0.700	-3.100	-1.600	-1.100	-0.800	-4.700	-2.400	0.000	-3.800	-5.400	-1.800	-1.800	-1.200	0.400	4.400	16.800	22.000	24.700	30.000	35.600	19.100	17.300	15.000	4.900	-5.500	4.400	-5.900	-2.300	-5.900	-0.100	-4.100	-1.500	-0.400	-6.300	-6.700	-2.400	-0.600	-1.300	0.100	-0.500	1.100	-2.200	-2.800	-1.800	-3.000	-2.100	-1.600	-14.600	-6.900	0.400
4.700	-7.900	4.100	-2.900	-4.500	-7.800	-11.700	0.900	-2.600	0.900	-3.800	-7.700	-8.400	-3.000	-1.800	-0.400	-6.800	-2.800	-1.200	2.400	-3.600	15.800	17.000	19.700	28.000	38.600	26.100	12.300	13.000	-0.100	-0.500	-4.600	-2.900	0.700	-7.900	-5.100	-3.100	-5.500	-2.400	-3.300	-1.700	-1.400	-0.600	0.700	1.100	-3.500	-7.900	-7.200	-8.800	2.200	0.000	5.900	2.400	0.400	-9.900	-2.600
5.700	-2.900	-0.900	-2.900	-3.500	-2.800	-2.700	-5.100	-3.600	-8.100	-6.800	-5.700	-5.400	-2.000	-4.800	-6.400	5.200	-5.800	1.800	3.400	-1.600	8.800	30.000	25.700	33.000	37.600	25.100	14.300	13.000	6.900	-1.500	-3.600	-1.900	-1.300	-2.900	-2.100	0.900	-2.500	-2.400	-0.300	-4.700	-3.400	4.400	-5.300	0.100	2.500	-2.900	-5.200	-3.800	-1.800	-3.000	-9.100	2.400	-2.600	-3.900	-2.600
-6.300	-1.900	-0.900	-0.900	0.500	-4.800	-4.700	-0.100	-1.600	-6.100	-6.800	-0.700	-0.400	0.000	-4.800	2.600	-3.800	-5.800	-0.200	3.400	1.400	8.800	20.000	26.700	30.000	37.600	21.100	10.300	9.000	7.900	-4.500	-1.600	-0.900	-4.300	-1.900	-7.100	-4.100	-3.500	2.600	-7.300	-1.700	-3.400	-2.600	-6.300	-8.900	-2.500	-3.900	-1.200	-4.800	-3.800	-2.000	-5.100	-4.600	-2.600	-4.900	-0.600
0.700	-0.900	-3.900	1.100	-4.500	-1.800	-8.700	3.900	-0.600	4.900	-2.800	-0.700	-4.400	-2.000	5.200	-0.400	1.200	-2.800	1.800	2.400	1.400	17.800	27.000	25.700	35.000	40.600	32.100	23.300	18.000	3.900	1.500	-6.600	-4.900	6.700	-4.900	-0.100	0.900	2.500	-3.400	-5.300	-4.700	-7.400	0.400	-2.300	-0.900	0.500	-3.900	-0.200	-3.800	-5.800	-4.000	-2.100	-3.600	0.400	-0.900	-0.600
5.700	-6.900	0.100	-4.900	-8.500	-3.800	-9.700	-5.100	-7.600	-4.100	-3.800	-0.700	-0.400	-3.000	-7.800	-11.400	-5.800	-2.800	-5.200	-2.600	4.400	14.800	30.000	30.700	45.000	52.600	31.100	17.300	13.000	2.900	4.500	1.400	-0.900	2.700	2.100	0.900	-5.100	-3.500	2.600	-6.300	0.300	-3.400	0.400	-2.300	-5.900	-0.500	-4.900	-0.200	-3.800	1.200	-1.000	-3.100	-2.600	0.400	-2.900	-3.600
-0.300	-4.900	3.100	-0.900	-4.500	-5.800	-4.700	-2.100	-9.600	1.900	-6.800	-4.700	3.600	-2.000	-9.800	-4.400	-0.800	1.200	-3.200	4.400	0.400	18.800	35.000	35.700	43.000	51.600	37.100	22.300	19.000	18.900	2.500	-1.600	1.100	2.700	0.100	0.900	-0.100	-3.500	-1.400	1.700	0.300	-3.400	3.400	-4.300	0.100	-2.500	-7.900	-3.200	-5.800	-6.800	-9.000	-5.100	0.400	-3.600	-2.900	2.400
-2.300	-5.900	-4.900	2.100	-2.500	-10.800	-11.700	-2.100	-4.600	-4.100	-2.800	-8.700	0.600	2.000	-6.800	-2.400	-7.800	-0.800	-1.200	1.400	-1.600	19.800	35.000	34.700	39.000	51.600	40.100	16.300	14.000	7.900	3.500	-4.600	0.100	-0.300	-3.900	-4.100	-0.100	-4.500	-1.400	0.700	-1.700	-8.400	-0.600	-4.300	0.100	-6.500	-1.900	-1.200	-3.800	-3.800	-5.000	-1.100	1.400	-2.600	-8.900	2.400
-0.300	-5.900	-4.900	0.100	-2.500	2.200	-7.700	-4.100	-3.600	-3.100	0.200	-8.700	-2.400	-4.000	-1.800	0.600	-0.800	1.200	-4.200	4.400	1.400	15.800	28.000	34.700	42.000	52.600	44.100	17.300	20.000	10.900	-4.500	-2.600	-0.900	1.700	-6.900	2.900	-9.100	-1.500	3.600	-3.300	-3.700	2.600	2.400	0.700	1.100	0.500	-3.900	-5.200	-7.800	-3.800	-4.000	0.900	3.400	-4.600	-1.900	-2.600
7.700	4.100	-2.900	-1.900	-4.500	-4.800	-9.700	1.900	-5.600	-2.100	-4.800	-2.700	3.600	1.000	-11.800	-5.400	-3.800	6.200	-0.200	0.400	-3.600	18.800	33.000	40.700	51.000	62.600	47.100	19.300	24.000	14.900	8.500	-5.600	5.100	2.700	-4.900	-2.100	-7.100	0.500	-2.400	0.700	-5.700	-3.400	-1.600	1.700	-9.900	-0.500	-2.900	-7.200	-4.800	-5.800	-6.000	-1.100	-1.600	3.400	-2.900	-5.600
-0.300	-6.900	-3.900	-2.900	-3.500	-3.800	-0.700	-4.100	0.400	-8.100	-2.800	-0.700	-4.400	1.000	-1.800	2.600	5.200	0.200	-2.200	1.400	2.400	16.800	33.000	38.700	44.000	63.600	42.100	26.300	15.000	12.900	-0.500	-1.600	3.100	0.700	-8.900	-1.100	-11.100	2.500	-0.400	-1.300	1.300	-7.400	-0.600	-0.300	0.100	-0.500	2.100	-3.200	-5.800	5.200	-1.000	-0.100	-0.600	-9.600	-2.900	0.400
-6.300	-2.900	-0.900	-1.900	-4.500	-4.800	-6.700	-4.100	-2.600	0.900	-5.800	0.300	-2.400	-4.000	-5.800	-2.400	-4.800	2.200	-2.200	-3.600	-3.600	21.800	41.000	38.700	49.000	52.600	48.100	19.300	16.000	17.900	0.500	-7.600	-2.900	8.700	-4.900	-0.100	-0.100	0.500	1.600	-9.300	4.300	-1.400	-1.600	1.700	0.100	-0.500	-6.900	-2.200	-7.800	0.200	-3.000	-0.100	-2.600	-5.600	-6.900	0.400
-0.300	-4.900	1.100	0.100	-2.500	-2.800	-4.700	1.900	-0.600	-2.100	-4.800	-5.700	-3.400	-3.000	-10.800	-0.400	1.200	1.200	-3.200	-2.600	-0.600	23.800	36.000	29.700	47.000	59.600	42.100	20.300	23.000	11.900	6.500	-0.600	-1.900	5.700	1.100	-1.100	-6.100	-3.500	5.600	-0.300	-1.700	2.600	-2.600	-5.300	-0.900	-4.500	-14.900	-2.200	0.200	-5.800	-7.000	-2.100	-5.600	0.400	-3.900	1.400
-6.300	-0.900	-1.900	4.100	-2.500	-3.800	3.300	4.900	-5.600	2.900	-7.800	-0.700	0.600	-1.000	1.200	0.600	-1.800	0.200	-7.200	3.400	6.400	23.800	42.000	43.700	50.000	64.600	51.100	25.300	16.000	8.900	5.500	-2.600	-2.900	1.700	-2.900	-3.100	-8.100	2.500	-5.400	-1.300	-3.700	-0.400	-0.600	-1.300	-2.900	1.500	-4.900	-3.200	-2.800	-1.800	-1.000	0.900	-0.600	-6.600	-2.900	-4.600
-1.300	-0.900	0.100	-1.900	2.500	-6.800	2.300	-4.100	-3.600	-3.100	-4.800	-2.700	-2.400	-4.000	-7.800	-0.400	2.200	3.200	-5.200	3.400	-3.600	19.800	37.000	41.700	49.000	67.600	53.100	22.300	18.000	10.900	1.500	-6.600	1.100	3.700	-2.900	-7.100	-3.100	-1.500	-3.400	-0.300	-0.700	3.600	1.400	-3.300	-0.900	-6.500	-3.900	-1.200	-10.800	-1.800	-2.000	-1.100	-2.600	-1.600	-3.900	-2.600
-5.300	-2.900	-5.900	-0.900	-2.500	-8.800	-3.700	-6.100	1.400	-9.100	-0.800	-2.700	-2.400	-2.000	-4.800	2.600	-0.800	-4.800	-1.200	-0.600	6.400	18.800	40.000	43.700	54.000	67.600	59.100	33.300	17.000	13.900	5.500	-0.600	-3.900	0.700	-6.900	-0.100	-2.100	-0.500	-8.400	-3.300	-0.700	-5.400	2.400	3.700	0.100	-3.500	-2.900	1.800	-7.800	2.200	-1.000	-3.100	2.400	-5.600	-2.900	-5.600
-0.300	-5.900	-0.900	-0.900	-6.500	-2.800	-6.700	1.900	0.400	0.900	-1.800	0.300	1.600	-3.000	1.200	-5.400	-2.800	-2.800	2.800	5.400	1.400	22.800	38.000	49.700	55.000	68.600	61.100	29.300	26.000	16.900	4.500	2.400	4.100	6.700	-6.900	-1.100	1.900	-3.500	-0.400	0.700	-5.700	-6.400	-1.600	0.700	-10.900	-0.500	1.100	-3.200	-0.800	-5.800	2.000	1.900	-4.600	-0.600	-7.900	-3.600
0.700	-3.900	-2.900	-4.900	-2.500	-3.800	-5.700	-1.100	-2.600	-7.100	-5.800	-2.700	-4.400	-3.000	-1.800	-5.400	0.200	-6.800	-0.200	-2.600	2.400	24.800	45.000	48.700	60.000	75.600	55.100	32.300	26.000	17.900	3.500	-4.600	-2.900	-0.300	-4.900	2.900	0.900	-4.500	1.600	-2.300	-3.700	-3.400	-1.600	0.700	-3.900	-4.500	0.100	-0.200	-1.800	-3.800	-3.000	-0.100	-0.600	-1.600	-1.900	2.400
0.700	-2.900	-2.900	2.100	-2.500	0.200	0.300	-5.100	-9.600	-3.100	-4.800	-2.700	-5.400	-5.000	-0.800	-5.400	-0.800	-1.800	-1.200	-0.600	7.400	23.800	53.000	51.700	64.000	75.600	64.100	41.300	27.000	21.900	8.500	2.400	1.100	0.700	-3.900	2.900	-3.100	-1.500	1.600	-2.300	-2.700	-5.400	-0.600	-2.300	-2.900	-3.500	-3.900	-0.200	-3.800	-1.800	-3.000	0.900	2.400	-6.600	-0.900	-0.600
-8.300	-2.900	2.100	4.100	2.500	-4.800	-1.700	-9.100	0.400	-4.100	-6.800	-4.700	-3.400	-1.000	0.200	0.600	-3.800	-0.800	-8.200	-1.600	4.400	26.800	48.000	47.700	66.000	75.600	63.100	35.300	25.000	17.900	10.500	-1.600	1.100	-5.300	-5.900	2.900	0.900	3.500	-4.400	-1.300	-3.700	-1.400	-2.600	-6.300	-6.900	-9.500	-3.900	4.800	-10.800	-3.800	-7.000	-2.100	-0.600	-2.600	-3.900	-4.600
-1.300	-4.900	1.100	2.100	0.500	-1.800	-1.700	2.900	-0.600	-2.100	-4.800	-0.700	-7.400	3.000	-2.800	-2.400	0.200	-3.800	0.800	4.400	1.400	19.800	49.000	56.700	73.000	85.600	64.100	31.300	28.000	21.900	9.500	-1.600	1.100	-2.300	-5.900	-3.100	-3.100	-3.500	0.600	-1.300	4.300	-4.400	-1.600	0.700	-7.900	-5.500	-4.900	-0.200	-10.800	1.200	-1.000	-9.100	2.400	-3.600	1.100	-2.600
-1.300	-0.900	1.100	-1.900	-3.500	-0.800	-6.700	-2.100	4.400	-5.100	-3.800	-7.700	-6.400	-5.000	1.200	-4.400	-4.800	-1.800	-2.200	5.400	2.400	29.800	53.000	55.700	66.000	87.600	67.100	31.300	26.000	21.900	7.500	-2.600	0.100	-0.300	-2.900	1.900	-3.100	2.500	-0.400	-4.300	6.300	-1.400	-0.600	0.700	-2.900	-0.500	4.100	2.800	-3.800	-2.800	-8.000	-6.100	-0.600	-2.600	-2.900	1.400
-5.300	3.100	-4.900	0.100	0.500	-2.800	-0.700	-2.100	-3.600	-2.100	-0.800	3.300	-9.400	-2.000	-3.800	4.600	1.200	-0.800	2.800	-0.600	6.400	22.800	55.000	68.700	68.000	96.600	72.100	43.300	27.000	30.900	11.500	5.400	-2.900	2.700	-7.900	1.900	-3.100	0.500	0.600	3.700	-4.700	0.600	-3.600	-5.300	0.100	4.500	2.100	-7.200	-5.800	-0.800	-3.000	-6.100	7.400	-3.600	-6.900	-2.600
0.700	-2.900	-0.900	3.100	-5.500	-6.800	-9.700	-5.100	-7.600	-6.100	-4.800	-4.700	-5.400	-2.000	-0.800	-7.400	0.200	4.200	-1.200	1.400	3.400	21.800	51.000	52.700	70.000	90.600	73.100	37.300	34.000	23.900	12.500	3.400	1.100	0.700	-2.900	3.900	-2.100	-1.500	2.600	-1.300	4.300	-2.400	5.400	1.700	0.100	-3.500	-3.900	-0.200	-7.800	-3.800	-6.000	-2.100	1.400	-3.600	-0.900	1.400
-4.300	-2.900	-4.900	2.100	-3.500	-2.800	-0.700	-1.100	-7.600	-8.100	-1.800	-6.700	-3.400	-3.000	-1.800	-7.400	-0.800	0.200	-3.200	2.400	4.400	32.800	56.000	66.700	77.000	93.600	82.100	42.300	37.000	28.900	5.500	4.400	4.100	3.700	-7.900	-4.100	-4.100	-3.500	2.600	-0.300	-4.700	4.600	1.400	-1.300	-5.900	0.500	-2.900	-2.200	-7.800	-4.800	1.000	0.900	1.400	-2.600	-4.900	1.400
-2.300	-0.900	-2.900	-3.900	-2.500	-7.800	-5.700	-0.100	0.400	0.900	-4.800	-1.700	-4.400	-2.000	-8.800	-3.400	0.200	-4.800	-0.200	-0.600	7.400	31.800	54.000	67.700	77.000	100.600	85.100	46.300	38.000	32.900	3.500	1.400	6.100	1.700	-3.900	1.900	-2.100	-4.500	-2.400	-10.300	-4.700	-9.400	-0.600	3.700	-1.900	-7.500	-6.900	-0.200	3.200	-3.800	-4.000	-3.100	1.400	-4.600	-3.900	1.400
-1.300	0.100	-2.900	5.100	-3.500	-7.800	-7.700	-4.100	-7.600	-0.100	-2.800	-5.700	-2.400	-9.000	-3.800	-6.400	-0.800	-0.800	-0.200	2.400	4.400	29.800	55.000	52.700	75.000	105.600	74.100	41.300	28.000	21.900	13.500	1.400	5.100	4.700	-0.900	-4.100	-5.100	-5.500	-2.400	-3.300	-4.700	-7.400	-0.600	1.700	3.100	-2.500	0.100	-2.200	-6.800	-1.800	1.000	-2.100	1.400	-0.600	-4.900	0.400
-1.300	-0.900	-0.900	-3.900	-3.500	-0.800	-3.700	-1.100	-5.600	-3.100	-7.800	-6.700	-2.400	1.000	-5.800	6.600	3.200	2.200	-2.200	3.400	5.400	27.800	63.000	62.700	82.000	93.600	84.100	44.300	34.000	29.900	12.500	3.400	2.100	3.700	-0.900	2.900	-1.100	-0.500	-4.400	-3.300	0.300	-5.400	4.400	-0.300	-4.900	3.500	-5.900	-3.200	-8.800	-1.800	-6.000	2.900	-0.600	-4.600	-8.900	-0.600
-3.300	1.100	0.100	-3.900	-6.500	-9.800	-4.700	-5.100	0.400	-1.100	0.200	-7.700	-1.400	-2.000	-0.800	-0.400	0.200	-3.800	1.800	3.400	9.400	29.800	64.000	64.700	82.000	100.600	93.100	51.300	36.000	27.900	7.500	3.400	1.100	4.700	0.100	4.900	1.900	-3.500	-1.400	-2.300	-1.700	3.600	5.400	1.700	-2.900	4.500	-3.900	-1.200	-2.800	-5.800	-5.000	-6.100	1.400	-2.600	-5.900	1.400
0.700	2.100	0.100	3.100	-9.500	-5.800	-8.700	-8.100	-3.600	-0.100	-3.800	-0.700	-5.400	-6.000	-0.800	5.600	1.200	-1.800	-4.200	4.400	8.400	30.800	56.000	66.700	83.000	95.600	87.100	48.300	29.000	30.900	10.500	7.400	4.100	1.700	2.100	0.900	-6.100	2.500	-1.400	0.700	-1.700	-1.400	-3.600	-2.300	-7.900	3.500	-3.900	-10.200	0.200	1.200	-2.000	-2.100	6.400	2.400	-2.900	-0.600
-2.300	-4.900	-2.900	-2.900	-4.500	-2.800	2.300	1.900	-5.600	-6.100	-2.800	-2.700	-4.400	-3.000	-2.800	-1.400	-2.800	-3.800	-5.200	2.400	6.400	35.800	69.000	80.700	76.000	104.600	89.100	49.300	35.000	28.900	10.500	-0.600	-0.900	1.700	-2.900	-1.100	-0.100	-5.500	0.600	-2.300	-4.700	-10.400	2.400	-4.300	-6.900	1.500	1.100	-3.200	0.200	-3.800	0.000	-2.100	-4.600	-1.600	-5.900	-1.600
3.700	-1.900	2.100	4.100	-1.500	-7.800	-3.700	-3.100	-1.600	-2.100	-2.800	-1.700	-1.400	2.000	-4.800	-2.400	-3.800	-1.800	2.800	3.400	7.400	41.800	63.000	73.700	84.000	105.600	95.100	54.300	39.000	32.900	11.500	3.400	5.100	3.700	-1.900	-5.100	-5.100	1.500	3.600	-4.300	2.300	-3.400	-2.600	-10.300	-4.900	-0.500	-2.900	-7.200	-3.800	-0.800	-6.000	-4.100	-1.600	-0.600	-0.900	2.400
-0.300	0.100	1.100	-0.900	-0.500	-3.800	-3.700	-3.100	-7.600	-3.100	-6.800	-4.700	-2.400	3.000	-0.800	-0.400	-2.800	-8.800	-0.200	1.400	2.400	33.800	61.000	69.700	87.000	110.600	96.100	61.300	31.000	32.900	17.500	8.400	2.100	-0.300	-4.900	4.900	-5.100	-3.500	-1.400	-4.300	-5.700	-0.400	0.400	5.700	-1.900	-5.500	-6.900	-0.200	-3.800	-0.800	-1.000	-0.100	-3.600	4.400	-7.900	-5.600
-5.300	-2.900	-2.900	-5.900	-4.500	-5.800	-4.700	-3.100	-1.600	-6.100	-0.800	-2.700	-2.400	-4.000	5.200	-5.400	-1.800	-0.800	9.800	3.400	10.400	39.800	72.000	81.700	87.000	111.600	97.100	49.300	36.000	34.900	14.500	-0.600	2.100	8.700	0.100	-2.100	-0.100	0.500	6.600	-8.300	0.300	1.600	-5.600	-2.300	0.100	-2.500	0.100	-3.200	-9.800	-1.800	0.000	-2.100	-2.600	-5.600	-3.900	2.400
-3.300	-6.900	-3.900	1.100	-5.500	-9.800	-1.700	-1.100	-8.600	-4.100	-2.800	-4.700	-2.400	-5.000	-3.800	0.600	-3.800	-4.800	-0.200	1.400	1.400	37.800	66.000	85.700	109.000	113.600	108.100	55.300	42.000	47.900	12.500	10.400	3.100	-2.300	4.100	-5.100	-10.100	-1.500	2.600	-9.300	3.300	0.600	-3.600	2.700	-5.900	1.500	-5.900	0.800	-5.800	-2.800	-4.000	-6.100	2.400	0.400	-2.900	-3.600
2.700	-0.900	-0.900	-0.900	-4.500	0.200	-0.700	-2.100	-6.600	0.900	0.200	-3.700	-0.400	0.000	-3.800	4.600	-3.800	-6.800	-3.200	8.400	3.400	34.800	75.000	91.700	87.000	119.600	104.100	55.300	42.000	36.900	17.500	4.400	9.100	5.700	0.100	4.900	-5.100	1.500	-3.400	-6.300	-4.700	-1.400	2.400	-2.300	3.100	-5.500	-7.900	-7.200	-5.800	-4.800	-10.000	-1.100	-1.600	-10.600	-10.900	0.400
-2.300	0.100	-3.900	-1.900	-1.500	-2.800	-8.700	-1.100	-9.600	-3.100	-5.800	-4.700	-2.400	-2.000	-2.800	-4.400	1.200	3.200	1.800	3.400	9.400	23.800	73.000	94.700	93.000	131.600	103.100	62.300	40.000	34.900	13.500	10.400	10.100	0.700	-0.900	0.900	-5.100	1.500	-2.400	-11.300	1.300	-3.400	1.400	-1.300	-6.900	1.500	-4.900	2.800	0.200	2.200	-4.000	-4.100	4.400	-3.600	2.100	1.400
-1.300	0.100	1.100	-3.900	-8.500	-7.800	-2.700	-6.100	-1.600	-1.100	-4.800	-3.700	-3.400	2.000	-1.800	-2.400	-7.800	-0.800	-0.200	-3.600	8.400	42.800	77.000	85.700	100.000	121.600	109.100	63.300	47.000	36.900	20.500	1.400	4.100	1.700	-1.900	-2.100	0.900	-4.500	4.600	-1.300	-3.700	0.600	-2.600	-1.300	-1.900	1.500	-5.900	-3.200	0.200	-2.800	-6.000	-4.100	3.400	-1.600	-2.900	-2.600
4.700	-6.900	-4.900	-1.900	-5.500	-2.800	5.300	-1.100	-1.600	-6.100	-7.800	-0.700	0.600	-8.000	1.200	-0.400	-2.800	-4.800	2.800	1.400	7.400	36.800	77.000	96.700	93.000	124.600	110.100	63.300	48.000	33.900	14.500	2.400	7.100	7.700	1.100	1.900	-6.100	-0.500	4.600	-8.300	-2.700	-7.400	0.400	0.700	5.100	-5.500	0.100	2.800	-2.800	0.200	-4.000	-1.100	-1.600	-4.600	-4.900	-3.600
-5.300	0.100	1.100	-3.900	-9.500	-4.800	-3.700	1.900	-4.600	-5.100	-8.800	-0.700	-5.400	-7.000	0.200	-1.400	-1.800	-1.800	-0.200	4.400	9.400	35.800	75.000	88.700	99.000	124.600	105.100	65.300	43.000	35.900	12.500	4.400	2.100	1.700	-2.900	0.900	-8.100	-2.500	-2.400	-2.300	0.300	1.600	-7.600	0.700	-1.900	2.500	-3.900	-0.200	-1.800	6.200	-4.000	-0.100	-0.600	-0.600	-5.900	-0.600
0.700	-1.900	2.100	2.100	-3.500	-4.800	-2.700	-0.100	-6.600	0.900	1.200	-4.700	1.600	-4.000	0.200	-2.400	-4.800	-2.800	3.800	13.400	4.400	37.800	79.000	98.700	103.000	130.600	116.100	65.300	43.000	27.900	16.500	10.400	7.100	4.700	-0.900	1.900	-7.100	-1.500	4.600	-3.300	0.300	-2.400	-2.600	-1.300	1.100	-4.500	-3.900	-2.200	-4.800	3.200	-4.000	1.900	-1.600	-3.600	-1.900	-4.600
-6.300	-2.900	-6.900	0.100	-6.500	-4.800	-4.700	3.900	-4.600	-1.100	-1.800	-6.700	-2.400	0.000	-8.800	1.600	-6.800	-5.800	-0.200	7.400	9.400	36.800	82.000	97.700	94.000	120.600	114.100	62.300	40.000	39.900	16.500	7.400	7.100	1.700	-1.900	-0.100	-3.100	-4.500	-3.400	-3.300	1.300	-5.400	-0.600	-1.300	-6.900	2.500	-0.900	-3.200	-4.800	0.200	-3.000	1.900	-4.600	-3.600	-3.900	-0.600
-3.300	-5.900	-3.900	-3.900	-1.500	-9.800	-1.700	-3.100	-2.600	-3.100	2.200	-4.700	-8.400	-7.000	-5.800	-2.400	-2.800	0.200	-1.200	-2.600	10.400	37.800	86.000	105.700	97.000	128.600	117.100	68.300	41.000	40.900	22.500	12.400	7.100	-1.300	-5.900	-0.100	-3.100	3.500	-0.400	-5.300	0.300	-4.400	3.400	3.700	-7.900	0.500	-1.900	-2.200	-4.800	1.200	-11.000	-5.100	4.400	-3.600	-2.900	-5.600
-4.300	-2.900	3.100	-4.900	-10.500	-4.800	0.300	-5.100	-4.600	-10.100	-5.800	0.300	-5.400	-4.000	0.200	-3.400	-0.800	-1.800	0.800	5.400	9.400	45.800	90.000	104.700	108.000	132.600	121.100	69.300	40.000	40.900	11.500	16.400	6.100	4.700	-6.900	6.900	-6.100	2.500	1.600	-0.300	-5.700	2.600	-0.600	-0.300	0.100	-2.500	-5.900	-1.200	-2.800	-1.800	3.000	-2.100	-1.600	-4.600	-5.900	-1.600
-2.300	1.100	-4.900	-2.900	-4.500	-4.800	-2.700	-0.100	-1.600	-1.100	-8.800	-3.700	-2.400	-5.000	-0.800	-4.400	2.200	-3.800	-1.200	2.400	4.400	44.800	85.000	100.700	120.000	132.600	120.100	71.300	49.000	40.900	13.500	4.400	9.100	-2.300	-6.900	-0.100	-1.100	7.500	1.600	-1.300	-1.700	-2.400	-2.600	1.700	-3.900	-5.500	-2.900	-3.200	-7.800	1.200	-1.000	0.900	1.400	-1.600	-2.900	-0.600
-2.300	-4.900	0.100	-1.900	-4.500	-5.800	-2.700	-4.100	-1.600	-0.100	-3.800	-0.700	-0.400	-3.000	-2.800	-0.400	-0.800	1.200	1.800	5.400	11.400	43.800	89.000	110.700	110.000	128.600	130.100	68.300	41.000	41.900	18.500	6.400	3.100	0.700	0.100	-1.100	-5.100	4.500	1.600	-5.300	2.300	-2.400	-3.600	5.700	0.100	1.500	-2.900	-5.200	-4.800	-4.800	-2.000	-4.100	-1.600	-5.600	-3.900	-9.600
-5.300	-0.900	3.100	3.100	-1.500	0.200	-0.700	-11.100	-1.600	1.900	-2.800	-0.700	-6.400	-6.000	0.200	0.600	1.200	-4.800	3.800	6.400	14.400	48.800	90.000	108.700	114.000	126.600	124.100	73.300	37.000	33.900	16.500	7.400	7.100	1.700	5.100	-0.100	0.900	1.500	3.600	-1.300	-1.700	-0.400	-2.600	-3.300	-5.900	-3.500	-2.900	0.800	-7.800	2.200	-11.000	-10.100	-0.600	-3.600	-1.900	-0.600
-8.300	3.100	0.100	-3.900	-6.500	-7.800	-5.700	-3.100	-1.600	-6.100	-6.800	-2.700	-0.400	-3.000	-3.800	1.600	-1.800	-6.800	1.800	9.400	11.400	45.800	93.000	129.700	113.000	128.600	124.100	67.300	41.000	37.900	17.500	0.400	9.100	1.700	-0.900	1.900	-0.100	0.500	-0.400	0.700	-4.700	1.600	-0.600	-1.300	-5.900	2.500	-5.900	-1.200	-3.800	0.200	-4.000	-0.100	-5.600	-3.600	-4.900	-2.600
1.700	-6.900	-5.900	1.100	-3.500	-6.800	-3.700	-1.100	-2.600	2.900	-4.800	1.300	-6.400	-2.000	-4.800	-0.400	1.200	-9.800	2.800	2.400	14.400	42.800	98.000	113.700	105.000	132.600	118.100	74.300	40.000	27.900	13.500	5.400	3.100	-1.300	-0.900	5.900	-2.100	-2.500	-3.400	-8.300	0.300	-0.400	1.400	4.700	-5.900	-0.500	-0.900	-3.200	-4.800	2.200	-6.000	-4.100	-2.600	-6.600	-4.900	-6.600
-4.300	-3.900	-5.900	-4.900	-6.500	-3.800	-3.700	0.900	-4.600	-1.100	-1.800	1.300	-2.400	-1.000	-5.800	0.600	-1.800	2.200	-5.200	2.400	14.400	44.800	99.000	125.700	109.000	123.600	114.100	69.300	44.000	37.900	20.500	4.400	2.100	7.700	-3.900	-5.100	-3.100	-1.500	2.600	-5.300	-0.700	-5.400	-1.600	-6.300	-5.900	-5.500	-4.900	-4.200	1.200	-3.800	-3.000	-1.100	-0.600	0.400	0.100	-0.600
-9.300	-3.900	-3.900	-2.900	1.500	-4.800	-10.700	0.900	3.400	-3.100	-11.800	-1.700	-0.400	4.000	1.200	-2.400	-2.800	-3.800	4.800	7.400	12.400	48.800	109.000	110.700	112.000	134.600	119.100	68.300	42.000	35.900	17.500	6.400	7.100	2.700	2.100	-0.100	-0.100	-2.500	2.600	-6.300	-1.700	2.600	-4.600	3.700	-0.900	0.500	-2.900	1.800	-2.800	-4.800	2.000	-6.100	2.400	-3.600	-1.900	-3.600
-3.300	-0.900	-2.900	-2.900	-3.500	-4.800	-6.700	-4.100	-2.600	-0.100	-5.800	-7.700	-1.400	-3.000	-2.800	-2.400	-1.800	-2.800	4.800	6.400	12.400	56.800	106.000	127.700	123.000	130.600	133.100	65.300	40.000	30.900	17.500	12.400	7.100	8.700	-4.900	-0.100	-2.100	-3.500	-5.400	-3.300	-2.700	0.600	1.400	1.700	-0.900	1.500	-2.900	-2.200	-3.800	-3.800	-2.000	-4.100	1.400	-1.600	-1.900	-2.600
-0.300	-3.900	-0.900	-2.900	-4.500	-2.800	0.300	5.900	-3.600	-1.100	-0.800	-4.700	-1.400	-2.000	2.200	-7.400	3.200	6.200	1.800	5.400	15.400	48.800	94.000	130.700	115.000	113.600	120.100	71.300	41.000	28.900	20.500	5.400	4.100	5.700	0.100	-3.100	-4.100	-4.500	0.600	-5.300	-3.700	-2.400	2.400	1.700	-1.900	5.500	-4.900	1.800	-1.800	-4.800	0.000	-1.100	-0.600	-5.600	-2.900	-1.600
-2.300	-2.900	-4.900	-1.900	-2.500	-4.800	-9.700	4.900	-7.600	-2.100	1.200	-2.700	-4.400	-1.000	0.200	-3.400	0.200	-2.800	2.800	8.400	18.400	54.800	105.000	128.700	124.000	121.600	120.100	73.300	37.000	29.900	20.500	7.400	12.100	5.700	-0.900	0.900	-6.100	-3.500	-0.400	-6.300	-4.700	-6.400	3.400	-0.300	1.100	-1.500	2.100	-6.200	-1.800	0.200	-9.000	0.900	-0.600	-4.600	-2.900	-10.600
1.700	2.100	-0.900	1.100	-7.500	-4.800	-4.700	-2.100	0.400	-6.100	-1.800	-0.700	-5.400	-2.000	-7.800	-0.400	-1.800	1.200	5.800	-0.600	13.400	46.800	103.000	133.700	118.000	121.600	120.100	70.300	31.000	28.900	17.500	2.400	6.100	5.700	-2.900	-4.100	-2.100	-1.500	-1.400	-2.300	-5.700	-8.400	3.400	-3.300	-4.900	-1.500	0.100	0.800	-3.800	-0.800	-6.000	-0.100	-6.600	1.400	-0.900	-3.600
-3.300	-0.900	-2.900	1.100	0.500	-5.800	-0.700	-0.100	-0.600	-3.100	1.200	-5.700	-7.400	-7.000	3.200	-3.400	5.200	-2.800	-0.200	8.400	13.400	56.800	112.000	136.700	118.000	123.600	123.100	78.300	29.000	24.900	10.500	8.400	4.100	2.700	-7.900	0.900	-3.100	-3.500	2.600	-4.300	-0.700	1.600	-0.600	0.700	-1.900	-2.500	1.100	3.800	-12.800	3.200	0.000	-3.100	3.400	-6.600	-4.900	-0.600
-0.300	-1.900	-0.900	-0.900	-1.500	-0.800	-3.700	2.900	-2.600	-2.100	-5.800	-1.700	-3.400	1.000	-1.800	-3.400	2.200	-3.800	-5.200	10.400	16.400	55.800	117.000	139.700	116.000	124.600	126.100	74.300	33.000	28.900	19.500	-1.600	2.100	8.700	3.100	-0.100	-0.100	-3.500	-1.400	-3.300	-1.700	-0.400	1.400	-6.300	-5.900	-3.500	-2.900	1.800	-4.800	-2.800	-9.000	-5.100	-7.600	-1.600	0.100	2.400
-1.300	-4.900	-1.900	0.100	-2.500	-4.800	4.300	-1.100	-4.600	-6.100	-4.800	-2.700	-3.400	2.000	-1.800	-0.400	-2.800	-0.800	-5.200	7.400	16.400	53.800	118.000	143.700	121.000	128.600	124.100	78.300	31.000	29.900	15.500	3.400	5.100	10.700	-4.900	-0.100	-1.100	-5.500	3.600	-2.300	1.300	-5.400	1.400	-4.300	-2.900	-3.500	-1.900	-8.200	-7.800	1.200	-5.000	-0.100	1.400	1.400	-7.900	-5.600
-4.300	-6.900	-5.900	-1.900	-0.500	-9.800	-4.700	-7.100	1.400	-1.100	-3.800	-5.700	-3.400	0.000	-1.800	-7.400	-4.800	-0.800	2.800	2.400	16.400	54.800	121.000	144.700	116.000	119.600	112.100	71.300	33.000	23.900	14.500	6.400	2.100	3.700	-5.900	-1.100	-2.100	-0.500	-0.400	-5.300	3.300	-5.400	-1.600	0.700	-7.900	-2.500	-7.900	-3.200	-3.800	-2.800	-5.000	-2.100	-0.600	-0.600	-5.900	-2.600
-3.300	-2.900	1.100	-1.900	-5.500	0.200	-3.700	-2.100	-1.600	-4.100	-6.800	-0.700	1.600	-3.000	-0.800	1.600	-8.800	-2.800	0.800	7.400	13.400	57.800	120.000	143.700	123.000	131.600	119.100	67.300	33.000	29.900	16.500	3.400	5.100	6.700	-8.900	-0.100	-2.100	-0.500	-1.400	-0.300	2.300	-6.400	-0.600	2.700	-2.900	-1.500	-2.900	-5.200	-7.800	-5.800	0.000	3.900	-0.600	-4.600	-7.900	-3.600
3.700	-0.900	-3.900	-8.900	-1.500	-2.800	-1.700	-0.100	-1.600	-5.100	-0.800	-3.700	-0.400	0.000	-1.800	-8.400	0.200	6.200	0.800	4.400	18.400	50.800	121.000	143.700	126.000	111.600	120.100	70.300	28.000	24.900	18.500	2.400	-0.900	5.700	-2.900	-2.100	-8.100	6.500	1.600	1.700	1.300	-2.400	0.400	-1.300	0.100	-1.500	-4.900	3.800	3.200	-7.800	2.000	-5.100	2.400	-1.600	-1.900	2.400
-7.300	-2.900	-6.900	-0.900	-1.500	-6.800	0.300	-0.100	1.400	-4.100	3.200	-4.700	-5.400	-3.000	8.200	-1.400	3.200	-1.800	1.800	2.400	19.400	59.800	122.000	149.700	122.000	113.600	104.100	70.300	26.000	23.900	17.500	0.400	5.100	-1.300	-1.900	-1.100	-4.100	-0.500	0.600	-5.300	-1.700	-3.400	-5.600	-9.300	-6.900	1.500	2.100	-3.200	-7.800	-1.800	-4.000	3.900	0.400	0.400	-4.900	-2.600
-2.300	-5.900	-2.900	4.100	-4.500	-6.800	-5.700	4.900	0.400	-0.100	0.200	-5.700	-5.400	-10.000	-9.800	-3.400	-3.800	-0.800	1.800	-1.600	17.400	61.800	120.000	153.700	121.000	118.600	119.100	73.300	28.000	26.900	16.500	4.400	9.100	2.700	0.100	-2.100	-2.100	0.500	-2.400	-3.300	-1.700	-3.400	-4.600	4.700	-4.900	-1.500	-5.900	-2.200	-2.800	-5.800	-3.000	0.900	-1.600	-0.600	-5.900	-2.600
-5.300	-4.900	-2.900	-2.900	-5.500	-3.800	-6.700	-2.100	2.400	-8.100	-1.800	-0.700	-0.400	-2.000	-3.800	-0.400	0.200	4.200	0.800	8.400	21.400	57.800	126.000	166.700	127.000	113.600	117.100	66.300	26.000	27.900	14.500	3.400	1.100	3.700	-4.900	0.900	-3.100	-3.500	1.600	-2.300	-3.700	-5.400	0.400	1.700	2.100	0.500	-1.900	-1.200	-2.800	-0.800	-4.000	-0.100	-0.600	-5.600	-8.900	0.400
3.700	-3.900	-5.900	-6.900	-6.500	-3.800	-5.700	-4.100	-2.600	-3.100	-7.800	-3.700	-5.400	-3.000	-0.800	-2.400	2.200	-1.800	1.800	5.400	18.400	59.800	130.000	161.700	134.000	108.600	109.100	70.300	29.000	23.900	9.500	5.400	2.100	6.700	0.100	-1.100	-0.100	-2.500	-0.400	-5.300	-3.700	-1.400	1.400	4.700	-4.900	0.500	-2.900	1.800	-5.800	-5.800	1.000	-6.100	3.400	-1.600	-4.900	2.400
3.700	-4.900	-2.900	-5.900	-6.500	-7.800	-0.700	-3.100	-0.600	-0.100	-5.800	-1.700	0.600	-4.000	2.200	-0.400	-1.800	-2.800	0.800	6.400	14.400	60.800	135.000	160.700	137.000	119.600	109.100	74.300	25.000	21.900	12.500	5.400	-0.900	-2.300	-0.900	-3.100	-3.100	-0.500	0.600	-7.300	-4.700	1.600	-0.600	-3.300	3.100	-3.500	-1.900	-2.200	-9.800	-1.800	-1.000	-1.100	-0.600	-0.600	0.100	-2.600
-1.300	-7.900	-2.900	-3.900	-3.500	-5.800	-4.700	1.900	0.400	-7.100	1.200	-1.700	-2.400	1.000	-3.800	-1.400	1.200	-3.800	0.800	6.400	18.400	63.800	137.000	166.700	131.000	106.600	103.100	63.300	24.000	24.900	12.500	-0.600	3.100	-0.300	-1.900	0.900	-4.100	-2.500	1.600	-1.300	-5.700	-2.400	-4.600	2.700	0.100	2.500	-0.900	-3.200	0.200	-1.800	-7.000	-7.100	1.400	-4.600	-6.900	-7.600
-4.300	-2.900	1.100	-6.900	-3.500	-3.800	-1.700	-1.100	-6.600	-5.100	-10.800	2.300	-0.400	-1.000	-5.800	1.600	1.200	-0.800	1.800	9.400	19.400	64.800	137.000	170.700	139.000	102.600	104.100	63.300	28.000	14.900	9.500	1.400	5.100	-1.300	1.100	-3.100	-3.100	2.500	0.600	2.700	2.300	-5.400	-1.600	0.700	-1.900	0.500	-1.900	-6.200	-1.800	-3.800	-1.000	-4.100	-1.600	1.400	-4.900	-4.600
-4.300	-6.900	0.100	0.100	-6.500	-6.800	-1.700	-5.100	-4.600	-9.100	-6.800	0.300	-1.400	-3.000	0.200	2.600	1.200	0.200	5.800	3.400	18.400	65.800	143.000	175.700	139.000	110.600	97.100	64.300	19.000	14.900	11.500	5.400	-1.900	3.700	-4.900	0.900	-2.100	3.500	3.600	-1.300	-3.700	-2.400	-0.600	1.700	-3.900	0.500	-1.900	-6.200	-6.800	0.200	-3.000	-5.100	4.400	-6.600	-3.900	-2.600
0.700	-2.900	0.100	2.100	0.500	0.200	-7.700	2.900	2.400	-1.100	-3.800	-3.700	-1.400	-5.000	1.200	-0.400	-2.800	0.200	-0.200	8.400	14.400	65.800	153.000	187.700	139.000	100.600	101.100	62.300	26.000	21.900	12.500	6.400	6.100	-1.300	1.100	1.900	-6.100	-7.500	-0.400	-5.300	-2.700	-4.400	-2.600	-5.300	-2.900	-2.500	-3.900	-2.200	-9.800	2.200	0.000	-2.100	-1.600	-2.600	-7.900	-1.600
-2.300	-2.900	-0.900	-5.900	0.500	-1.800	-6.700	-5.100	-1.600	-4.100	-1.800	-8.700	-0.400	1.000	-2.800	-1.400	-2.800	-1.800	2.800	3.400	15.400	66.800	147.000	196.700	143.000	95.600	96.100	59.300	25.000	19.900	8.500	-2.600	4.100	0.700	-0.900	-2.100	-2.100	0.500	1.600	-7.300	-4.700	-4.400	1.400	-1.300	-4.900	-8.500	-0.900	-2.200	-1.800	-2.800	-2.000	0.900	-1.600	0.400	-0.900	-0.600
2.700	0.100	-3.900	-3.900	-6.500	-5.800	-5.700	-7.100	0.400	-4.100	2.200	-6.700	-0.400	-1.000	5.200	-3.400	-3.800	2.200	2.800	7.400	24.400	70.800	151.000	197.700	140.000	91.600	88.100	62.300	21.000	16.900	9.500	-2.600	-3.900	0.700	-1.900	2.900	-0.100	2.500	2.600	-7.300	-2.700	-3.400	0.400	-1.300	1.100	2.500	-3.900	-6.200	-5.800	-1.800	-6.000	-9.100	1.400	-2.600	-4.900	-1.600
3.700	-0.900	-7.900	-4.900	2.500	-8.800	2.300	0.900	-6.600	-5.100	4.200	-1.700	-9.400	-1.000	3.200	-2.400	-2.800	-3.800	0.800	7.400	21.400	73.800	157.000	191.700	147.000	96.600	79.100	59.300	23.000	6.900	2.500	-2.600	0.100	3.700	-5.900	-7.100	-5.100	4.500	-2.400	-3.300	0.300	2.600	2.400	-1.300	-0.900	-1.500	1.100	-3.200	-8.800	-0.800	-11.000	-1.100	-4.600	3.400	1.100	0.400
0.700	-1.900	-1.900	-3.900	0.500	-5.800	-2.700	2.900	3.400	2.900	-3.800	-6.700	0.600	1.000	4.200	0.600	4.200	-2.800	4.800	8.400	19.400	75.800	161.000	194.700	153.000	87.600	86.100	61.300	25.000	23.900	10.500	2.400	-0.900	0.700	-3.900	-0.100	-6.100	-1.500	5.600	-2.300	-1.700	-1.400	-5.600	-3.300	-2.900	-1.500	1.100	-2.200	-11.800	-3.800	-1.000	-2.100	5.400	-3.600	-1.900	2.400
-3.300	-3.900	-5.900	1.100	-3.500	-6.800	-2.700	1.900	-4.600	-2.100	-5.800	-4.700	-3.400	-8.000	0.200	-6.400	-1.800	0.200	1.800	3.400	18.400	79.800	159.000	208.700	151.000	99.600	81.100	57.300	18.000	13.900	8.500	1.400	-0.900	6.700	-1.900	-2.100	1.900	2.500	-0.400	-6.300	1.300	-5.400	0.400	-3.300	-1.900	-2.500	-3.900	-3.200	-2.800	-6.800	-6.000	-5.100	-0.600	-5.600	-5.900	-1.600
-0.300	0.100	-7.900	0.100	-1.500	-2.800	-0.700	2.900	-5.600	-6.100	-6.800	-5.700	1.600	-3.000	-4.800	-1.400	-5.800	-6.800	-2.200	13.400	21.400	70.800	160.000	211.700	165.000	89.600	73.100	50.300	21.000	14.900	7.500	-1.600	0.100	3.700	-1.900	-0.100	-8.100	-6.500	1.600	-6.300	-0.700	-5.400	-0.600	-2.300	-1.900	-3.500	-9.900	0.800	-0.800	-0.800	1.000	0.900	1.400	3.400	-4.900	2.400
-5.300	-0.900	-3.900	-0.900	-5.500	-6.800	-6.700	1.900	-6.600	-3.100	-0.800	-0.700	-2.400	-1.000	1.200	-5.400	3.200	-0.800	-0.200	8.400	27.400	72.800	163.000	205.700	155.000	89.600	77.100	50.300	22.000	6.900	4.500	0.400	4.100	2.700	2.100	-4.100	-4.100	3.500	-1.400	-0.300	-1.700	-3.400	-0.600	-0.300	-3.900	0.500	-4.900	-6.200	-4.800	0.200	-6.000	1.900	1.400	-4.600	-3.900	2.400
-1.300	-0.900	-2.900	-1.900	-1.500	-5.800	-3.700	-4.100	-8.600	-6.100	-5.800	1.300	-2.400	-2.000	-0.800	-2.400	-5.800	1.200	-0.200	7.400	22.400	78.800	170.000	223.700	155.000	83.600	71.100	51.300	22.000	10.900	2.500	4.400	-1.900	-2.300	0.100	-6.100	-3.100	-1.500	-1.400	-2.300	0.300	5.600	-2.600	-1.300	-6.900	2.500	1.100	-6.200	-7.800	0.200	-7.000	-0.100	2.400	-1.600	-9.900	0.400
-1.300	-4.900	0.100	-1.900	-5.500	-2.800	-2.700	-3.100	0.400	-4.100	-4.800	-8.700	-5.400	-6.000	-5.800	-3.400	1.200	-2.800	3.800	9.400	24.400	81.800	165.000	227.700	162.000	77.600	72.100	47.300	15.000	12.900	6.500	-0.600	-2.900	0.700	0.100	2.900	1.900	-0.500	-0.400	-7.300	0.300	-1.400	-1.600	4.700	-3.900	-0.500	-1.900	-1.200	1.200	-5.800	-8.000	-0.100	-3.600	-2.600	-3.900	-1.600
-4.300	-3.900	-1.900	-1.900	-10.500	-5.800	-0.700	-3.100	-3.600	-4.100	2.200	-1.700	0.600	1.000	-3.800	2.600	-1.800	2.200	1.800	3.400	28.400	80.800	173.000	227.700	159.000	78.600	60.100	43.300	16.000	8.900	-0.500	3.400	-3.900	0.700	-4.900	-5.100	-0.100	-1.500	2.600	-0.300	-1.700	-3.400	0.400	-5.300	2.100	-0.500	-5.900	0.800	-0.800	-3.800	-5.000	-3.100	5.400	-5.600	0.100	-5.600
-1.300	-3.900	-0.900	-4.900	-4.500	-3.800	-8.700	-5.100	-2.600	-2.100	-1.800	-4.700	-1.400	-8.000	-2.800	1.600	3.200	-2.800	-1.200	8.400	25.400	83.800	179.000	225.700	164.000	69.600	53.100	50.300	14.000	10.900	8.500	0.400	-1.900	2.700	-1.900	-3.100	2.900	-0.500	-0.400	-5.300	-5.700	1.600	0.400	4.700	-1.900	3.500	-0.900	-0.200	2.200	-3.800	-4.000	2.900	-1.600	-6.600	-5.900	1.400
-2.300	-4.900	1.100	-1.900	-0.500	-0.800	-7.700	-1.100	4.400	-5.100	-3.800	-4.700	-1.400	2.000	-3.800	-1.400	1.200	-2.800	4.800	8.400	22.400	85.800	187.000	242.700	169.000	75.600	56.100	40.300	14.000	9.900	6.500	-10.600	0.100	0.700	1.100	-1.100	-3.100	-1.500	0.600	-6.300	-4.700	-0.400	1.400	2.700	-2.900	-7.500	-2.900	-3.200	-1.800	1.200	-2.000	-2.100	-3.600	1.400	-2.900	-5.600
7.700	-0.900	3.100	-3.900	-7.500	-1.800	-1.700	-1.100	-0.600	-5.100	-5.800	-1.700	-1.400	-6.000	-1.800	-1.400	0.200	-3.800	-1.200	7.400	27.400	90.800	183.000	235.700	175.000	72.600	40.100	38.300	15.000	13.900	5.500	-6.600	5.100	2.700	-1.900	5.900	-7.100	-4.500	-0.400	-6.300	-3.700	0.600	1.400	6.700	-8.900	0.500	-4.900	4.800	-4.800	1.200	-1.000	2.900	-6.600	-2.600	1.100	-3.600
-2.300	-0.900	-0.900	-4.900	-1.500	-2.800	-4.700	-4.100	-1.600	-3.100	0.200	-1.700	-2.400	3.000	-1.800	-2.400	-4.800	-2.800	2.800	11.400	24.400	92.800	193.000	254.700	180.000	73.600	50.100	38.300	15.000	11.900	6.500	0.400	0.100	-6.300	0.100	0.900	-8.100	-2.500	1.600	-6.300	-1.700	-3.400	0.400	-5.300	-4.900	-5.500	-0.900	-0.200	-1.800	0.200	-7.000	-5.100	-0.600	-2.600	-4.900	-2.600
-7.300	-0.900	-1.900	1.100	-5.500	-6.800	-2.700	-4.100	-6.600	-1.100	-5.800	1.300	-3.400	3.000	-0.800	-6.400	1.200	-2.800	5.800	7.400	22.400	87.800	191.000	242.700	184.000	82.600	45.100	38.300	13.000	10.900	6.500	-0.600	3.100	-1.300	-4.900	-4.100	-5.100	-7.500	-0.400	-3.300	-3.700	-0.400	0.400	-6.300	0.100	0.500	-0.900	-1.200	-5.800	-4.800	-2.000	-4.100	0.400	-3.600	-5.900	3.400
-3.300	-6.900	2.100	0.100	-5.500	-2.800	1.300	0.900	-11.600	-2.100	-1.800	-4.700	1.600	2.000	-0.800	-2.400	-2.800	3.200	5.800	3.400	25.400	92.800	186.000	256.700	189.000	82.600	38.100	37.300	19.000	6.900	5.500	-0.600	3.100	1.700	-5.900	-0.100	-4.100	2.500	5.600	-2.300	-0.700	-3.400	-3.600	-2.300	1.100	-0.500	-6.900	1.800	-3.800	-5.800	1.000	1.900	-1.600	-7.600	-1.900	-0.600
-3.300	-2.900	-1.900	0.100	-5.500	-4.800	-5.700	-0.100	1.400	-4.100	-4.800	-2.700	-1.400	-6.000	-4.800	-2.400	-2.800	-1.800	3.800	1.400	26.400	94.800	197.000	258.700	181.000	83.600	28.100	29.300	7.000	12.900	4.500	1.400	4.100	-2.300	-2.900	0.900	-2.100	1.500	-4.400	-4.300	-1.700	-3.400	0.400	3.700	-0.900	-3.500	-2.900	2.800	-3.800	-4.800	-2.000	-1.100	-1.600	3.400	-3.900	-0.600
-1.300	-6.900	-1.900	6.100	-1.500	-0.800	-3.700	-3.100	4.400	1.900	-3.800	-0.700	-1.400	-9.000	-3.800	0.600	-3.800	-2.800	3.800	10.400	27.400	94.800	200.000	275.700	189.000	76.600	38.100	28.300	13.000	8.900	6.500	-1.600	-2.900	-1.300	-3.900	4.900	-7.100	-3.500	0.600	-6.300	-0.700	-1.400	3.400	-3.300	0.100	-4.500	-7.900	-5.200	-3.800	3.200	-3.000	-8.100	-4.600	-3.600	-2.900	0.400
-1.300	1.100	0.100	-4.900	-7.500	-7.800	-2.700	-4.100	-4.600	-3.100	-5.800	-0.700	-2.400	2.000	0.200	-5.400	2.200	0.200	2.800	10.400	19.400	93.800	207.000	276.700	209.000	80.600	32.100	26.300	18.000	5.900	4.500	-2.600	-2.900	3.700	3.100	-1.100	-7.100	-0.500	-2.400	-5.300	-6.700	0.600	-0.600	0.700	-1.900	0.500	-1.900	2.800	-2.800	-0.800	-7.000	-0.100	0.400	-2.600	-5.900	-0.600
2.700	-6.900	4.100	-3.900	-5.500	-3.800	-6.700	-7.100	-4.600	-1.100	-4.800	-2.700	0.600	1.000	1.200	-2.400	-6.800	-1.800	0.800	11.400	27.400	97.800	204.000	279.700	206.000	80.600	33.100	24.300	10.000	6.900	0.500	-3.600	8.100	5.700	-1.900	4.900	-8.100	1.500	0.600	-3.300	2.300	-3.400	0.400	-3.300	-7.900	-2.500	-5.900	-2.200	-3.800	-0.800	-8.000	-8.100	5.400	-4.600	-3.900	-1.600
-3.300	-3.900	6.100	-2.900	-3.500	-6.800	0.300	-5.100	-4.600	-6.100	-1.800	-3.700	-2.400	2.000	-5.800	0.600	-4.800	-1.800	3.800	13.400	33.400	92.800	210.000	296.700	214.000	84.600	31.100	22.300	11.000	4.900	4.500	2.400	2.100	7.700	-2.900	-2.100	-4.100	-0.500	6.600	-4.300	-0.700	-3.400	-2.600	-3.300	-13.900	-6.500	-6.900	-9.200	-8.800	-5.800	-2.000	-3.100	1.400	-4.600	-3.900	-0.600
-0.300	-3.900	-5.900	0.100	3.500	3.200	-1.700	2.900	-5.600	-2.100	-3.800	-0.700	-5.400	-6.000	-1.800	-3.400	0.200	-3.800	-2.200	7.400	28.400	105.800	221.000	283.700	225.000	92.600	26.100	13.300	8.000	9.900	4.500	-0.600	-0.900	6.700	0.100	0.900	-2.100	4.500	-0.400	2.700	-4.700	-6.400	4.400	-3.300	-1.900	-0.500	-5.900	-1.200	-6.800	-2.800	-5.000	-4.100	3.400	-3.600	-1.900	-0.600
-2.300	-5.900	0.100	-3.900	-3.500	-8.800	-7.700	3.900	-4.600	-7.100	-2.800	-5.700	-9.400	-7.000	-1.800	-0.400	-0.800	-1.800	-6.200	5.400	34.400	93.800	223.000	305.700	227.000	90.600	25.100	14.300	8.000	7.900	11.500	-1.600	-0.900	-3.300	0.100	-4.100	-7.100	-4.500	4.600	-3.300	-0.700	-6.400	1.400	-0.300	-5.900	2.500	-2.900	-1.200	-6.800	-5.800	-4.000	-3.100	1.400	-5.600	-3.900	2.400
-1.300	-1.900	-1.900	-0.900	-2.500	-5.800	-8.700	2.900	-8.600	0.900	-7.800	0.300	2.600	2.000	0.200	-0.400	-0.800	-1.800	2.800	15.400	28.400	107.800	223.000	304.700	243.000	90.600	23.100	13.300	13.000	8.900	8.500	1.400	5.100	9.700	-1.900	-6.100	-5.100	0.500	0.600	-7.300	-2.700	-5.400	2.400	-3.300	1.100	0.500	-5.900	-2.200	-4.800	-7.800	-4.000	3.900	-2.600	-1.600	0.100	-2.600
1.700	0.100	-3.900	-7.900	-0.500	2.200	-5.700	-0.100	-9.600	-1.100	-2.800	-10.700	-0.400	-1.000	-3.800	-0.400	-1.800	-0.800	-7.200	6.400	27.400	105.800	229.000	322.700	248.000	104.600	21.100	5.300	4.000	2.900	7.500	3.400	2.100	0.700	-2.900	-0.100	-6.100	0.500	-4.400	0.700	-1.700	-2.400	1.400	-2.300	3.100	3.500	3.100	-1.200	0.200	-3.800	-1.000	0.900	-2.600	-2.600	-3.900	-0.600
-1.300	-2.900	0.100	-0.900	-4.500	-4.800	-2.700	5.900	-4.600	-7.100	0.200	-2.700	-2.400	2.000	-4.800	1.600	-5.800	-2.800	0.800	11.400	28.400	100.800	223.000	330.700	247.000	101.600	21.100	10.300	11.000	6.900	7.500	5.400	0.100	2.700	-1.900	2.900	-5.100	-3.500	0.600	-3.300	2.300	2.600	-0.600	-2.300	2.100	1.500	-2.900	-2.200	-7.800	0.200	-5.000	-2.100	-0.600	0.400	-6.900	0.400
-1.300	-5.900	-8.900	-1.900	-2.500	-3.800	-6.700	-3.100	-4.600	-3.100	-4.800	-3.700	-8.400	1.000	-5.800	4.600	-1.800	-5.800	7.800	10.400	35.400	116.800	239.000	340.700	268.000	121.600	28.100	10.300	11.000	13.900	7.500	13.400	-3.900	0.700	-2.900	-4.100	-2.100	3.500	4.600	-1.300	2.300	-4.400	0.400	-3.300	-5.900	-4.500	-9.900	-3.200	-4.800	-4.800	-2.000	-2.100	0.400	-2.600	-8.900	1.400
1.700	-0.900	-1.900	2.100	-1.500	0.200	-3.700	1.900	-2.600	-0.100	-5.800	2.300	-1.400	-5.000	-5.800	-1.400	-2.800	3.200	3.800	15.400	34.400	109.800	233.000	329.700	269.000	123.600	18.100	6.300	12.000	13.900	5.500	3.400	-1.900	-0.300	0.100	-1.100	-6.100	1.500	3.600	-1.300	-4.700	-3.400	-1.600	0.700	-6.900	-1.500	-4.900	0.800	-6.800	0.200	-5.000	-1.100	-2.600	-0.600	0.100	-1.600
-0.300	1.100	-2.900	5.100	-2.500	-6.800	-5.700	-4.100	-1.600	-5.100	-2.800	-3.700	-0.400	-4.000	-4.800	4.600	-1.800	-3.800	0.800	9.400	36.400	111.800	243.000	346.700	282.000	125.600	22.100	13.300	7.000	7.900	4.500	5.400	0.100	10.700	-1.900	-5.100	-0.100	-12.500	1.600	-1.300	2.300	-3.400	-2.600	-0.300	-1.900	-1.500	0.100	-6.200	-9.800	-0.800	-1.000	-4.100	1.400	-3.600	-6.900	0.400
-0.300	-3.900	-4.900	1.100	-1.500	-1.800	-4.700	0.900	0.400	-1.100	-3.800	-0.700	-6.400	-3.000	-0.800	2.600	5.200	0.200	3.800	17.400	30.400	120.800	254.000	367.700	286.000	131.600	39.100	5.300	10.000	12.900	7.500	1.400	-1.900	3.700	-6.900	2.900	-0.100	-2.500	2.600	-3.300	-2.700	-0.400	2.400	-4.300	-1.900	-3.500	0.100	-3.200	-9.800	-5.800	-4.000	4.900	4.400	-3.600	-5.900	-0.600
3.700	4.100	-0.900	-1.900	-3.500	-3.800	-5.700	-8.100	-2.600	-0.100	-0.800	3.300	-2.400	1.000	-3.800	-2.400	0.200	-1.800	0.800	14.400	34.400	116.800	249.000	366.700	305.000	139.600	38.100	14.300	13.000	16.900	10.500	5.400	3.100	-2.300	-1.900	-1.100	-4.100	-2.500	-0.400	-4.300	-3.700	3.600	2.400	-5.300	-1.900	-5.500	-5.900	-3.200	-3.800	-0.800	-4.000	-1.100	-1.600	-4.600	0.100	6.400
2.700	-0.900	0.100	0.100	-2.500	-8.800	-3.700	-2.100	1.400	1.900	-2.800	1.300	3.600	2.000	-2.800	-5.400	2.200	0.200	3.800	12.400	39.400	113.800	254.000	384.700	325.000	156.600	39.100	10.300	8.000	19.900	6.500	3.400	9.100	2.700	-2.900	0.900	0.900	-1.500	0.600	-10.300	-2.700	-2.400	-2.600	-5.300	-6.900	-5.500	-5.900	-2.200	-6.800	-3.800	-5.000	-1.100	5.400	-4.600	-1.900	-3.600
-5.300	-2.900	-7.900	-3.900	-6.500	-3.800	-5.700	-5.100	3.400	-1.100	-4.800	-1.700	-4.400	-2.000	0.200	-0.400	8.200	-1.800	3.800	10.400	36.400	115.800	266.000	380.700	334.000	162.600	47.100	13.300	16.000	23.900	11.500	2.400	5.100	7.700	1.100	2.900	0.900	4.500	6.600	-1.300	-3.700	0.600	6.400	4.700	-4.900	1.500	-0.900	-5.200	-2.800	-8.800	-6.000	-3.100	2.400	-6.600	-4.900	6.400
1.700	-1.900	-2.900	-1.900	-0.500	-4.800	-3.700	3.900	-0.600	-2.100	-2.800	3.300	3.600	-3.000	-0.800	-2.400	-7.800	-0.800	6.800	9.400	43.400	124.800	264.000	395.700	345.000	177.600	51.100	20.300	24.000	23.900	20.500	10.400	2.100	3.700	-2.900	-0.100	-3.100	-4.500	3.600	-5.300	-0.700	-4.400	-0.600	-3.300	-4.900	2.500	-3.900	-7.200	2.200	-3.800	-7.000	2.900	-1.600	1.400	-2.900	-0.600
-2.300	-1.900	-4.900	-1.900	-7.500	-6.800	-9.700	-0.100	-4.600	-1.100	-3.800	-3.700	-5.400	3.000	-2.800	-3.400	-0.800	2.200	1.800	15.400	33.400	126.800	272.000	403.700	374.000	195.600	63.100	22.300	24.000	25.900	22.500	13.400	4.100	0.700	3.100	1.900	-3.100	-0.500	0.600	-4.300	1.300	1.600	-4.600	-4.300	-4.900	1.500	-6.900	-4.200	-2.800	-0.800	-3.000	-4.100	-6.600	-1.600	-0.900	-6.600
1.700	-2.900	3.100	-3.900	-3.500	-5.800	-6.700	0.900	-1.600	-0.100	-2.800	-4.700	-6.400	2.000	1.200	-1.400	-2.800	3.200	7.800	15.400	42.400	130.800	272.000	423.700	377.000	230.600	74.100	29.300	19.000	33.900	23.500	12.400	9.100	4.700	0.100	1.900	-3.100	-3.500	4.600	-3.300	-2.700	-1.400	-0.600	1.700	4.100	3.500	-5.900	-0.200	-1.800	0.200	2.000	-2.100	-0.600	-3.600	-3.900	-1.600
-2.300	-3.900	-3.900	3.100	-0.500	-1.800	-2.700	-1.100	-6.600	-3.100	-0.800	4.300	-3.400	-4.000	-3.800	2.600	-0.800	3.200	2.800	14.400	38.400	128.800	281.000	428.700	398.000	233.600	86.100	31.300	31.000	29.900	30.500	11.400	5.100	6.700	-1.900	-1.100	-3.100	-0.500	7.600	0.700	2.300	1.600	-2.600	-5.300	4.100	-2.500	-2.900	-3.200	-0.800	-4.800	-4.000	3.900	-0.600	-3.600	-0.900	0.400
-3.300	-5.900	-2.900	-1.900	-4.500	-5.800	-4.700	-3.100	-3.600	-4.100	-6.800	2.300	0.600	1.000	-0.800	-3.400	-4.800	3.200	5.800	13.400	41.400	126.800	282.000	437.700	427.000	247.600	91.100	44.300	35.000	35.900	29.500	11.400	9.100	10.700	3.100	4.900	-0.100	-3.500	3.600	-2.300	4.300	2.600	0.400	1.700	-0.900	-2.500	-5.900	-1.200	-4.800	-0.800	-5.000	0.900	-4.600	-3.600	-1.900	-3.600
-3.300	-2.900	0.100	5.100	-3.500	-2.800	-1.700	-7.100	-2.600	-3.100	-1.800	-0.700	-7.400	-2.000	-5.800	-5.400	-5.800	0.200	3.800	10.400	50.400	140.800	300.000	457.700	439.000	271.600	118.100	47.300	44.000	39.900	25.500	18.400	12.100	13.700	5.100	-2.100	-3.100	3.500	-3.400	-2.300	-3.700	-0.400	-3.600	3.700	-2.900	-2.500	0.100	2.800	-11.800	0.200	2.000	0.900	5.400	0.400	-6.900	3.400
-0.300	0.100	-6.900	-4.900	2.500	0.200	-0.700	-3.100	-5.600	-5.100	-7.800	-2.700	-3.400	1.000	-1.800	2.600	6.200	-5.800	-2.200	14.400	41.400	142.800	303.000	463.700	456.000	296.600	124.100	57.300	41.000	43.900	36.500	20.400	13.100	4.700	4.100	-0.100	-0.100	-4.500	-5.400	-4.300	-3.700	0.600	0.400	-4.300	-7.900	-4.500	-5.900	-5.200	-8.800	4.200	-6.000	-5.100	-0.600	-4.600	0.100	-5.600
-0.300	-2.900	2.100	1.100	-1.500	-7.800	-3.700	-2.100	-5.600	-1.100	-4.800	-2.700	7.600	2.000	-3.800	-1.400	3.200	2.200	3.800	12.400	45.400	145.800	303.000	484.700	477.000	323.600	144.100	68.300	55.000	52.900	39.500	22.400	13.100	7.700	0.100	1.900	-0.100	2.500	-0.400	-1.300	-5.700	-5.400	3.400	-2.300	-1.900	-3.500	-6.900	-2.200	0.200	0.200	1.000	0.900	-1.600	-2.600	-9.900	-0.600
-3.300	0.100	-4.900	5.100	-4.500	-3.800	-3.700	-4.100	-2.600	-7.100	-5.800	-2.700	-0.400	4.000	-0.800	-5.400	5.200	1.200	2.800	13.400	42.400	138.800	313.000	487.700	503.000	337.600	165.100	78.300	56.000	66.900	43.500	15.400	12.100	11.700	1.100	1.900	-8.100	-0.500	-0.400	-4.300	-2.700	-3.400	-4.600	-3.300	-0.900	-6.500	2.100	-0.200	-0.800	0.200	-4.000	2.900	-3.600	-3.600	-3.900	0.400
1.700	2.100	-0.900	-2.900	-6.500	-8.800	-1.700	-0.100	-4.600	-1.100	-2.800	-0.700	-3.400	0.000	-0.800	-0.400	4.200	-1.800	6.800	16.400	46.400	149.800	317.000	508.700	506.000	361.600	186.100	97.300	77.000	64.900	47.500	27.400	16.100	9.700	0.100	1.900	-2.100	4.500	-1.400	-6.300	-1.700	0.600	-0.600	-2.300	-6.900	-1.500	-5.900	-1.200	-4.800	-1.800	5.000	1.900	3.400	-2.600	-2.900	1.400
-5.300	1.100	-0.900	-4.900	-2.500	-1.800	-6.700	-2.100	1.400	-4.100	2.200	-1.700	-7.400	2.000	-1.800	-5.400	-0.800	4.200	6.800	12.400	41.400	151.800	312.000	520.700	536.000	399.600	214.100	117.300	85.000	75.900	54.500	28.400	20.100	12.700	0.100	-0.100	-3.100	-3.500	-2.400	-7.300	-1.700	-5.400	2.400	0.700	0.100	-5.500	1.100	-0.200	-8.800	-2.800	-5.000	-3.100	2.400	-1.600	-3.900	-2.600
-2.300	-4.900	-4.900	-1.900	-2.500	-6.800	-3.700	-1.100	-2.600	-4.100	-2.800	0.300	-1.400	-2.000	-0.800	-1.400	1.200	1.200	9.800	20.400	43.400	154.800	327.000	529.700	564.000	433.600	221.100	128.300	100.000	84.900	66.500	39.400	17.100	8.700	4.100	8.900	1.900	1.500	1.600	1.700	-1.700	-1.400	-1.600	3.700	-2.900	1.500	-2.900	3.800	0.200	-0.800	-6.000	-3.100	2.400	5.400	-3.900	-1.600
-1.300	-4.900	-6.900	-6.900	-1.500	-3.800	-3.700	-2.100	3.400	-4.100	-7.800	-7.700	-6.400	3.000	2.200	-3.400	-0.800	3.200	0.800	18.400	43.400	153.800	325.000	541.700	584.000	461.600	263.100	143.300	107.000	89.900	68.500	41.400	25.100	12.700	5.100	4.900	-2.100	5.500	0.600	-0.300	-1.700	-2.400	-3.600	2.700	-3.900	-6.500	-2.900	-5.200	-4.800	-0.800	0.000	-4.100	2.400	-6.600	-3.900	-2.600
-1.300	-3.900	1.100	-0.900	0.500	-3.800	-2.700	1.900	-7.600	2.900	4.200	2.300	-1.400	3.000	-5.800	4.600	5.200	4.200	10.800	15.400	47.400	156.800	333.000	567.700	623.000	484.600	288.100	167.300	121.000	109.900	73.500	44.400	27.100	9.700	5.100	0.900	2.900	-0.500	2.600	-4.300	1.300	-1.400	-0.600	0.700	-3.900	0.500	-2.900	-4.200	-5.800	-3.800	2.000	-4.100	3.400	-3.600	1.100	-3.600
1.700	-2.900	-3.900	-0.900	-5.500	0.200	-3.700	2.900	-5.600	-0.100	-3.800	-4.700	1.600	3.000	-1.800	3.600	-2.800	3.200	5.800	13.400	46.400	155.800	341.000	581.700	633.000	516.600	322.100	190.300	141.000	125.900	74.500	53.400	34.100	14.700	4.100	5.900	2.900	6.500	-0.400	-3.300	0.300	-4.400	-6.600	-0.300	-3.900	-3.500	-7.900	-0.200	-8.800	-6.800	-4.000	-3.100	1.400	-2.600	-0.900	-2.600
-4.300	-3.900	-4.900	2.100	-3.500	-2.800	-6.700	-3.100	1.400	-0.100	2.200	-2.700	-4.400	3.000	-4.800	0.600	3.200	3.200	3.800	19.400	50.400	161.800	343.000	592.700	666.000	570.600	347.100	216.300	159.000	131.900	96.500	52.400	34.100	18.700	3.100	5.900	0.900	0.500	-0.400	0.700	3.300	-3.400	12.400	-4.300	-3.900	-2.500	-6.900	-4.200	-4.800	-3.800	-7.000	-3.100	-1.600	-5.600	0.100	2.400
3.700	-2.900	1.100	0.100	-0.500	-12.800	-3.700	0.900	-10.600	-2.100	-3.800	-0.700	-2.400	1.000	3.200	0.600	-0.800	7.200	6.800	20.400	45.400	149.800	354.000	605.700	701.000	604.600	388.100	254.300	185.000	156.900	106.500	65.400	37.100	17.700	0.100	4.900	1.900	4.500	1.600	1.700	0.300	-6.400	2.400	0.700	-7.900	5.500	-3.900	-1.200	-2.800	-2.800	-2.000	-4.100	2.400	-4.600	-3.900	-3.600
5.700	2.100	1.100	1.100	-2.500	4.200	-7.700	-3.100	-2.600	-8.100	-5.800	0.300	-5.400	3.000	-3.800	-0.400	4.200	4.200	8.800	15.400	48.400	161.800	368.000	624.700	715.000	635.600	412.100	261.300	200.000	156.900	111.500	63.400	33.100	26.700	7.100	2.900	-0.100	-5.500	0.600	-3.300	0.300	-2.400	3.400	6.700	-0.900	0.500	-7.900	0.800	-6.800	0.200	-5.000	0.900	0.400	-2.600	-5.900	2.400
2.700	-0.900	-4.900	5.100	2.500	0.200	-5.700	-6.100	-1.600	3.900	-5.800	-3.700	-0.400	-2.000	6.200	0.600	0.200	-3.800	3.800	17.400	51.400	170.800	377.000	653.700	767.000	666.600	446.100	305.300	212.000	185.900	125.500	82.400	40.100	19.700	7.100	3.900	-0.100	-0.500	0.600	-6.300	2.300	1.600	0.400	1.700	-5.900	-4.500	-3.900	0.800	-8.800	-0.800	-1.000	-3.100	-3.600	-4.600	-5.900	-2.600
-0.300	-2.900	2.100	-0.900	-1.500	-4.800	-5.700	-3.100	-3.600	-7.100	-2.800	4.300	-3.400	-4.000	-1.800	0.600	4.200	1.200	4.800	19.400	42.400	169.800	368.000	670.700	792.000	714.600	504.100	342.300	265.000	193.900	132.500	85.400	40.100	22.700	13.100	7.900	1.900	-6.500	-0.400	-0.300	-3.700	3.600	1.400	-0.300	-4.900	-1.500	-7.900	3.800	-5.800	-4.800	1.000	0.900	1.400	-1.600	0.100	-4.600
-7.300	-0.900	-3.900	-5.900	-5.500	-3.800	-2.700	-2.100	1.400	-2.100	-5.800	-3.700	-2.400	-4.000	0.200	-1.400	-7.800	-1.800	11.800	17.400	53.400	170.800	388.000	684.700	827.000	778.600	552.100	387.300	284.000	226.900	147.500	79.400	45.100	21.700	10.100	-2.100	0.900	1.500	1.600	-3.300	-5.700	-0.400	5.400	2.700	-4.900	1.500	-4.900	-0.200	-4.800	-2.800	-7.000	-2.100	-3.600	5.400	-3.900	-3.600
-0.300	0.100	0.100	-6.900	-2.500	-1.800	2.300	-2.100	1.400	-2.100	0.200	-1.700	-2.400	-7.000	3.200	-4.400	-3.800	3.200	6.800	18.400	46.400	173.800	384.000	696.700	857.000	820.600	567.100	406.300	315.000	237.900	152.500	105.400	59.100	27.700	9.100	5.900	1.900	1.500	-0.400	1.700	2.300	1.600	-1.600	0.700	-1.900	-7.500	-5.900	0.800	-5.800	-2.800	1.000	-1.100	3.400	-0.600	-6.900	-6.600
3.700	-3.900	-4.900	-2.900	-3.500	-3.800	-3.700	-1.100	-3.600	-3.100	-1.800	-5.700	-2.400	2.000	1.200	2.600	6.200	4.200	11.800	13.400	54.400	174.800	384.000	709.700	871.000	846.600	619.100	461.300	340.000	251.900	171.500	108.400	64.100	32.700	5.100	7.900	-0.100	1.500	2.600	-1.300	1.300	-5.400	0.400	-0.300	-4.900	-0.500	3.100	-3.200	-5.800	-1.800	-4.000	-3.100	-4.600	2.400	-0.900	2.400
-1.300	-3.900	-5.900	3.100	-2.500	-4.800	-2.700	1.900	-0.600	-9.100	-7.800	-10.700	-3.400	4.000	-1.800	-2.400	6.200	-1.800	3.800	19.400	51.400	175.800	388.000	727.700	913.000	887.600	674.100	498.300	368.000	280.900	194.500	118.400	62.100	28.700	10.100	7.900	4.900	-1.500	1.600	3.700	-1.700	-2.400	4.400	-3.300	-1.900	-1.500	-7.900	-4.200	-2.800	-1.800	-1.000	-1.100	-5.600	-5.600	-5.900	-9.600
-10.300	-6.900	1.100	0.100	-2.500	-7.800	-2.700	2.900	1.400	-3.100	-1.800	0.300	-0.400	-1.000	-4.800	0.600	-2.800	7.200	5.800	19.400	47.400	173.800	406.000	755.700	962.000	967.600	724.100	547.300	415.000	319.900	205.500	131.400	68.100	31.700	6.100	0.900	-1.100	2.500	-0.400	-2.300	-1.700	-2.400	0.400	5.700	-3.900	-2.500	-3.900	-6.200	-8.800	-1.800	-5.000	6.900	-5.600	0.400	-6.900	-2.600
-1.300	3.100	-1.900	-2.900	-3.500	0.200	-2.700	-3.100	-3.600	-0.100	-4.800	-1.700	-1.400	0.000	2.200	0.600	0.200	8.200	2.800	27.400	59.400	180.800	397.000	767.700	981.000	1017.600	786.100	586.300	449.000	340.900	225.500	135.400	78.100	28.700	10.100	6.900	-4.100	2.500	7.600	-6.300	0.300	-4.400	-4.600	-3.300	-4.900	7.500	-1.900	0.800	-2.800	-2.800	0.000	-3.100	2.400	-5.600	-1.900	-0.600
0.700	-1.900	2.100	-4.900	-2.500	1.200	2.300	-2.100	0.400	-4.100	-0.800	-3.700	4.600	4.000	-1.800	0.600	4.200	6.200	11.800	18.400	55.400	182.800	418.000	770.700	1040.000	1065.600	863.100	654.300	486.000	371.900	247.500	136.400	82.100	34.700	9.100	4.900	-0.100	-1.500	-2.400	-4.300	0.300	-3.400	5.400	-0.300	0.100	-3.500	-4.900	4.800	-4.800	-5.800	-2.000	-1.100	3.400	-1.600	-0.900	-3.600
0.700	-2.900	-0.900	-4.900	1.500	-2.800	-9.700	1.900	-1.600	1.900	-1.800	-1.700	-4.400	4.000	8.200	10.600	-1.800	2.200	4.800	25.400	54.400	184.800	428.000	825.700	1055.000	1145.600	925.100	712.300	549.000	421.900	258.500	150.400	82.100	37.700	12.100	11.900	-1.100	4.500	5.600	2.700	4.300	-0.400	3.400	1.700	1.100	1.500	-11.900	-3.200	-1.800	-3.800	-7.000	-4.100	-0.600	-1.600	-0.900	-1.600
-0.300	2.100	-0.900	-3.900	0.500	-4.800	1.300	1.900	-0.600	-1.100	-2.800	-2.700	7.600	4.000	2.200	-0.400	3.200	3.200	10.800	22.400	49.400	185.800	432.000	828.700	1109.000	1170.600	974.100	730.300	574.000	447.900	278.500	154.400	93.100	41.700	17.100	6.900	-1.100	-0.500	0.600	4.700	-1.700	-2.400	-2.600	4.700	2.100	-0.500	-4.900	-4.200	-1.800	-7.800	0.000	-7.100	-1.600	-7.600	1.100	-3.600
1.700	-2.900	2.100	-3.900	-4.500	-1.800	1.300	-2.100	-5.600	0.900	-4.800	-9.700	2.600	2.000	-1.800	-0.400	7.200	0.200	11.800	21.400	60.400	180.800	447.000	852.700	1138.000	1245.600	1041.100	786.300	621.000	477.900	300.500	174.400	92.100	47.700	16.100	9.900	2.900	-2.500	2.600	-1.300	2.300	-1.400	-4.600	-1.300	0.100	-3.500	-2.900	3.800	-3.800	-2.800	-1.000	-2.100	4.400	-4.600	-2.900	3.400
-1.300	3.100	-3.900	3.100	1.500	-1.800	-5.700	-4.100	-2.600	-6.100	-2.800	0.300	-2.400	-4.000	2.200	3.600	1.200	-3.800	11.800	21.400	60.400	184.800	438.000	870.700	1193.000	1302.600	1116.100	877.300	674.000	506.900	328.500	185.400	97.100	41.700	11.100	9.900	2.900	-3.500	3.600	1.700	-2.700	-5.400	6.400	-0.300	-0.900	-0.500	-2.900	-0.200	-1.800	-0.800	0.000	-1.100	3.400	-4.600	-1.900	-3.600
-1.300	-2.900	-3.900	-4.900	1.500	-0.800	-0.700	2.900	2.400	4.900	-3.800	5.300	0.600	-4.000	9.200	-0.400	5.200	3.200	9.800	15.400	58.400	183.800	450.000	896.700	1218.000	1374.600	1180.100	940.300	751.000	557.900	358.500	199.400	105.100	55.700	20.100	7.900	6.900	0.500	-0.400	-5.300	-3.700	0.600	0.400	-1.300	-1.900	-2.500	1.100	-2.200	-2.800	0.200	-9.000	-6.100	-3.600	1.400	-0.900	-0.600
-5.300	-2.900	0.100	8.100	0.500	-3.800	0.300	-0.100	-1.600	3.900	-0.800	-0.700	-2.400	-3.000	-3.800	2.600	6.200	9.200	7.800	16.400	58.400	193.800	456.000	934.700	1284.000	1445.600	1249.100	1009.300	797.000	600.900	361.500	211.400	116.100	55.700	20.100	4.900	-0.100	2.500	2.600	7.700	-0.700	0.600	4.400	-4.300	-1.900	-2.500	-0.900	0.800	-5.800	-7.800	-2.000	-1.100	0.400	-3.600	0.100	0.400
2.700	-1.900	-2.900	-5.900	-5.500	-3.800	-6.700	2.900	-3.600	1.900	-1.800	0.300	-4.400	-5.000	1.200	1.600	6.200	11.200	13.800	23.400	60.400	191.800	471.000	920.700	1323.000	1495.600	1338.100	1063.300	831.000	627.900	395.500	222.400	116.100	51.700	21.100	15.900	6.900	5.500	1.600	-1.300	1.300	0.600	-5.600	-0.300	6.100	-1.500	2.100	-1.200	-4.800	0.200	-3.000	-1.100	0.400	-3.600	-3.900	1.400
4.700	-2.900	2.100	-5.900	-0.500	0.200	-9.700	-0.100	-0.600	-6.100	1.200	-0.700	2.600	-3.000	4.200	8.600	2.200	4.200	12.800	21.400	56.400	197.800	478.000	952.700	1354.000	1561.600	1422.100	1168.300	922.000	697.900	427.500	242.400	136.100	53.700	26.100	19.900	1.900	3.500	3.600	-1.300	-2.700	-1.400	-7.600	-4.300	-0.900	-1.500	-2.900	0.800	-3.800	-2.800	0.000	3.900	-2.600	-3.600	-3.900	-4.600
-4.300	0.100	-0.900	-0.900	0.500	-7.800	0.300	-3.100	3.400	0.900	0.200	-3.700	0.600	2.000	4.200	8.600	2.200	3.200	16.800	15.400	57.400	198.800	476.000	983.700	1395.000	1613.600	1467.100	1251.300	978.000	746.900	466.500	262.400	134.100	60.700	22.100	10.900	8.900	-0.500	2.600	-3.300	-2.700	-0.400	-3.600	-3.300	1.100	3.500	-7.900	-0.200	-0.800	-2.800	6.000	-8.100	-1.600	0.400	2.100	3.400
-1.300	0.100	-2.900	2.100	-2.500	-0.800	-3.700	0.900	-3.600	-3.100	1.200	-2.700	-1.400	-3.000	5.200	-2.400	2.200	7.200	10.800	25.400	58.400	192.800	481.000	998.700	1417.000	1676.600	1541.100	1302.300	1045.000	790.900	473.500	265.400	136.100	58.700	26.100	9.900	0.900	7.500	1.600	5.700	-0.700	-2.400	0.400	2.700	2.100	-4.500	-3.900	-3.200	-3.800	-1.800	-7.000	-1.100	3.400	-1.600	-2.900	0.400
1.700	-3.900	4.100	-0.900	1.500	-1.800	-2.700	-1.100	-0.600	-1.100	-0.800	-5.700	-2.400	1.000	1.200	0.600	2.200	13.200	10.800	18.400	62.400	200.800	491.000	1017.700	1503.000	1763.600	1610.100	1396.300	1113.000	848.900	509.500	282.400	148.100	60.700	25.100	13.900	7.900	10.500	4.600	0.700	-1.700	-5.400	3.400	-0.300	0.100	-2.500	-3.900	0.800	-3.800	-1.800	-6.000	0.900	-0.600	-2.600	-1.900	-1.600
-2.300	3.100	3.100	3.100	-5.500	-5.800	0.300	-4.100	-1.600	1.900	0.200	2.300	-2.400	5.000	1.200	11.600	8.200	6.200	7.800	22.400	67.400	202.800	497.000	1030.700	1524.000	1830.600	1732.100	1463.300	1179.000	887.900	541.500	297.400	149.100	73.700	25.100	12.900	2.900	-0.500	2.600	-1.300	-0.700	-2.400	0.400	-5.300	3.100	2.500	-2.900	-1.200	-4.800	1.200	-2.000	-1.100	3.400	-1.600	-2.900	3.400
1.700	-3.900	4.100	0.100	-3.500	-5.800	3.300	-0.100	-2.600	-1.100	-2.800	-3.700	1.600	-1.000	7.200	-1.400	10.200	4.200	16.800	24.400	63.400	197.800	502.000	1049.700	1559.000	1913.600	1799.100	1552.300	1238.000	935.900	572.500	318.400	161.100	72.700	24.100	11.900	7.900	2.500	6.600	1.700	2.300	5.600	0.400	0.700	-0.900	-2.500	-0.900	-2.200	-2.800	0.200	-3.000	-4.100	4.400	-2.600	2.100	1.400
1.700	-1.900	0.100	3.100	-3.500	-1.800	-4.700	-2.100	-0.600	4.900	-9.800	4.300	-4.400	-1.000	3.200	4.600	11.200	13.200	12.800	24.400	63.400	204.800	521.000	1092.700	1615.000	1985.600	1880.100	1636.300	1314.000	998.900	603.500	328.400	175.100	68.700	34.100	17.900	-0.100	3.500	3.600	0.700	1.300	2.600	-1.600	-2.300	-3.900	1.500	-0.900	3.800	-4.800	-1.800	-5.000	-2.100	-7.600	-2.600	-4.900	-0.600
-1.300	-2.900	-1.900	-1.900	-8.500	-0.800	-6.700	-5.100	5.400	1.900	-3.800	-2.700	-0.400	2.000	6.200	4.600	9.200	8.200	16.800	28.400	62.400	208.800	519.000	1118.700	1674.000	2038.600	1958.100	1722.300	1413.000	1057.900	644.500	348.400	172.100	77.700	31.100	13.900	10.900	1.500	4.600	0.700	2.300	-1.400	0.400	2.700	0.100	-1.500	-5.900	-0.200	-4.800	-2.800	-6.000	2.900	-2.600	-3.600	-1.900	-1.600
-4.300	-2.900	-4.900	-0.900	1.500	1.200	5.300	-2.100	-7.600	0.900	-4.800	-0.700	2.600	4.000	3.200	4.600	4.200	5.200	15.800	32.400	62.400	208.800	523.000	1116.700	1709.000	2100.600	2032.100	1831.300	1474.000	1098.900	655.500	362.400	190.100	83.700	30.100	17.900	2.900	4.500	2.600	4.700	2.300	4.600	-3.600	-1.300	0.100	0.500	-9.900	-4.200	-3.800	-2.800	-2.000	-0.100	-2.600	-3.600	-5.900	5.400
1.700	1.100	-1.900	2.100	3.500	-3.800	-2.700	-3.100	-6.600	-3.100	-0.800	-0.700	-0.400	5.000	4.200	4.600	11.200	3.200	13.800	23.400	53.400	206.800	531.000	1150.700	1743.000	2188.600	2152.100	1906.300	1563.000	1147.900	706.500	370.400	181.100	83.700	34.100	15.900	1.900	8.500	5.600	-0.300	5.300	1.600	4.400	1.700	0.100	-1.500	0.100	-1.200	0.200	-2.800	-6.000	-1.100	2.400	-1.600	1.100	-7.600
-3.300	1.100	1.100	4.100	-0.500	-6.800	0.300	-1.100	-2.600	-3.100	-2.800	1.300	5.600	1.000	-2.800	3.600	9.200	14.200	13.800	24.400	62.400	212.800	547.000	1154.700	1801.000	2273.600	2229.100	1986.300	1617.000	1206.900	731.500	388.400	203.100	84.700	33.100	17.900	1.900	3.500	0.600	-0.300	-0.700	2.600	0.400	-3.300	1.100	-6.500	-0.900	2.800	-5.800	-2.800	-3.000	-2.100	-3.600	-3.600	-4.900	-4.600
-2.300	-2.900	-6.900	-1.900	-4.500	-1.800	-5.700	-3.100	-3.600	0.900	-0.800	0.300	-0.400	1.000	1.200	8.600	0.200	6.200	18.800	26.400	64.400	215.800	550.000	1182.700	1823.000	2349.600	2289.100	2046.300	1707.000	1273.900	760.500	404.400	201.100	90.700	30.100	13.900	3.900	1.500	-1.400	-0.300	-0.700	0.600	0.400	0.700	3.100	-8.500	3.100	-5.200	-8.800	-2.800	-6.000	-1.100	1.400	-0.600	-7.900	0.400
3.700	2.100	0.100	7.100	-0.500	-11.800	4.300	-4.100	2.400	1.900	5.200	8.300	-0.400	-1.000	-4.800	5.600	4.200	17.200	16.800	28.400	67.400	224.800	543.000	1198.700	1894.000	2405.600	2409.100	2167.300	1791.000	1323.900	807.500	427.400	208.100	97.700	31.100	14.900	9.900	0.500	8.600	-0.300	1.300	1.600	2.400	-1.300	-8.900	10.500	-0.900	0.800	-10.800	-0.800	2.000	-3.100	-1.600	-2.600	-1.900	-2.600
-1.300	0.100	0.100	2.100	-5.500	-3.800	-2.700	-0.100	-3.600	-1.100	0.200	-0.700	-1.400	-2.000	5.200	7.600	7.200	6.200	10.800	27.400	59.400	214.800	570.000	1240.700	1915.000	2460.600	2443.100	2238.300	1863.000	1409.900	843.500	435.400	210.100	97.700	36.100	13.900	5.900	9.500	0.600	3.700	0.300	-3.400	0.400	-2.300	-3.900	2.500	2.100	3.800	-2.800	-3.800	-6.000	0.900	0.400	-4.600	-1.900	-2.600
2.700	5.100	0.100	-0.900	-2.500	-4.800	-4.700	2.900	-6.600	3.900	-1.800	1.300	1.600	5.000	4.200	0.600	7.200	15.200	16.800	33.400	75.400	222.800	573.000	1250.700	1936.000	2546.600	2550.100	2290.300	1927.000	1458.900	859.500	462.400	223.100	105.700	37.100	20.900	7.900	5.500	4.600	5.700	2.300	3.600	5.400	-1.300	-3.900	3.500	0.100	1.800	-3.800	-0.800	2.000	2.900	-1.600	1.400	-6.900	-1.600
-0.300	5.100	-2.900	6.100	-0.500	-2.800	-0.700	-0.100	-2.600	-0.100	3.200	-0.700	1.600	-1.000	6.200	4.600	9.200	10.200	11.800	28.400	69.400	215.800	569.000	1272.700	1992.000	2580.600	2634.100	2412.300	2006.000	1537.900	890.500	478.400	231.100	100.700	36.100	15.900	12.900	6.500	3.600	2.700	4.300	-2.400	2.400	1.700	-7.900	8.500	-1.900	-4.200	-1.800	1.200	-5.000	-3.100	2.400	-0.600	-3.900	-1.600
-2.300	-1.900	-2.900	2.100	1.500	-1.800	-0.700	-3.100	-3.600	0.900	-1.800	0.300	-4.400	8.000	3.200	1.600	12.200	6.200	22.800	31.400	73.400	214.800	568.000	1264.700	2023.000	2648.600	2665.100	2498.300	2059.000	1536.900	911.500	499.400	241.100	104.700	31.100	21.900	4.900	10.500	7.600	-3.300	6.300	5.600	2.400	1.700	-4.900	0.500	-4.900	2.800	-1.800	0.200	-1.000	3.900	0.400	-3.600	-2.900	3.400
-3.300	1.100	4.100	0.100	-2.500	-1.800	-6.700	4.900	5.400	-2.100	-2.800	3.300	-2.400	-1.000	6.200	9.600	8.200	14.200	22.800	32.400	69.400	233.800	609.000	1316.700	2087.000	2764.600	2794.100	2592.300	2191.000	1664.900	983.500	509.400	245.100	105.700	43.100	19.900	10.900	2.500	3.600	-0.300	3.300	-5.400	1.400	4.700	-1.900	-2.500	-2.900	-0.200	-2.800	-1.800	-1.000	-0.100	0.400	-0.600	-1.900	-0.600
2.700	-0.900	1.100	3.100	3.500	-5.800	-3.700	-1.100	2.400	5.900	-3.800	-4.700	1.600	7.000	4.200	7.600	3.200	11.200	17.800	33.400	78.400	235.800	592.000	1371.700	2147.000	2811.600	2924.100	2716.300	2295.000	1748.900	1033.500	533.400	267.100	115.700	48.100	16.900	10.900	11.500	3.600	1.700	1.300	0.600	-2.600	-1.300	-7.900	0.500	-2.900	5.800	-3.800	0.200	-5.000	-2.100	1.400	-8.600	-0.900	2.400
2.700	-0.900	-1.900	6.100	0.500	2.200	-3.700	3.900	-1.600	-0.100	1.200	-1.700	3.600	-5.000	2.200	8.600	10.200	12.200	22.800	35.400	72.400	237.800	596.000	1361.700	2167.000	2845.600	2966.100	2776.300	2377.000	1782.900	1030.500	551.400	258.100	118.700	51.100	26.900	3.900	5.500	11.600	2.700	6.300	4.600	1.400	2.700	6.100	2.500	4.100	0.800	-1.800	1.200	-7.000	4.900	0.400	-2.600	-3.900	-1.600
-3.300	-1.900	0.100	-3.900	5.500	-2.800	-2.700	3.900	-0.600	6.900	1.200	-0.700	0.600	-3.000	5.200	10.600	12.200	11.200	11.800	35.400	76.400	240.800	599.000	1359.700	2208.000	2959.600	3046.100	2868.300	2437.000	1816.900	1059.500	566.400	265.100	117.700	41.100	26.900	3.900	10.500	9.600	5.700	1.300	-3.400	3.400	2.700	2.100	-2.500	1.100	-2.200	2.200	3.200	1.000	0.900	4.400	0.400	-4.900	-3.600
-3.300	-2.900	-4.900	6.100	-0.500	0.200	-2.700	-0.100	-1.600	-0.100	-2.800	1.300	0.600	7.000	5.200	7.600	10.200	11.200	23.800	36.400	69.400	232.800	614.000	1406.700	2231.000	2962.600	3098.100	2932.300	2471.000	1839.900	1099.500	567.400	269.100	123.700	50.100	28.900	12.900	11.500	7.600	0.700	1.300	2.600	-0.600	2.700	-0.900	-4.500	-5.900	1.800	1.200	-1.800	-1.000	-3.100	-2.600	1.400	-4.900	0.400
1.700	4.100	1.100	-1.900	-5.500	-0.800	-4.700	2.900	5.400	4.900	4.200	7.300	3.600	-2.000	2.200	4.600	9.200	19.200	26.800	35.400	72.400	239.800	620.000	1408.700	2255.000	3017.600	3144.100	2959.300	2531.000	1929.900	1123.500	590.400	283.100	123.700	47.100	19.900	5.900	8.500	9.600	-2.300	3.300	7.600	1.400	1.700	-3.900	1.500	-0.900	1.800	1.200	-0.800	0.000	-0.100	0.400	-1.600	-3.900	0.400
2.700	-0.900	-5.900	5.100	2.500	0.200	-3.700	0.900	0.400	-3.100	-2.800	4.300	4.600	7.000	4.200	7.600	8.200	21.200	25.800	36.400	71.400	248.800	634.000	1428.700	2306.000	3104.600	3258.100	3075.300	2607.000	1988.900	1149.500	611.400	287.100	117.700	46.100	29.900	8.900	8.500	4.600	-1.300	4.300	-0.400	0.400	2.700	0.100	-0.500	-2.900	-1.200	-6.800	2.200	-3.000	-4.100	1.400	-3.600	-6.900	1.400
2.700	-2.900	-0.900	5.100	0.500	-1.800	-0.700	-2.100	-1.600	1.900	3.200	0.300	-0.400	6.000	6.200	11.600	11.200	18.200	21.800	37.400	79.400	239.800	653.000	1490.700	2351.000	3145.600	3316.100	3156.300	2695.000	2055.900	1202.500	614.400	303.100	133.700	52.100	27.900	6.900	-0.500	2.600	-2.300	-1.700	-1.400	1.400	7.700	-1.900	5.500	2.100	-1.200	-3.800	0.200	2.000	-4.100	1.400	0.400	2.100	3.400
5.700	-1.900	2.100	5.100	2.500	-0.800	0.300	2.900	2.400	2.900	3.200	4.300	0.600	0.000	6.200	4.600	9.200	16.200	27.800	42.400	82.400	246.800	657.000	1479.700	2409.000	3231.600	3412.100	3256.300	2753.000	2107.900	1219.500	635.400	308.100	132.700	49.100	23.900	7.900	3.500	14.600	2.700	1.300	2.600	2.400	4.700	8.100	3.500	0.100	-1.200	3.200	-3.800	-4.000	-0.100	-2.600	-1.600	-0.900	-4.600
3.700	6.100	1.100	-0.900	4.500	-4.800	2.300	-1.100	2.400	-0.100	-0.800	1.300	6.600	6.000	3.200	7.600	11.200	13.200	30.800	43.400	81.400	257.800	684.000	1482.700	2413.000	3293.600	3448.100	3309.300	2811.000	2153.900	1233.500	656.400	318.100	129.700	46.100	27.900	12.900	3.500	10.600	3.700	4.300	11.600	-0.600	4.700	7.100	3.500	-5.900	3.800	-3.800	-5.800	-6.000	-2.100	-1.600	-0.600	0.100	1.400
1.700	-2.900	-0.900	4.100	1.500	-3.800	-0.700	-0.100	2.400	3.900	0.200	-1.700	1.600	3.000	6.200	10.600	14.200	14.200	28.800	39.400	75.400	253.800	668.000	1526.700	2442.000	3294.600	3488.100	3364.300	2881.000	2186.900	1282.500	661.400	317.100	135.700	50.100	23.900	3.900	3.500	8.600	2.700	4.300	1.600	-1.600	0.700	0.100	-2.500	-1.900	0.800	-4.800	-0.800	-3.000	0.900	-0.600	2.400	1.100	3.400
1.700	-4.900	3.100	1.100	6.500	-0.800	2.300	-5.100	0.400	0.900	-4.800	0.300	-1.400	4.000	9.200	10.600	7.200	18.200	31.800	35.400	81.400	262.800	670.000	1541.700	2474.000	3351.600	3550.100	3416.300	2945.000	2230.900	1296.500	680.400	314.100	141.700	59.100	29.900	13.900	1.500	12.600	5.700	0.300	2.600	-1.600	-0.300	1.100	-0.500	-5.900	4.800	-5.800	0.200	-3.000	0.900	1.400	-4.600	1.100	0.400
5.700	-2.900	0.100	3.100	-3.500	-6.800	-3.700	4.900	0.400	-1.100	-5.800	2.300	-2.400	9.000	3.200	10.600	9.200	17.200	26.800	39.400	80.400	257.800	680.000	1574.700	2511.000	3414.600	3584.100	3472.300	2982.000	2274.900	1329.500	694.400	326.100	140.700	59.100	25.900	20.900	8.500	9.600	8.700	-2.700	-4.400	-0.600	1.700	1.100	5.500	-1.900	4.800	1.200	-2.800	-1.000	1.900	-2.600	-0.600	-3.900	-2.600
-8.300	0.100	-2.900	0.100	-0.500	-1.800	0.300	-1.100	-0.600	0.900	2.200	3.300	3.600	5.000	6.200	2.600	22.200	17.200	24.800	36.400	79.400	258.800	686.000	1552.700	2537.000	3447.600	3636.100	3508.300	3016.000	2305.900	1337.500	693.400	327.100	140.700	61.100	22.900	15.900	12.500	7.600	3.700	-3.700	8.600	1.400	5.700	2.100	2.500	-2.900	-0.200	-5.800	2.200	2.000	0.900	-2.600	3.400	-2.900	-0.600
-5.300	-3.900	-0.900	-2.900	0.500	-3.800	-0.700	1.900	3.400	-1.100	2.200	5.300	1.600	3.000	8.200	8.600	14.200	17.200	28.800	46.400	81.400	262.800	684.000	1588.700	2559.000	3533.600	3716.100	3550.300	3054.000	2374.900	1342.500	710.400	327.100	144.700	56.100	28.900	9.900	11.500	10.600	3.700	2.300	0.600	3.400	4.700	-2.900	4.500	0.100	-2.200	-2.800	1.200	-1.000	-2.100	1.400	-1.600	-0.900	0.400
2.700	-1.900	5.100	-3.900	-1.500	3.200	2.300	3.900	-3.600	-2.100	3.200	6.300	5.600	2.000	14.200	10.600	11.200	17.200	24.800	42.400	85.400	280.800	710.000	1588.700	2587.000	3525.600	3778.100	3584.300	3079.000	2385.900	1396.500	704.400	329.100	149.700	48.100	29.900	10.900	4.500	2.600	-5.300	3.300	3.600	9.400	1.700	0.100	-1.500	-0.900	-1.200	0.200	-3.800	-1.000	-2.100	-0.600	1.400	-3.900	2.400
0.700	0.100	0.100	2.100	2.500	-2.800	-0.700	2.900	-1.600	1.900	1.200	2.300	6.600	5.000	6.200	10.600	8.200	16.200	28.800	44.400	86.400	267.800	712.000	1616.700	2593.000	3548.600	3768.100	3674.300	3163.000	2401.900	1393.500	706.400	338.100	144.700	64.100	35.900	17.900	5.500	13.600	3.700	1.300	2.600	0.400	5.700	-0.900	1.500	-3.900	-1.200	-5.800	0.200	-4.000	-6.100	4.400	1.400	-1.900	-4.600
-1.300	2.100	4.100	-2.900	-2.500	-2.800	3.300	2.900	-0.600	0.900	0.200	2.300	6.600	2.000	-0.800	14.600	11.200	17.200	32.800	42.400	95.400	275.800	709.000	1596.700	2646.000	3593.600	3828.100	3664.300	3189.000	2439.900	1401.500	728.400	346.100	150.700	60.100	34.900	16.900	10.500	5.600	-0.300	2.300	1.600	10.400	-0.300	-1.900	3.500	-1.900	0.800	-6.800	0.200	-6.000	0.900	0.400	1.400	-5.900	6.400
0.700	-3.900	-1.900	2.100	-1.500	-2.800	5.300	3.900	1.400	3.900	5.200	-1.700	4.600	5.000	7.200	6.600	9.200	23.200	32.800	47.400	92.400	273.800	719.000	1616.700	2618.000	3592.600	3835.100	3713.300	3227.000	2419.900	1420.500	711.400	340.100	148.700	56.100	38.900	14.900	14.500	4.600	4.700	-2.700	4.600	0.400	2.700	-0.900	-1.500	-4.900	6.800	-1.800	-2.800	2.000	-2.100	2.400	1.400	-0.900	-2.600
7.700	-1.900	0.100	-4.900	-0.500	3.200	2.300	-3.100	-7.600	2.900	-1.800	6.300	8.600	2.000	9.200	10.600	10.200	19.200	29.800	48.400	86.400	282.800	720.000	1655.700	2693.000	3643.600	3880.100	3773.300	3249.000	2459.900	1441.500	739.400	353.100	146.700	55.100	26.900	18.900	10.500	9.600	4.700	4.300	2.600	1.400	5.700	-3.900	1.500	3.100	0.800	3.200	0.200	-2.000	0.900	5.400	-2.600	-3.900	-4.600
0.700	0.100	1.100	-2.900	-2.500	-5.800	0.300	0.900	2.400	1.900	-0.800	0.300	3.600	-2.000	12.200	12.600	13.200	23.200	32.800	41.400	93.400	277.800	721.000	1651.700	2666.000	3619.600	3880.100	3798.300	3255.000	2485.900	1433.500	722.400	339.100	148.700	60.100	32.900	11.900	10.500	13.600	5.700	1.300	3.600	6.400	-1.300	3.100	-1.500	-3.900	-2.200	-5.800	1.200	-2.000	-3.100	-0.600	-2.600	-9.900	-1.600
-0.300	8.100	3.100	2.100	-0.500	5.200	-1.700	6.900	10.400	-3.100	0.200	-0.700	10.600	6.000	6.200	16.600	11.200	16.200	34.800	49.400	90.400	274.800	710.000	1656.700	2697.000	3661.600	3880.100	3802.300	3257.000	2503.900	1431.500	742.400	345.100	151.700	53.100	33.900	18.900	8.500	11.600	5.700	4.300	3.600	-2.600	0.700	0.100	-0.500	-1.900	3.800	1.200	-2.800	-4.000	1.900	5.400	-2.600	0.100	-2.600
0.700	1.100	0.100	2.100	-2.500	-0.800	4.300	7.900	1.400	-2.100	3.200	4.300	-0.400	9.000	1.200	8.600	15.200	25.200	24.800	51.400	93.400	282.800	742.000	1650.700	2710.000	3685.600	3880.100	3818.300	3293.000	2474.900	1441.500	722.400	332.100	152.700	59.100	23.900	17.900	11.500	8.600	7.700	4.300	1.600	3.400	5.700	2.100	0.500	-5.900	1.800	-5.800	0.200	2.000	0.900	0.400	3.400	-1.900	-2.600
-0.300	-1.900	-1.900	1.100	0.500	1.200	-3.700	2.900	3.400	0.900	3.200	-4.700	-0.400	5.000	9.200	6.600	18.200	21.200	31.800	46.400	98.400	284.800	758.000	1688.700	2750.000	3721.600	3880.100	3810.300	3308.000	2538.900	1469.500	745.400	337.100	140.700	55.100	30.900	10.900	14.500	6.600	2.700	5.300	2.600	5.400	1.700	-4.900	-1.500	-4.900	6.800	-1.800	2.200	1.000	-1.100	1.400	5.400	-2.900	2.400
-1.300	-0.900	-3.900	5.100	-0.500	-1.800	3.300	3.900	2.400	4.900	2.200	1.300	5.600	5.000	12.200	12.600	13.200	22.200	27.800	51.400	93.400	279.800	743.000	1664.700	2724.000	3718.600	3880.100	3824.300	3301.000	2503.900	1450.500	716.400	347.100	149.700	64.100	26.900	17.900	15.500	10.600	3.700	7.300	-3.400	5.400	0.700	-1.900	-1.500	2.100	0.800	-3.800	-5.800	-5.000	-2.100	4.400	1.400	-5.900	-6.600
-3.300	1.100	3.100	0.100	-2.500	3.200	0.300	0.900	2.400	0.900	1.200	2.300	2.600	-2.000	7.200	15.600	15.200	12.200	32.800	48.400	97.400	285.800	758.000	1670.700	2747.000	3684.600	3880.100	3784.300	3251.000	2455.900	1427.500	722.400	338.100	131.700	57.100	28.900	19.900	12.500	11.600	6.700	5.300	2.600	2.400	1.700	3.100	-3.500	-2.900	0.800	-1.800	-2.800	-3.000	-2.100	-1.600	-6.600	-4.900	-0.600
0.700	8.100	1.100	1.100	1.500	3.200	-8.700	-2.100	0.400	0.900	2.200	3.300	-3.400	8.000	10.200	6.600	10.200	14.200	22.800	50.400	90.400	299.800	753.000	1706.700	2758.000	3714.600	3880.100	3858.300	3275.000	2493.900	1441.500	722.400	343.100	140.700	57.100	35.900	22.900	8.500	4.600	-5.300	1.300	4.600	1.400	3.700	5.100	2.500	-0.900	2.800	-4.800	2.200	0.000	3.900	-2.600	-2.600	2.100	-8.600
5.700	1.100	-1.900	4.100	6.500	0.200	9.300	1.900	2.400	1.900	-0.800	7.300	10.600	7.000	4.200	7.600	6.200	21.200	29.800	58.400	92.400	297.800	762.000	1721.700	2730.000	3708.600	3880.100	3841.300	3277.000	2463.900	1441.500	711.400	328.100	135.700	60.100	30.900	11.900	9.500	9.600	8.700	0.300	5.600	-1.600	4.700	1.100	7.500	-2.900	6.800	-2.800	-4.800	0.000	-5.100	-0.600	-2.600	-3.900	4.400
0.700	-1.900	0.100	-1.900	-0.500	-2.800	2.300	3.900	-0.600	4.900	-1.800	0.300	4.600	11.000	13.200	13.600	14.200	21.200	29.800	49.400	94.400	294.800	771.000	1696.700	2695.000	3714.600	3880.100	3790.300	3244.000	2455.900	1425.500	708.400	336.100	145.700	50.100	31.900	14.900	12.500	7.600	4.700	5.300	7.600	-1.600	1.700	-0.900	4.500	-0.900	5.800	-3.800	-0.800	-1.000	-1.100	-2.600	-1.600	-4.900	4.400
5.700	1.100	-0.900	3.100	-0.500	-2.800	-3.700	-3.100	2.400	0.900	2.200	-0.700	2.600	5.000	10.200	8.600	19.200	19.200	34.800	53.400	87.400	285.800	753.000	1714.700	2733.000	3663.600	3880.100	3759.300	3234.000	2433.900	1399.500	714.400	339.100	140.700	49.100	36.900	12.900	10.500	9.600	9.700	7.300	6.600	5.400	-1.300	3.100	2.500	-4.900	2.800	-3.800	-8.800	-1.000	-0.100	-0.600	-2.600	-1.900	1.400
2.700	1.100	1.100	-6.900	0.500	-1.800	1.300	2.900	0.400	5.900	2.200	4.300	4.600	3.000	3.200	12.600	11.200	20.200	27.800	41.400	92.400	291.800	763.000	1702.700	2737.000	3633.600	3873.100	3745.300	3196.000	2407.900	1394.500	690.400	312.100	132.700	57.100	34.900	15.900	8.500	6.600	-0.300	4.300	-3.400	4.400	0.700	0.100	-7.500	-6.900	5.800	-1.800	2.200	4.000	-0.100	-1.600	0.400	-2.900	-1.600
-5.300	-6.900	-2.900	-2.900	-4.500	2.200	4.300	6.900	2.400	2.900	4.200	1.300	1.600	4.000	12.200	5.600	15.200	19.200	38.800	50.400	86.400	302.800	755.000	1692.700	2703.000	3671.600	3844.100	3714.300	3165.000	2395.900	1396.500	702.400	314.100	133.700	52.100	29.900	6.900	9.500	10.600	4.700	-3.700	3.600	1.400	5.700	1.100	-0.500	4.100	1.800	-3.800	-1.800	2.000	-1.100	-0.600	-3.600	-1.900	-0.600
1.700	2.100	0.100	7.100	0.500	-1.800	2.300	3.900	-4.600	0.900	0.200	0.300	-3.400	5.000	14.200	14.600	11.200	20.200	34.800	50.400	106.400	305.800	769.000	1710.700	2722.000	3673.600	3853.100	3682.300	3127.000	2383.900	1374.500	672.400	314.100	132.700	51.100	28.900	7.900	9.500	2.600	4.700	1.300	4.600	-5.600	2.700	4.100	7.500	4.100	1.800	0.200	5.200	2.000	3.900	-0.600	3.400	-2.900	-0.600
2.700	2.100	1.100	2.100	4.500	0.200	0.300	-1.100	0.400	4.900	-4.800	4.300	3.600	7.000	8.200	12.600	21.200	25.200	30.800	47.400	94.400	294.800	753.000	1671.700	2659.000	3620.600	3772.100	3604.300	3092.000	2317.900	1328.500	662.400	306.100	133.700	53.100	26.900	12.900	8.500	11.600	-0.300	4.300	-2.400	9.400	3.700	-0.900	0.500	-0.900	2.800	-2.800	-0.800	0.000	-0.100	-0.600	1.400	-0.900	-2.600
-1.300	0.100	2.100	2.100	0.500	6.200	-2.700	3.900	4.400	-0.100	-5.800	-1.700	0.600	9.000	4.200	11.600	13.200	15.200	33.800	46.400	93.400	298.800	753.000	1670.700	2656.000	3539.600	3741.100	3564.300	3029.000	2275.900	1321.500	651.400	301.100	125.700	46.100	24.900	11.900	9.500	5.600	1.700	3.300	2.600	1.400	5.700	-0.900	3.500	0.100	0.800	-1.800	1.200	-3.000	-0.100	-0.600	0.400	-5.900	4.400
-2.300	-3.900	2.100	-0.900	-4.500	-2.800	2.300	-3.100	-2.600	-2.100	-0.800	6.300	4.600	1.000	7.200	13.600	8.200	19.200	18.800	46.400	88.400	298.800	744.000	1662.700	2627.000	3525.600	3698.100	3510.300	3015.000	2235.900	1275.500	632.400	295.100	123.700	48.100	25.900	15.900	8.500	8.600	1.700	5.300	-4.400	-0.600	3.700	-1.900	4.500	0.100	0.800	-1.800	2.200	7.000	-1.100	4.400	-5.600	-4.900	0.400
5.700	3.100	-4.900	3.100	-2.500	0.200	-5.700	-0.100	-0.600	-0.100	1.200	1.300	2.600	6.000	9.200	8.600	7.200	13.200	28.800	48.400	90.400	292.800	767.000	1656.700	2635.000	3463.600	3664.100	3474.300	2931.000	2222.900	1255.500	613.400	283.100	124.700	51.100	20.900	16.900	3.500	7.600	-1.300	1.300	7.600	6.400	5.700	-0.900	9.500	2.100	-0.200	-1.800	-3.800	1.000	8.900	-2.600	0.400	1.100	1.400
4.700	-1.900	0.100	-1.900	2.500	-2.800	-0.700	-1.100	-4.600	3.900	1.200	6.300	2.600	5.000	7.200	6.600	12.200	15.200	29.800	48.400	100.400	301.800	759.000	1669.700	2635.000	3479.600	3604.100	3476.300	2947.000	2157.900	1229.500	619.400	281.100	123.700	46.100	23.900	8.900	10.500	7.600	-0.300	6.300	6.600	-0.600	0.700	1.100	4.500	-2.900	0.800	-8.800	2.200	-3.000	0.900	2.400	-1.600	0.100	-0.600
2.700	-1.900	8.100	3.100	-3.500	-4.800	1.300	2.900	-2.600	-4.100	-0.800	-1.700	3.600	13.000	6.200	11.600	11.200	25.200	21.800	40.400	98.400	304.800	730.000	1634.700	2583.000	3374.600	3538.100	3346.300	2813.000	2081.900	1186.500	606.400	269.100	115.700	40.100	25.900	6.900	7.500	7.600	-3.300	4.300	1.600	7.400	1.700	-5.900	3.500	-2.900	0.800	-3.800	-2.800	-3.000	-1.100	4.400	0.400	-7.900	-3.600
0.700	1.100	-0.900	-1.900	-1.500	-0.800	-1.700	3.900	2.400	-2.100	-3.800	-0.700	-1.400	8.000	5.200	5.600	9.200	22.200	26.800	47.400	93.400	300.800	749.000	1631.700	2580.000	3391.600	3518.100	3307.300	2773.000	2050.900	1165.500	577.400	265.100	104.700	45.100	22.900	13.900	10.500	4.600	2.700	-1.700	-2.400	7.400	-0.300	-0.900	-3.500	-0.900	5.800	-10.800	1.200	-1.000	1.900	-0.600	-0.600	-4.900	-0.600
-0.300	-1.900	-0.900	0.100	-4.500	7.200	-3.700	2.900	3.400	2.900	1.200	1.300	1.600	5.000	4.200	13.600	12.200	17.200	31.800	42.400	92.400	302.800	755.000	1668.700	2611.000	3377.600	3486.100	3289.300	2739.000	2065.900	1155.500	574.400	268.100	118.700	48.100	23.900	8.900	7.500	5.600	3.700	4.300	1.600	0.400	5.700	0.100	0.500	-1.900	3.800	3.200	-0.800	2.000	-2.100	-2.600	-5.600	3.100	-2.600
2.700	1.100	-2.900	-2.900	0.500	2.200	4.300	1.900	8.400	0.900	1.200	1.300	0.600	11.000	8.200	13.600	11.200	14.200	29.800	43.400	92.400	298.800	753.000	1608.700	2591.000	3315.600	3416.100	3211.300	2685.000	1976.900	1125.500	550.400	250.100	112.700	44.100	20.900	13.900	6.500	6.600	5.700	5.300	4.600	6.400	1.700	-4.900	4.500	-5.900	-5.200	0.200	0.200	0.000	0.900	-3.600	1.400	0.100	-2.600
2.700	-1.900	1.100	6.100	0.500	-1.800	-1.700	1.900	8.400	-2.100	3.200	0.300	3.600	9.000	-0.800	4.600	18.200	14.200	26.800	39.400	100.400	295.800	753.000	1631.700	2522.000	3330.600	3368.100	3131.300	2613.000	1913.900	1105.500	542.400	254.100	111.700	36.100	22.900	9.900	6.500	5.600	1.700	0.300	2.600	0.400	-0.300	-1.900	1.500	1.100	-6.200	-3.800	-4.800	-3.000	1.900	6.400	-3.600	1.100	3.400
2.700	-7.900	3.100	2.100	-3.500	-6.800	-5.700	-5.100	1.400	1.900	0.200	6.300	0.600	4.000	0.200	7.600	7.200	16.200	26.800	40.400	98.400	301.800	757.000	1605.700	2509.000	3229.600	3270.100	3086.300	2535.000	1868.900	1054.500	515.400	242.100	102.700	34.100	20.900	12.900	4.500	3.600	2.700	7.300	4.600	1.400	2.700	-7.900	-4.500	-4.900	-2.200	-4.800	-7.800	3.000	-7.100	2.400	-0.600	0.100	2.400
-3.300	4.100	2.100	3.100	3.500	-5.800	-3.700	2.900	3.400	5.900	-1.800	5.300	-0.400	3.000	8.200	11.600	8.200	12.200	27.800	32.400	89.400	290.800	743.000	1598.700	2442.000	3160.600	3208.100	2973.300	2483.000	1791.900	1009.500	500.400	242.100	95.700	34.100	16.900	9.900	7.500	3.600	0.700	-0.700	3.600	2.400	-1.300	2.100	3.500	-1.900	-3.200	-3.800	-4.800	-5.000	3.900	-0.600	-3.600	-9.900	-7.600
3.700	1.100	-1.900	6.100	-0.500	1.200	-0.700	-0.100	-1.600	-4.100	4.200	2.300	3.600	4.000	8.200	9.600	10.200	18.200	23.800	37.400	84.400	300.800	731.000	1580.700	2465.000	3126.600	3168.100	2898.300	2400.000	1752.900	1011.500	505.400	225.100	99.700	36.100	20.900	6.900	3.500	5.600	3.700	1.300	5.600	3.400	1.700	-2.900	10.500	-1.900	0.800	-3.800	-0.800	5.000	-2.100	-0.600	-4.600	-1.900	-2.600
2.700	-1.900	1.100	2.100	-2.500	-2.800	-0.700	0.900	-0.600	3.900	2.200	3.300	4.600	0.000	4.200	9.600	12.200	13.200	27.800	42.400	89.400	296.800	739.000	1568.700	2383.000	3035.600	3088.100	2850.300	2341.000	1699.900	959.500	485.400	227.100	89.700	37.100	18.900	9.900	5.500	10.600	8.700	3.300	8.600	3.400	0.700	4.100	3.500	1.100	-2.200	-5.800	-6.800	1.000	3.900	-2.600	1.400	-0.900	-2.600
1.700	1.100	1.100	1.100	2.500	-2.800	-3.700	4.900	-1.600	4.900	-1.800	1.300	3.600	5.000	-1.800	7.600	9.200	17.200	25.800	45.400	85.400	296.800	731.000	1552.700	2373.000	3012.600	3020.100	2772.300	2297.000	1671.900	944.500	465.400	208.100	95.700	28.100	17.900	9.900	3.500	3.600	3.700	-2.700	-1.400	0.400	3.700	-1.900	0.500	0.100	1.800	-2.800	-1.800	-6.000	-3.100	2.400	-4.600	-0.900	1.400
-1.300	0.100	4.100	-1.900	-2.500	0.200	-0.700	1.900	-2.600	1.900	3.200	2.300	1.600	2.000	7.200	6.600	9.200	17.200	24.800	44.400	86.400	290.800	742.000	1550.700	2331.000	2955.600	2945.100	2680.300	2217.000	1600.900	909.500	453.400	207.100	88.700	28.100	16.900	10.900	4.500	4.600	1.700	6.300	3.600	4.400	3.700	4.100	0.500	-5.900	-3.200	0.200	0.200	-2.000	1.900	2.400	0.400	-0.900	0.400
0.700	-0.900	-0.900	4.100	4.500	0.200	-3.700	-2.100	0.400	1.900	1.200	-5.700	0.600	4.000	3.200	6.600	11.200	13.200	22.800	44.400	82.400	288.800	722.000	1508.700	2315.000	2901.600	2906.100	2614.300	2141.000	1574.900	900.500	449.400	204.100	80.700	26.100	13.900	7.900	4.500	3.600	-2.300	4.300	2.600	0.400	1.700	-1.900	0.500	1.100	-3.200	-3.800	1.200	-1.000	-4.100	-7.600	-0.600	-3.900	-1.600
1.700	-4.900	0.100	4.100	5.500	-3.800	-6.700	-4.100	3.400	0.900	-3.800	1.300	2.600	4.000	6.200	10.600	4.200	12.200	18.800	40.400	89.400	285.800	724.000	1494.700	2237.000	2808.600	2759.100	2511.300	2075.000	1487.900	836.500	420.400	200.100	80.700	23.100	12.900	3.900	4.500	6.600	-1.300	9.300	-0.400	6.400	5.700	4.100	-1.500	2.100	1.800	-1.800	-2.800	5.000	-3.100	3.400	-2.600	-0.900	3.400
4.700	-5.900	0.100	1.100	-0.500	4.200	-1.700	2.900	-0.600	2.900	-3.800	4.300	4.600	1.000	3.200	3.600	9.200	18.200	22.800	38.400	88.400	282.800	720.000	1506.700	2249.000	2779.600	2713.100	2427.300	1975.000	1422.900	810.500	409.400	176.100	83.700	29.100	15.900	6.900	7.500	4.600	1.700	-1.700	3.600	4.400	1.700	-0.900	-6.500	-2.900	-3.200	-4.800	2.200	-2.000	-1.100	5.400	-0.600	-7.900	1.400
2.700	4.100	-2.900	0.100	-0.500	1.200	-3.700	0.900	-0.600	-3.100	-1.800	-1.700	4.600	0.000	1.200	8.600	9.200	11.200	25.800	34.400	89.400	280.800	697.000	1476.700	2164.000	2711.600	2608.100	2318.300	1875.000	1369.900	770.500	389.400	177.100	69.700	24.100	16.900	3.900	9.500	8.600	-5.300	0.300	2.600	4.400	3.700	-0.900	0.500	-1.900	-0.200	3.200	8.200	-8.000	0.900	1.400	-1.600	-3.900	-8.600
-6.300	-1.900	5.100	0.100	-0.500	-6.800	-7.700	-0.100	1.400	-3.100	-0.800	2.300	3.600	1.000	4.200	10.600	7.200	11.200	20.800	36.400	87.400	296.800	697.000	1449.700	2131.000	2613.600	2528.100	2232.300	1783.000	1298.900	717.500	374.400	174.100	74.700	19.100	10.900	7.900	5.500	9.600	-3.300	1.300	5.600	7.400	0.700	-4.900	3.500	2.100	-6.200	-5.800	-2.800	1.000	-7.100	-3.600	-5.600	-0.900	-1.600
-2.300	0.100	2.100	4.100	1.500	-0.800	-0.700	-0.100	-6.600	-5.100	2.200	-0.700	-0.400	5.000	6.200	6.600	9.200	9.200	20.800	30.400	86.400	294.800	701.000	1418.700	2088.000	2543.600	2413.100	2147.300	1703.000	1242.900	699.500	366.400	165.100	67.700	30.100	8.900	5.900	3.500	3.600	0.700	-2.700	-5.400	1.400	-1.300	6.100	3.500	-7.900	-2.200	-2.800	2.200	-2.000	-2.100	0.400	-7.600	-0.900	-4.600
-1.300	-3.900	3.100	4.100	2.500	2.200	2.300	-4.100	1.400	0.900	5.200	-0.700	4.600	-6.000	5.200	3.600	7.200	13.200	19.800	37.400	86.400	280.800	694.000	1390.700	2029.000	2452.600	2332.100	2046.300	1632.000	1183.900	669.500	338.400	155.100	72.700	14.100	13.900	7.900	5.500	4.600	1.700	4.300	-5.400	7.400	3.700	-1.900	1.500	1.100	-2.200	-4.800	-5.800	0.000	-4.100	-5.600	-0.600	-0.900	1.400
0.700	-5.900	-1.900	4.100	-6.500	0.200	-1.700	-1.100	0.400	-3.100	-3.800	1.300	1.600	4.000	6.200	4.600	4.200	12.200	18.800	34.400	87.400	275.800	681.000	1354.700	1971.000	2383.600	2225.100	1893.300	1545.000	1105.900	631.500	314.400	148.100	56.700	22.100	7.900	1.900	4.500	4.600	1.700	0.300	-4.400	4.400	4.700	-1.900	3.500	-1.900	4.800	-6.800	0.200	2.000	0.900	0.400	-1.600	-2.900	-3.600
2.700	9.100	2.100	2.100	-2.500	-5.800	-2.700	-3.100	-6.600	1.900	1.200	1.300	1.600	3.000	3.200	4.600	5.200	12.200	20.800	32.400	87.400	275.800	669.000	1350.700	1949.000	2301.600	2174.100	1862.300	1483.000	1048.900	602.500	305.400	143.100	55.700	17.100	11.900	3.900	6.500	6.600	-1.300	3.300	-0.400	5.400	3.700	-0.900	-2.500	4.100	-2.200	-3.800	5.200	0.000	1.900	-1.600	-2.600	0.100	-0.600
-0.300	-2.900	1.100	-5.900	1.500	-0.800	3.300	-3.100	6.400	4.900	3.200	0.300	-2.400	-1.000	-2.800	4.600	5.200	10.200	13.800	25.400	82.400	276.800	659.000	1324.700	1891.000	2237.600	2076.100	1770.300	1377.000	974.900	577.500	288.400	135.100	60.700	19.100	7.900	6.900	0.500	-1.400	-1.300	5.300	6.600	4.400	4.700	-0.900	4.500	-3.900	-4.200	-2.800	4.200	-5.000	-9.100	2.400	-2.600	-8.900	2.400
-2.300	-5.900	2.100	-0.900	-2.500	-1.800	0.300	-2.100	2.400	4.900	2.200	1.300	4.600	6.000	7.200	1.600	4.200	12.200	14.800	27.400	76.400	275.800	652.000	1303.700	1858.000	2159.600	1980.100	1663.300	1329.000	953.900	538.500	274.400	131.100	55.700	18.100	10.900	3.900	5.500	3.600	8.700	-0.700	3.600	1.400	-0.300	-1.900	-1.500	-3.900	-1.200	-3.800	5.200	-3.000	1.900	4.400	-2.600	-7.900	-3.600
-2.300	-1.900	-1.900	4.100	-3.500	-4.800	1.300	-3.100	-7.600	-0.100	-0.800	-3.700	-0.400	2.000	3.200	4.600	12.200	6.200	19.800	24.400	81.400	276.800	655.000	1259.700	1765.000	2045.600	1871.100	1564.300	1226.000	877.900	502.500	261.400	124.100	44.700	19.100	11.900	5.900	-0.500	2.600	0.700	1.300	2.600	1.400	2.700	-1.900	-7.500	3.100	6.800	-1.800	2.200	-1.000	-6.100	-3.600	-0.600	-0.900	-2.600
3.700	-3.900	0.100	1.100	1.500	-5.800	-3.700	-1.100	2.400	-4.100	0.200	-0.700	0.600	4.000	-0.800	5.600	6.200	4.200	19.800	26.400	83.400	257.800	638.000	1226.700	1745.000	1961.600	1761.100	1467.300	1153.000	843.900	469.500	249.400	113.100	50.700	16.100	8.900	7.900	4.500	1.600	5.700	-0.700	-3.400	-1.600	1.700	-2.900	1.500	0.100	-2.200	4.200	-5.800	-8.000	0.900	0.400	-4.600	-7.900	1.400
1.700	-0.900	0.100	1.100	5.500	-5.800	-5.700	1.900	-0.600	-1.100	2.200	-0.700	0.600	0.000	3.200	-1.400	7.200	11.200	14.800	32.400	77.400	248.800	629.000	1186.700	1660.000	1881.600	1690.100	1391.300	1077.000	775.900	460.500	242.400	111.100	51.700	19.100	6.900	1.900	4.500	4.600	-4.300	1.300	4.600	5.400	-1.300	-2.900	-3.500	-2.900	-0.200	-6.800	-3.800	-1.000	-2.100	2.400	-5.600	-3.900	1.400
3.700	1.100	2.100	-1.900	-3.500	-2.800	-4.700	2.900	-3.600	1.900	-2.800	0.300	0.600	1.000	11.200	-0.400	7.200	4.200	18.800	31.400	77.400	273.800	612.000	1185.700	1611.000	1822.600	1623.100	1316.300	1034.000	733.900	433.500	209.400	101.100	48.700	9.100	13.900	3.900	5.500	1.600	-2.300	2.300	-3.400	1.400	3.700	1.100	-2.500	-5.900	1.800	-2.800	-2.800	-2.000	0.900	-1.600	-2.600	-3.900	-0.600
6.700	-3.900	-2.900	1.100	1.500	-4.800	-4.700	-0.100	-0.600	-4.100	-3.800	-4.700	-2.400	0.000	2.200	4.600	0.200	9.200	6.800	31.400	73.400	261.800	623.000	1187.700	1573.000	1769.600	1548.100	1250.300	959.000	708.900	411.500	209.400	98.100	45.700	12.100	7.900	5.900	0.500	4.600	-7.300	-0.700	-2.400	2.400	4.700	-1.900	-3.500	-3.900	-4.200	-9.800	6.200	-5.000	-4.100	-0.600	-4.600	-4.900	0.400
-6.300	-3.900	-1.900	3.100	-1.500	0.200	-3.700	-4.100	-1.600	-6.100	-2.800	-2.700	4.600	1.000	2.200	3.600	0.200	10.200	11.800	29.400	73.400	258.800	598.000	1112.700	1529.000	1679.600	1463.100	1173.300	887.000	647.900	375.500	198.400	104.100	39.700	7.100	10.900	-7.100	3.500	6.600	7.700	0.300	0.600	-0.600	0.700	4.100	0.500	-5.900	-4.200	-8.800	0.200	-2.000	-2.100	1.400	0.400	0.100	-4.600
-1.300	-0.900	2.100	-0.900	-3.500	-5.800	-1.700	-8.100	-4.600	-0.100	-1.800	-4.700	1.600	-3.000	-0.800	4.600	0.200	6.200	7.800	23.400	73.400	249.800	582.000	1114.700	1471.000	1611.600	1367.100	1072.300	847.000	589.900	344.500	189.400	89.100	39.700	16.100	7.900	0.900	5.500	6.600	-4.300	-2.700	5.600	-3.600	-4.300	-0.900	-5.500	-2.900	-2.200	-2.800	-4.800	-3.000	-3.100	-1.600	0.400	-1.900	-4.600
-7.300	-2.900	-8.900	7.100	-1.500	-5.800	-5.700	-4.100	3.400	-2.100	-5.800	-4.700	2.600	3.000	3.200	4.600	4.200	6.200	17.800	22.400	75.400	263.800	576.000	1086.700	1407.000	1527.600	1298.100	1023.300	772.000	549.900	340.500	179.400	84.100	32.700	11.100	0.900	-0.100	-2.500	1.600	-4.300	0.300	0.600	-1.600	3.700	2.100	2.500	-4.900	1.800	-6.800	-1.800	2.000	-2.100	2.400	-2.600	-3.900	-4.600
-2.300	0.100	0.100	2.100	-1.500	-4.800	1.300	-0.100	1.400	-2.100	-1.800	0.300	3.600	-1.000	4.200	4.600	9.200	4.200	16.800	30.400	74.400	252.800	569.000	1066.700	1391.000	1469.600	1198.100	941.300	716.000	511.900	307.500	164.400	84.100	33.700	8.100	6.900	0.900	-1.500	2.600	1.700	1.300	2.600	-4.600	4.700	-6.900	-2.500	2.100	-1.200	6.200	-0.800	-4.000	0.900	0.400	-7.600	-3.900	-4.600
1.700	-2.900	1.100	-0.900	-6.500	-2.800	3.300	-2.100	5.400	-1.100	-3.800	-1.700	1.600	-5.000	5.200	2.600	-0.800	11.200	10.800	23.400	72.400	245.800	566.000	1049.700	1339.000	1416.600	1141.100	865.300	664.000	493.900	296.500	155.400	80.100	27.700	6.100	3.900	1.900	0.500	-1.400	-6.300	-0.700	3.600	-4.600	3.700	-1.900	-4.500	-3.900	0.800	-4.800	-5.800	-3.000	1.900	-2.600	-3.600	-4.900	3.400
-2.300	1.100	4.100	-0.900	-6.500	-5.800	-4.700	-7.100	-0.600	2.900	-1.800	-4.700	-5.400	6.000	5.200	2.600	2.200	7.200	9.800	25.400	69.400	245.800	541.000	995.700	1271.000	1321.600	1070.100	801.300	613.000	464.900	281.500	147.400	83.100	34.700	13.100	5.900	-4.100	6.500	-2.400	2.700	-0.700	1.600	2.400	-1.300	-2.900	0.500	0.100	-5.200	3.200	0.200	-6.000	-2.100	0.400	-2.600	0.100	-4.600
-1.300	1.100	-2.900	-2.900	-3.500	-3.800	-1.700	-2.100	0.400	0.900	-1.800	-0.700	-0.400	5.000	3.200	-1.400	5.200	6.200	14.800	18.400	72.400	239.800	534.000	981.700	1221.000	1247.600	954.100	745.300	543.000	407.900	245.500	137.400	70.100	23.700	12.100	2.900	1.900	-1.500	3.600	-3.300	-4.700	-1.400	1.400	1.700	-2.900	0.500	-6.900	-1.200	-8.800	1.200	-2.000	0.900	1.400	0.400	-0.900	-2.600
2.700	1.100	-4.900	-1.900	0.500	-5.800	-3.700	1.900	-4.600	1.900	-3.800	-0.700	1.600	1.000	3.200	-0.400	5.200	5.200	13.800	24.400	73.400	229.800	527.000	953.700	1176.000	1169.600	926.100	691.300	529.000	381.900	244.500	126.400	61.100	24.700	9.100	3.900	-7.100	0.500	0.600	2.700	1.300	-1.400	-0.600	1.700	-7.900	3.500	-4.900	-2.200	-2.800	-3.800	-4.000	-4.100	2.400	-7.600	-2.900	1.400
-5.300	1.100	-0.900	2.100	-2.500	-3.800	-3.700	-2.100	-0.600	-2.100	-2.800	0.300	-2.400	-3.000	4.200	1.600	2.200	5.200	8.800	25.400	71.400	237.800	531.000	915.700	1151.000	1119.600	852.100	641.300	478.000	349.900	222.500	118.400	57.100	25.700	5.100	4.900	-2.100	2.500	5.600	-4.300	2.300	2.600	0.400	0.700	-2.900	-0.500	-1.900	-0.200	-6.800	-2.800	-5.000	-2.100	0.400	-1.600	-2.900	-2.600
-0.300	-0.900	-1.900	-5.900	-2.500	-4.800	2.300	-4.100	-3.600	-1.100	-4.800	-1.700	-0.400	-2.000	1.200	-5.400	2.200	3.200	8.800	16.400	69.400	231.800	519.000	927.700	1120.000	1058.600	784.100	590.300	437.000	326.900	200.500	112.400	57.100	19.700	7.100	3.900	-0.100	3.500	2.600	-0.300	1.300	-4.400	0.400	0.700	-12.900	-0.500	-4.900	0.800	2.200	-2.800	-2.000	-0.100	-2.600	-2.600	-3.900	4.400
-1.300	-6.900	0.100	-2.900	0.500	-4.800	0.300	-3.100	-1.600	0.900	-0.800	-3.700	-3.400	5.000	5.200	-0.400	2.200	5.200	13.800	20.400	68.400	232.800	513.000	893.700	1051.000	996.600	742.100	535.300	401.000	311.900	184.500	107.400	50.100	19.700	1.100	9.900	4.900	2.500	-0.400	1.700	0.300	0.600	1.400	-0.300	1.100	1.500	-5.900	-1.200	-6.800	-2.800	0.000	-4.100	4.400	-3.600	-2.900	-0.600
-1.300	-7.900	0.100	2.100	0.500	-3.800	-4.700	-4.100	-2.600	0.900	-5.800	-2.700	-6.400	0.000	2.200	3.600	-2.800	5.200	16.800	25.400	67.400	219.800	517.000	853.700	994.000	936.600	666.100	490.300	360.000	276.900	179.500	100.400	47.100	25.700	7.100	-1.100	-1.100	3.500	4.600	-4.300	0.300	-4.400	4.400	-0.300	-0.900	2.500	-5.900	-5.200	-2.800	-0.800	0.000	-5.100	-3.600	-6.600	-1.900	-1.600
-3.300	-5.900	-8.900	1.100	4.500	0.200	-8.700	-4.100	-3.600	-1.100	-4.800	2.300	0.600	-2.000	-2.800	0.600	4.200	-0.800	7.800	14.400	57.400	219.800	481.000	818.700	965.000	883.600	617.100	444.300	323.000	260.900	169.500	89.400	39.100	22.700	4.100	4.900	-5.100	6.500	4.600	-1.300	0.300	-5.400	-0.600	4.700	3.100	-0.500	-2.900	3.800	-0.800	-4.800	-7.000	-1.100	1.400	-5.600	-7.900	-3.600
-1.300	-0.900	0.100	-0.900	-3.500	-2.800	-4.700	-0.100	-3.600	0.900	-7.800	-7.700	-3.400	-1.000	-0.800	-2.400	3.200	2.200	5.800	22.400	67.400	218.800	474.000	808.700	925.000	845.600	597.100	407.300	303.000	236.900	152.500	86.400	41.100	20.700	3.100	7.900	-5.100	0.500	0.600	-0.300	0.300	0.600	2.400	1.700	-1.900	-3.500	-0.900	-0.200	0.200	-5.800	3.000	1.900	1.400	-1.600	-3.900	1.400
-3.300	4.100	0.100	-0.900	0.500	-4.800	-0.700	2.900	-2.600	-4.100	-0.800	2.300	-0.400	-2.000	-0.800	0.600	2.200	-2.800	11.800	20.400	72.400	214.800	468.000	787.700	902.000	788.600	529.100	364.300	276.000	213.900	144.500	86.400	48.100	13.700	6.100	5.900	3.900	1.500	-1.400	-9.300	-5.700	-4.400	0.400	-0.300	-0.900	3.500	0.100	4.800	-0.800	-0.800	-9.000	1.900	2.400	-0.600	-5.900	-4.600
1.700	-0.900	-1.900	-3.900	-4.500	-4.800	-2.700	-1.100	-3.600	0.900	-0.800	-1.700	-2.400	6.000	3.200	5.600	-0.800	5.200	10.800	19.400	57.400	209.800	457.000	762.700	853.000	741.600	491.100	329.300	241.000	190.900	128.500	73.400	39.100	26.700	1.100	2.900	-2.100	-0.500	0.600	-3.300	-1.700	-4.400	-1.600	-0.300	-2.900	2.500	-4.900	3.800	-2.800	0.200	-2.000	-0.100	-1.600	-7.600	3.100	0.400
-2.300	-3.900	-3.900	-0.900	-2.500	-3.800	-6.700	0.900	2.400	-1.100	4.200	-2.700	-1.400	1.000	-1.800	1.600	5.200	4.200	6.800	17.400	56.400	220.800	450.000	745.700	800.000	679.600	437.100	288.300	223.000	179.900	124.500	72.400	37.100	11.700	2.100	4.900	-3.100	-5.500	1.600	2.700	3.300	-0.400	-2.600	0.700	-2.900	-0.500	-6.900	0.800	-5.800	3.200	0.000	-7.100	-3.600	-3.600	-8.900	-2.600
-5.300	-5.900	3.100	0.100	1.500	-4.800	-2.700	-7.100	-4.600	-3.100	-5.800	3.300	1.600	2.000	-0.800	0.600	-0.800	7.200	11.800	20.400	68.400	200.800	452.000	717.700	763.000	635.600	414.100	260.300	193.000	166.900	111.500	59.400	34.100	12.700	3.100	3.900	-2.100	5.500	0.600	-4.300	-6.700	-1.400	0.400	-1.300	-3.900	0.500	-7.900	0.800	-2.800	-3.800	2.000	-5.100	-0.600	1.400	-5.900	3.400
5.700	1.100	0.100	-5.900	-1.500	3.200	-1.700	0.900	-0.600	-4.100	-1.800	3.300	-3.400	0.000	-2.800	0.600	-1.800	7.200	8.800	19.400	63.400	201.800	419.000	670.700	737.000	591.600	359.100	217.300	167.000	142.900	106.500	56.400	22.100	16.700	3.100	5.900	1.900	-1.500	9.600	1.700	-6.700	2.600	3.400	-2.300	6.100	1.500	-6.900	-2.200	0.200	0.200	-3.000	-3.100	1.400	-6.600	-3.900	3.400
-4.300	-3.900	-0.900	-2.900	-8.500	-4.800	-7.700	-0.100	-3.600	-5.100	-4.800	-4.700	0.600	-2.000	-2.800	-2.400	-1.800	1.200	5.800	17.400	61.400	202.800	421.000	664.700	717.000	550.600	332.100	193.300	149.000	127.900	85.500	51.400	32.100	11.700	5.100	3.900	-3.100	0.500	-0.400	-6.300	-3.700	-0.400	-2.600	-4.300	-6.900	0.500	-2.900	-0.200	0.200	1.200	-7.000	2.900	-0.600	-5.600	-6.900	-4.600
-1.300	-6.900	-2.900	-2.900	-7.500	-10.800	-3.700	-5.100	-0.600	-3.100	2.200	-0.700	-5.400	2.000	-4.800	-0.400	-5.800	-1.800	1.800	18.400	53.400	203.800	417.000	640.700	685.000	508.600	296.100	182.300	141.000	117.900	86.500	48.400	25.100	15.700	0.100	0.900	-2.100	1.500	2.600	-10.300	-2.700	1.600	1.400	-3.300	-3.900	2.500	-3.900	-1.200	-2.800	-2.800	6.000	-7.100	0.400	-2.600	1.100	-2.600
-6.300	-0.900	-1.900	0.100	-2.500	-7.800	-1.700	-8.100	0.400	4.900	-2.800	-2.700	-4.400	1.000	7.200	-0.400	1.200	0.200	7.800	17.400	61.400	186.800	402.000	635.700	633.000	491.600	264.100	155.300	119.000	108.900	77.500	42.400	20.100	11.700	2.100	4.900	-0.100	-1.500	5.600	-5.300	1.300	-2.400	-1.600	1.700	-2.900	6.500	-11.900	-8.200	-4.800	-2.800	-10.000	2.900	-0.600	-6.600	-1.900	-4.600
-3.300	-3.900	1.100	2.100	-3.500	1.200	-1.700	-3.100	-2.600	-1.100	-6.800	-3.700	-1.400	-4.000	1.200	0.600	5.200	1.200	7.800	14.400	56.400	191.800	388.000	595.700	583.000	425.600	240.100	133.300	104.000	99.900	75.500	43.400	17.100	10.700	-1.900	-2.100	-2.100	-0.500	-2.400	-5.300	-4.700	0.600	-3.600	-1.300	0.100	-0.500	-4.900	0.800	-3.800	1.200	0.000	0.900	-2.600	0.400	-1.900	-0.600
-4.300	-6.900	-0.900	-6.900	-9.500	-6.800	-4.700	2.900	-2.600	-5.100	-2.800	-4.700	2.600	0.000	0.200	2.600	2.200	-1.800	0.800	18.400	53.400	182.800	376.000	583.700	560.000	396.600	195.100	118.300	84.000	84.900	67.500	31.400	17.100	7.700	-0.900	0.900	-0.100	-2.500	-3.400	-3.300	1.300	-5.400	-3.600	-2.300	-6.900	3.500	-2.900	-6.200	0.200	-5.800	-4.000	-8.100	-1.600	-1.600	-7.900	-6.600
-2.300	2.100	-3.900	-3.900	-0.500	-7.800	-2.700	-9.100	-4.600	-7.100	-0.800	-8.700	-5.400	-3.000	-0.800	-1.400	4.200	-0.800	6.800	14.400	56.400	177.800	369.000	562.700	549.000	364.600	179.100	90.300	84.000	79.900	56.500	33.400	19.100	5.700	-3.900	-1.100	0.900	-4.500	-1.400	-0.300	-0.700	-3.400	-1.600	0.700	0.100	-9.500	-8.900	-3.200	-5.800	-5.800	-2.000	4.900	-2.600	-0.600	-2.900	2.400
0.700	-6.900	-1.900	-4.900	-3.500	-6.800	-4.700	-7.100	2.400	-6.100	-1.800	2.300	-8.400	0.000	-1.800	-0.400	-0.800	-2.800	7.800	14.400	55.400	182.800	367.000	536.700	520.000	337.600	164.100	72.300	72.000	65.900	48.500	29.400	16.100	8.700	-0.900	0.900	-5.100	-2.500	0.600	-3.300	-0.700	-0.400	0.400	1.700	-3.900	-1.500	-0.900	3.800	-3.800	-1.800	-3.000	-0.100	-1.600	-5.600	-4.900	-3.600
-3.300	4.100	0.100	-4.900	-3.500	-3.800	-6.700	-7.100	-5.600	-3.100	-4.800	-4.700	-4.400	-6.000	-3.800	-3.400	-3.800	0.200	0.800	14.400	55.400	178.800	356.000	530.700	488.000	301.600	135.100	67.300	63.000	64.900	48.500	28.400	15.100	10.700	0.100	-3.100	2.900	-1.500	-0.400	-4.300	1.300	-3.400	-3.600	3.700	-1.900	-2.500	-3.900	3.800	-5.800	-8.800	-4.000	-3.100	-5.600	-3.600	0.100	-2.600
-0.300	-1.900	2.100	3.100	0.500	-2.800	-6.700	-1.100	-0.600	-3.100	-9.800	-7.700	-1.400	-1.000	2.200	0.600	-0.800	1.200	5.800	16.400	51.400	169.800	344.000	515.700	479.000	289.600	116.100	57.300	48.000	55.900	44.500	24.400	14.100	6.700	3.100	-5.100	-3.100	-0.500	1.600	2.700	-3.700	0.600	-4.600	-7.300	0.100	-3.500	0.100	-2.200	1.200	-0.800	-4.000	-3.100	-1.600	-2.600	-4.900	-3.600
-0.300	-1.900	-3.900	0.100	0.500	-2.800	-4.700	1.900	-3.600	-3.100	-7.800	-4.700	-3.400	-2.000	-3.800	0.600	1.200	3.200	3.800	14.400	47.400	167.800	329.000	488.700	431.000	260.600	109.100	40.300	40.000	47.900	45.500	29.400	7.100	7.700	-2.900	-1.100	0.900	4.500	3.600	-1.300	-1.700	-4.400	1.400	-0.300	0.100	-1.500	-6.900	-0.200	-2.800	2.200	0.000	0.900	-0.600	1.400	-6.900	-1.600
2.700	1.100	-1.900	1.100	-0.500	-1.800	1.300	2.900	-3.600	-0.100	-0.800	-0.700	-1.400	-4.000	-5.800	0.600	0.200	-0.800	9.800	16.400	41.400	155.800	337.000	473.700	425.000	245.600	87.100	36.300	41.000	46.900	42.500	18.400	8.100	2.700	5.100	1.900	-6.100	-4.500	-5.400	-3.300	-5.700	-5.400	2.400	-5.300	0.100	1.500	-7.900	-3.200	-4.800	1.200	-3.000	-1.100	2.400	-5.600	-3.900	0.400
2.700	-5.900	-8.900	0.100	-5.500	-4.800	-5.700	-3.100	-3.600	1.900	-2.800	-3.700	-0.400	2.000	-3.800	-1.400	1.200	1.200	7.800	14.400	46.400	157.800	323.000	480.700	401.000	220.600	73.100	23.300	39.000	36.900	39.500	22.400	13.100	5.700	1.100	-3.100	-3.100	-1.500	-0.400	-1.300	-5.700	-3.400	3.400	2.700	-0.900	-1.500	-2.900	-1.200	-6.800	-1.800	-6.000	-0.100	0.400	-4.600	-1.900	1.400
3.700	-3.900	-0.900	-0.900	-5.500	1.200	-6.700	1.900	-3.600	-2.100	-4.800	1.300	-0.400	-10.000	-1.800	-2.400	-2.800	-0.800	-2.200	11.400	43.400	159.800	314.000	454.700	372.000	191.600	58.100	17.300	26.000	35.900	30.500	15.400	6.100	3.700	3.100	1.900	-3.100	0.500	3.600	-3.300	2.300	-1.400	2.400	-5.300	-3.900	-3.500	-5.900	-0.200	-1.800	-4.800	-3.000	1.900	0.400	1.400	-1.900	-1.600
-0.300	-4.900	1.100	-4.900	-3.500	-2.800	-0.700	-2.100	1.400	2.900	-2.800	-4.700	-2.400	0.000	-3.800	4.600	-5.800	-2.800	5.800	15.400	43.400	145.800	312.000	414.700	367.000	187.600	58.100	15.300	31.000	33.900	31.500	12.400	5.100	1.700	-4.900	0.900	5.900	-3.500	0.600	-3.300	0.300	-2.400	4.400	-2.300	1.100	3.500	-2.900	2.800	-1.800	-3.800	-5.000	-1.100	-0.600	-3.600	-4.900	-5.600
-4.300	-1.900	-1.900	1.100	-4.500	-9.800	-5.700	-3.100	-2.600	1.900	1.200	-4.700	-5.400	-6.000	2.200	-1.400	0.200	0.200	-0.200	16.400	40.400	156.800	300.000	415.700	346.000	159.600	40.100	12.300	20.000	28.900	30.500	17.400	8.100	10.700	2.100	4.900	-5.100	1.500	0.600	-3.300	1.300	0.600	4.400	-2.300	-2.900	-4.500	-6.900	-1.200	-0.800	-5.800	-2.000	-5.100	2.400	-0.600	-2.900	-1.600
-4.300	-5.900	-1.900	2.100	-3.500	-4.800	-7.700	-5.100	-7.600	-5.100	-3.800	1.300	-4.400	-6.000	-0.800	-2.400	-1.800	0.200	1.800	10.400	43.400	137.800	296.000	386.700	334.000	161.600	36.100	11.300	17.000	22.900	26.500	10.400	8.100	6.700	-1.900	-8.100	-1.100	-0.500	0.600	0.700	-0.700	1.600	1.400	-5.300	2.100	-2.500	-6.900	2.800	0.200	-9.800	-3.000	5.900	-1.600	-1.600	0.100	-1.600
-0.300	-2.900	1.100	0.100	-6.500	-5.800	0.300	-2.100	1.400	-7.100	0.200	0.300	0.600	-2.000	0.200	-0.400	1.200	5.200	2.800	19.400	45.400	143.800	284.000	394.700	299.000	137.600	26.100	11.300	19.000	29.900	18.500	11.400	6.100	6.700	-4.900	2.900	-0.100	2.500	-5.400	-4.300	-4.700	1.600	-1.600	-5.300	-2.900	6.500	-0.900	0.800	-6.800	1.200	-7.000	-3.100	0.400	-4.600	-6.900	5.400
1.700	-7.900	-6.900	-1.900	-4.500	-5.800	-5.700	-1.100	-0.600	-4.100	1.200	1.300	-3.400	-3.000	-1.800	0.600	3.200	-2.800	0.800	17.400	44.400	129.800	275.000	389.700	291.000	136.600	28.100	10.300	15.000	27.900	19.500	12.400	1.100	7.700	-3.900	4.900	-4.100	-3.500	0.600	-0.300	-0.700	-5.400	-0.600	1.700	-8.900	-0.500	-3.900	-1.200	-3.800	-1.800	7.000	-1.100	-2.600	2.400	-0.900	-1.600
-2.300	-3.900	3.100	0.100	-0.500	-2.800	-7.700	-5.100	-2.600	-4.100	4.200	2.300	-6.400	-2.000	-5.800	4.600	-3.800	-0.800	4.800	10.400	48.400	134.800	279.000	369.700	275.000	117.600	29.100	13.300	12.000	27.900	12.500	9.400	12.100	5.700	-2.900	1.900	-1.100	-3.500	-1.400	-6.300	0.300	-5.400	6.400	2.700	-4.900	-5.500	1.100	-3.200	2.200	1.200	-5.000	1.900	-1.600	-0.600	0.100	-1.600
-0.300	-2.900	-2.900	-0.900	-5.500	-4.800	-3.700	-2.100	-8.600	-3.100	0.200	-3.700	-6.400	0.000	-5.800	-3.400	-0.800	5.200	0.800	14.400	37.400	124.800	271.000	350.700	273.000	119.600	21.100	5.300	8.000	19.900	17.500	9.400	1.100	0.700	-5.900	-3.100	-5.100	-1.500	2.600	1.700	-0.700	1.600	0.400	0.700	-2.900	-5.500	-3.900	1.800	1.200	-0.800	-4.000	-1.100	-0.600	-10.600	-3.900	-7.600
-0.300	-4.900	-2.900	-2.900	-3.500	0.200	-6.700	-4.100	-4.600	-0.100	3.200	-3.700	-3.400	-2.000	6.200	-2.400	-0.800	1.200	0.800	14.400	46.400	127.800	267.000	360.700	256.000	107.600	16.100	8.300	6.000	17.900	20.500	11.400	5.100	0.700	-4.900	-3.100	-3.100	-1.500	1.600	-5.300	-6.700	-2.400	2.400	1.700	-3.900	1.500	-0.900	-2.200	0.200	-2.800	-3.000	-7.100	-0.600	-5.600	-5.900	-2.600
0.700	-1.900	-2.900	0.100	-4.500	-5.800	-6.700	-2.100	0.400	-2.100	-6.800	-2.700	-2.400	-2.000	4.200	0.600	2.200	-2.800	3.800	14.400	36.400	129.800	261.000	343.700	252.000	96.600	19.100	4.300	9.000	20.900	12.500	7.400	5.100	0.700	-4.900	-1.100	-2.100	-5.500	-1.400	-4.300	3.300	-2.400	1.400	0.700	-3.900	2.500	-4.900	-2.200	-3.800	-4.800	-6.000	-0.100	-2.600	-1.600	-2.900	0.400
-1.300	-2.900	-4.900	2.100	-2.500	-3.800	-3.700	-0.100	0.400	-7.100	-7.800	-0.700	4.600	-5.000	-1.800	6.600	1.200	3.200	0.800	8.400	38.400	131.800	248.000	327.700	232.000	96.600	19.100	5.300	13.000	12.900	13.500	3.400	-2.900	3.700	5.100	-0.100	-0.100	-4.500	-0.400	-4.300	1.300	0.600	0.400	-0.300	-5.900	6.500	-3.900	-5.200	1.200	-0.800	-4.000	-2.100	-0.600	-8.600	-7.900	-0.600
-2.300	-8.900	-2.900	-4.900	1.500	-3.800	-2.700	1.900	-4.600	-4.100	-1.800	-5.700	-0.400	-1.000	-5.800	0.600	-7.800	4.200	5.800	15.400	33.400	119.800	241.000	316.700	232.000	85.600	24.100	9.300	17.000	14.900	14.500	6.400	-3.900	-4.300	1.100	-2.100	1.900	1.500	3.600	-7.300	1.300	-5.400	-7.600	-3.300	-4.900	2.500	-3.900	-4.200	-3.800	-1.800	-2.000	-0.100	1.400	-7.600	-1.900	0.400
-0.300	0.100	-0.900	4.100	-8.500	-2.800	-1.700	-0.100	-3.600	-3.100	-3.800	0.300	-2.400	-3.000	0.200	-6.400	-2.800	5.200	6.800	10.400	43.400	111.800	238.000	297.700	215.000	84.600	25.100	20.300	13.000	22.900	14.500	2.400	4.100	1.700	-3.900	-8.100	-6.100	3.500	0.600	0.700	-3.700	-1.400	-1.600	0.700	0.100	-0.500	-3.900	-2.200	-3.800	-4.800	-3.000	-1.100	2.400	-0.600	-5.900	-6.600
-2.300	-6.900	2.100	0.100	-0.500	-5.800	-4.700	-3.100	2.400	-2.100	-5.800	-6.700	0.600	6.000	-1.800	1.600	-4.800	0.200	7.800	14.400	33.400	112.800	235.000	298.700	209.000	83.600	23.100	14.300	12.000	12.900	11.500	0.400	7.100	-0.300	-1.900	-5.100	-5.100	1.500	-0.400	-5.300	2.300	-5.400	2.400	2.700	-6.900	-0.500	-9.900	0.800	-5.800	-1.800	-2.000	-3.100	-4.600	-3.600	-4.900	-3.600
-3.300	0.100	1.100	-3.900	-2.500	-7.800	-3.700	1.900	-3.600	-4.100	-4.800	3.300	-3.400	-2.000	-2.800	2.600	-3.800	-0.800	-0.200	11.400	38.400	111.800	236.000	294.700	200.000	73.600	19.100	22.300	15.000	14.900	11.500	5.400	-1.900	1.700	-1.900	0.900	0.900	0.500	3.600	-7.300	-0.700	-1.400	3.400	-2.300	-2.900	1.500	3.100	-2.200	-2.800	1.200	-4.000	2.900	6.400	-5.600	-4.900	-7.600
-4.300	1.100	1.100	-5.900	-4.500	-3.800	-0.700	-3.100	-3.600	-5.100	-3.800	-4.700	0.600	-2.000	-0.800	1.600	-0.800	-0.800	4.800	11.400	31.400	106.800	220.000	294.700	193.000	74.600	30.100	22.300	19.000	12.900	14.500	0.400	-2.900	1.700	1.100	-0.100	-5.100	-0.500	0.600	-3.300	-1.700	-3.400	0.400	-2.300	1.100	-2.500	-5.900	-1.200	-1.800	-0.800	3.000	2.900	-1.600	-0.600	4.100	-8.600
1.700	-2.900	-1.900	2.100	-0.500	-4.800	-4.700	-1.100	-3.600	-6.100	-0.800	1.300	-2.400	4.000	0.200	0.600	1.200	2.200	-1.200	12.400	28.400	114.800	217.000	281.700	185.000	71.600	28.100	25.300	13.000	18.900	7.500	0.400	-4.900	-2.300	-7.900	2.900	-9.100	-3.500	-2.400	-3.300	1.300	-7.400	0.400	-6.300	0.100	-1.500	1.100	-4.200	-3.800	1.200	-5.000	2.900	-1.600	-1.600	-6.900	1.400
-6.300	0.100	5.100	-0.900	-3.500	5.200	-7.700	-10.100	0.400	-7.100	-1.800	-2.700	-0.400	-2.000	0.200	-0.400	-3.800	-0.800	2.800	10.400	26.400	101.800	206.000	261.700	183.000	73.600	29.100	25.300	18.000	13.900	5.500	5.400	-2.900	1.700	-4.900	0.900	-6.100	-5.500	-1.400	0.700	-1.700	-3.400	2.400	-7.300	-1.900	-2.500	-2.900	-6.200	-6.800	-1.800	-5.000	2.900	-2.600	-4.600	-5.900	-3.600
1.700	-0.900	0.100	2.100	0.500	-2.800	-4.700	2.900	0.400	-2.100	-5.800	-7.700	-5.400	-4.000	-0.800	-2.400	0.200	2.200	-0.200	12.400	27.400	103.800	210.000	250.700	161.000	67.600	34.100	25.300	16.000	13.900	13.500	-0.600	0.100	1.700	-6.900	2.900	-2.100	0.500	-0.400	-2.300	-1.700	-2.400	-1.600	-3.300	4.100	-0.500	0.100	-2.200	-6.800	1.200	-3.000	5.900	-1.600	-0.600	-7.900	0.400
-6.300	-4.900	-3.900	-6.900	-2.500	-1.800	-4.700	-2.100	-9.600	-4.100	-5.800	-0.700	-5.400	-2.000	-0.800	1.600	-1.800	-2.800	0.800	9.400	28.400	102.800	208.000	251.700	168.000	65.600	34.100	33.300	16.000	11.900	8.500	1.400	-10.900	-6.300	1.100	-2.100	-0.100	-4.500	-0.400	2.700	-5.700	-2.400	2.400	-0.300	-5.900	-2.500	-7.900	1.800	-9.800	0.200	-8.000	-1.100	-3.600	-4.600	-9.900	-2.600
0.700	-0.900	-1.900	-3.900	-2.500	-0.800	-1.700	-3.100	0.400	-7.100	-2.800	-2.700	1.600	-2.000	5.200	-7.400	-1.800	3.200	-2.200	3.400	33.400	103.800	207.000	249.700	164.000	73.600	45.100	37.300	15.000	15.900	12.500	0.400	5.100	4.700	-5.900	-2.100	-2.100	-0.500	-2.400	-5.300	-2.700	-0.400	0.400	3.700	-3.900	1.500	-4.900	-4.200	-8.800	-3.800	-1.000	-0.100	-1.600	-2.600	-4.900	-5.600
-1.300	-6.900	1.100	-0.900	-5.500	-5.800	-2.700	-0.100	1.400	-2.100	-4.800	-4.700	0.600	-1.000	2.200	10.600	-5.800	0.200	2.800	6.400	21.400	100.800	196.000	234.700	163.000	68.600	42.100	37.300	17.000	15.900	6.500	1.400	1.100	0.700	-2.900	0.900	0.900	-1.500	0.600	-0.300	-2.700	0.600	-1.600	5.700	-3.900	-2.500	-4.900	-2.200	-5.800	-1.800	3.000	4.900	-4.600	-4.600	-0.900	-3.600
-8.300	1.100	-1.900	-2.900	-2.500	-2.800	2.300	-0.100	-5.600	-1.100	0.200	-2.700	6.600	3.000	-1.800	0.600	5.200	0.200	1.800	11.400	33.400	94.800	201.000	221.700	149.000	61.600	54.100	41.300	24.000	10.900	12.500	-1.600	-4.900	3.700	-3.900	0.900	-5.100	-2.500	1.600	-2.300	0.300	0.600	-3.600	-1.300	-1.900	2.500	-3.900	-1.200	-4.800	2.200	-2.000	-3.100	1.400	-5.600	-3.900	-1.600
4.700	4.100	-1.900	-0.900	-4.500	-3.800	-0.700	-1.100	-2.600	-0.100	0.200	3.300	-6.400	-3.000	-1.800	-0.400	-2.800	-1.800	3.800	9.400	27.400	96.800	190.000	223.700	143.000	75.600	57.100	45.300	24.000	12.900	9.500	-1.600	3.100	8.700	-2.900	4.900	-0.100	0.500	-2.400	-5.300	-1.700	-1.400	4.400	-0.300	-2.900	-0.500	0.100	2.800	-9.800	-1.800	0.000	-1.100	3.400	-0.600	-3.900	2.400
-5.300	-0.900	-7.900	-2.900	-2.500	-4.800	-6.700	-6.100	-5.600	-4.100	-2.800	-2.700	-2.400	-3.000	1.200	3.600	4.200	2.200	1.800	9.400	24.400	91.800	183.000	222.700	139.000	80.600	69.100	43.300	20.000	17.900	5.500	1.400	-1.900	1.700	-3.900	0.900	0.900	-1.500	3.600	-4.300	-2.700	-0.400	-4.600	4.700	-2.900	-0.500	-0.900	1.800	-5.800	-7.800	-6.000	-3.100	-6.600	1.400	-5.900	-2.600
-1.300	-1.900	3.100	0.100	-4.500	-2.800	-2.700	-3.100	-3.600	-5.100	-1.800	-0.700	-1.400	-3.000	-2.800	-3.400	-1.800	-3.800	3.800	6.400	25.400	89.800	178.000	209.700	144.000	74.600	64.100	47.300	24.000	8.900	6.500	0.400	-5.900	2.700	-2.900	-3.100	-1.100	-1.500	4.600	-2.300	0.300	-3.400	-0.600	-0.300	-5.900	0.500	-0.900	0.800	-4.800	-1.800	-8.000	0.900	-4.600	2.400	-0.900	1.400
-4.300	-3.900	-4.900	3.100	-9.500	-3.800	-1.700	0.900	-0.600	-4.100	0.200	-4.700	0.600	2.000	-3.800	1.600	-3.800	-5.800	-1.200	5.400	25.400	93.800	176.000	208.700	138.000	80.600	58.100	52.300	25.000	16.900	2.500	3.400	-1.900	-3.300	-0.900	-2.100	-0.100	-0.500	-1.400	-3.300	0.300	-0.400	-4.600	2.700	-0.900	-3.500	-4.900	-4.200	-5.800	-5.800	-6.000	-0.100	-5.600	-1.600	-6.900	-0.600
-6.300	-6.900	-3.900	-2.900	-3.500	-5.800	0.300	-1.100	2.400	-2.100	-1.800	3.300	-0.400	-1.000	-3.800	5.600	-2.800	-2.800	5.800	7.400	21.400	90.800	171.000	203.700	142.000	81.600	72.100	58.300	24.000	13.900	13.500	-0.600	2.100	3.700	-1.900	2.900	0.900	-7.500	2.600	0.700	0.300	5.600	-1.600	-2.300	-2.900	2.500	-3.900	0.800	-5.800	1.200	-6.000	-4.100	0.400	0.400	0.100	-3.600
-1.300	-2.900	4.100	-2.900	1.500	-7.800	2.300	3.900	0.400	-3.100	-2.800	-1.700	-5.400	0.000	-4.800	-1.400	-1.800	1.200	1.800	9.400	25.400	88.800	167.000	199.700	133.000	84.600	73.100	57.300	26.000	18.900	15.500	4.400	2.100	-0.300	-1.900	-4.100	-6.100	0.500	-3.400	-2.300	2.300	-2.400	-2.600	-2.300	-2.900	4.500	1.100	0.800	-4.800	-6.800	-7.000	1.900	-0.600	-2.600	-4.900	-0.600
-1.300	-2.900	-4.900	-0.900	-6.500	-4.800	-5.700	-0.100	-1.600	-1.100	-0.800	-8.700	-4.400	2.000	-0.800	-5.400	4.200	-2.800	4.800	5.400	29.400	81.800	166.000	204.700	137.000	84.600	83.100	65.300	28.000	18.900	12.500	-3.600	3.100	-1.300	-3.900	-1.100	-3.100	2.500	-5.400	-3.300	-1.700	0.600	-4.600	2.700	-4.900	2.500	-9.900	0.800	-4.800	-2.800	-9.000	0.900	-1.600	-1.600	-3.900	-0.600
-0.300	-0.900	0.100	-8.900	0.500	-5.800	0.300	-0.100	-0.600	-3.100	-4.800	0.300	-5.400	2.000	0.200	3.600	-3.800	-2.800	4.800	7.400	18.400	83.800	155.000	198.700	138.000	85.600	85.100	56.300	26.000	21.900	9.500	0.400	-2.900	0.700	-4.900	-2.100	-7.100	-3.500	1.600	-3.300	-4.700	-5.400	-0.600	-0.300	1.100	-0.500	-4.900	-2.200	-4.800	-4.800	-3.000	2.900	3.400	-1.600	-0.900	-1.600
-2.300	3.100	-2.900	1.100	-5.500	-3.800	0.300	-3.100	-6.600	-5.100	-6.800	-0.700	-3.400	1.000	1.200	-7.400	1.200	2.200	-4.200	3.400	29.400	79.800	159.000	190.700	122.000	93.600	87.100	63.300	27.000	19.900	6.500	-0.600	2.100	2.700	-1.900	-1.100	-5.100	2.500	-1.400	-0.300	-7.700	-11.400	-2.600	-4.300	1.100	-4.500	-4.900	-0.200	-6.800	-3.800	-3.000	-5.100	5.400	-5.600	-4.900	-8.600
-0.300	-5.900	0.100	2.100	1.500	-6.800	-5.700	-5.100	-1.600	-7.100	-7.800	-2.700	2.600	1.000	-4.800	-2.400	2.200	-2.800	5.800	3.400	23.400	81.800	153.000	176.700	127.000	87.600	91.100	65.300	26.000	25.900	9.500	8.400	6.100	2.700	1.100	0.900	-3.100	-2.500	3.600	-2.300	-2.700	-0.400	2.400	-4.300	0.100	-6.500	-2.900	3.800	-3.800	5.200	0.000	-1.100	-0.600	-6.600	-4.900	-3.600
2.700	-0.900	-9.900	-2.900	-5.500	-1.800	-5.700	-3.100	-1.600	3.900	1.200	0.300	-0.400	1.000	-5.800	-1.400	-2.800	0.200	-2.200	1.400	20.400	77.800	152.000	178.700	118.000	97.600	92.100	67.300	24.000	14.900	9.500	5.400	4.100	0.700	2.100	3.900	-9.100	-5.500	-2.400	-0.300	-0.700	1.600	0.400	-4.300	-6.900	0.500	-5.900	-1.200	-1.800	-2.800	-6.000	-4.100	-0.600	-1.600	-2.900	-1.600
7.700	-0.900	-5.900	4.100	-1.500	-3.800	-8.700	-2.100	-1.600	-4.100	-5.800	-1.700	-9.400	-3.000	0.200	-3.400	-3.800	-4.800	4.800	13.400	24.400	75.800	151.000	173.700	124.000	97.600	100.100	58.300	27.000	17.900	10.500	4.400	0.100	-1.300	-10.900	0.900	-1.100	-3.500	2.600	-5.300	-6.700	-3.400	-2.600	1.700	0.100	-6.500	-0.900	0.800	3.200	-2.800	-2.000	3.900	-3.600	-6.600	-5.900	1.400
3.700	0.100	-2.900	1.100	-8.500	-6.800	-9.700	-9.100	-3.600	-4.100	-3.800	-0.700	-6.400	-2.000	-2.800	-1.400	1.200	3.200	-1.200	8.400	22.400	79.800	136.000	166.700	123.000	99.600	91.100	59.300	27.000	19.900	15.500	1.400	0.100	-1.300	-7.900	-2.100	1.900	2.500	-1.400	-0.300	-0.700	1.600	-4.600	-4.300	-1.900	3.500	-3.900	-2.200	2.200	1.200	-3.000	-4.100	0.400	-1.600	-5.900	-2.600
-0.300	-3.900	-0.900	4.100	-0.500	-4.800	-8.700	-6.100	-1.600	-1.100	-3.800	-2.700	-1.400	-1.000	-3.800	-9.400	1.200	-0.800	6.800	7.400	19.400	77.800	141.000	163.700	122.000	100.600	112.100	66.300	27.000	29.900	13.500	5.400	0.100	4.700	-1.900	-7.100	-4.100	-1.500	2.600	-4.300	-2.700	-4.400	1.400	-1.300	-1.900	-2.500	0.100	0.800	-6.800	-6.800	1.000	-4.100	-0.600	-2.600	-5.900	-2.600
-5.300	0.100	-3.900	-1.900	2.500	-3.800	-1.700	-6.100	0.400	-1.100	-1.800	-3.700	-3.400	-3.000	3.200	-3.400	0.200	2.200	7.800	11.400	17.400	65.800	142.000	157.700	119.000	108.600	108.100	78.300	29.000	24.900	11.500	6.400	4.100	-1.300	-6.900	0.900	-3.100	-0.500	3.600	3.700	-1.700	-1.400	-0.600	-7.300	-3.900	-3.500	-6.900	-0.200	-10.800	-3.800	2.000	-4.100	4.400	-7.600	-4.900	-2.600
-6.300	-4.900	3.100	-1.900	-8.500	-11.800	-4.700	-3.100	-1.600	-8.100	-5.800	2.300	-2.400	-4.000	-0.800	-1.400	-2.800	0.200	-8.200	4.400	23.400	72.800	137.000	153.700	121.000	106.600	105.100	69.300	32.000	24.900	16.500	6.400	1.100	-0.300	-4.900	-2.100	-2.100	-2.500	-2.400	-5.300	2.300	1.600	1.400	-2.300	-4.900	-5.500	-4.900	-0.200	-5.800	-2.800	-3.000	-5.100	-5.600	-0.600	0.100	3.400
-7.300	-2.900	-3.900	-5.900	0.500	-8.800	-7.700	-2.100	1.400	-3.100	-7.800	-8.700	-1.400	1.000	-3.800	-3.400	1.200	-3.800	-1.200	5.400	22.400	67.800	134.000	159.700	122.000	112.600	110.100	71.300	29.000	25.900	9.500	4.400	7.100	4.700	-4.900	-1.100	3.900	-5.500	-2.400	-3.300	-0.700	-5.400	0.400	-2.300	-2.900	4.500	-6.900	0.800	-0.800	-1.800	-3.000	-2.100	-3.600	2.400	-10.900	0.400
-1.300	-6.900	4.100	-2.900	-3.500	-6.800	-2.700	-1.100	0.400	-1.100	-5.800	-1.700	-1.400	-1.000	-5.800	-3.400	-9.800	-0.800	2.800	5.400	17.400	64.800	134.000	149.700	119.000	115.600	114.100	68.300	37.000	25.900	19.500	5.400	1.100	0.700	-1.900	-2.100	-5.100	1.500	0.600	-3.300	3.300	-0.400	-0.600	-1.300	-3.900	-3.500	-3.900	3.800	-5.800	1.200	-3.000	-4.100	-0.600	-2.600	-0.900	-6.600
1.700	1.100	-3.900	-3.900	-4.500	-4.800	-4.700	-3.100	-4.600	-1.100	-9.800	-4.700	-4.400	-4.000	-2.800	-0.400	-2.800	0.200	3.800	6.400	22.400	65.800	122.000	158.700	113.000	109.600	107.100	74.300	31.000	14.900	17.500	2.400	2.100	1.700	-2.900	2.900	1.900	-5.500	2.600	-6.300	-5.700	-0.400	-2.600	-0.300	-6.900	-2.500	-1.900	-0.200	-6.800	-4.800	-8.000	-4.100	-2.600	-1.600	3.100	4.400
-1.300	-1.900	-4.900	-3.900	-2.500	-3.800	-3.700	3.900	-2.600	-4.100	-4.800	-1.700	1.600	4.000	-5.800	-0.400	-2.800	-1.800	5.800	5.400	15.400	66.800	125.000	150.700	117.000	112.600	115.100	77.300	30.000	32.900	18.500	7.400	-2.900	-2.300	1.100	-0.100	-7.100	-4.500	-1.400	-4.300	-2.700	-3.400	3.400	-4.300	-4.900	3.500	-4.900	1.800	-9.800	1.200	-6.000	-3.100	-2.600	-1.600	-2.900	1.400
-4.300	-5.900	-1.900	2.100	3.500	-0.800	-3.700	-0.100	-3.600	-4.100	-5.800	0.300	-3.400	-1.000	2.200	4.600	-1.800	0.200	0.800	3.400	26.400	61.800	125.000	144.700	106.000	117.600	114.100	77.300	31.000	28.900	7.500	8.400	-1.900	6.700	-2.900	-2.100	-2.100	0.500	0.600	-1.300	-0.700	-6.400	-2.600	-1.300	1.100	0.500	-7.900	-1.200	-3.800	-4.800	-9.000	1.900	-1.600	-0.600	-3.900	-5.600
-5.300	-1.900	-1.900	2.100	3.500	-2.800	-5.700	-1.100	3.400	0.900	-8.800	-4.700	-4.400	-1.000	-3.800	-2.400	-3.800	-1.800	0.800	7.400	14.400	61.800	120.000	139.700	111.000	108.600	118.100	71.300	40.000	29.900	17.500	8.400	1.100	5.700	2.100	-1.100	-5.100	1.500	-3.400	-3.300	1.300	0.600	2.400	1.700	-8.900	3.500	-4.900	0.800	-6.800	2.200	-4.000	-3.100	-2.600	-0.600	-5.900	-1.600
-4.300	-6.900	-1.900	-2.900	-0.500	-6.800	-4.700	-2.100	-2.600	-2.100	-3.800	-3.700	-7.400	1.000	-1.800	5.600	-4.800	0.200	-0.200	8.400	21.400	66.800	119.000	130.700	121.000	121.600	125.100	77.300	35.000	24.900	11.500	2.400	6.100	1.700	-1.900	0.900	-8.100	-6.500	0.600	-0.300	-1.700	-9.400	-1.600	1.700	-3.900	-1.500	-3.900	-4.200	-6.800	-1.800	-7.000	-4.100	-0.600	-3.600	-2.900	-3.600
-2.300	-1.900	-5.900	-3.900	-5.500	-6.800	0.300	-0.100	-2.600	1.900	-3.800	-5.700	-1.400	-4.000	2.200	-2.400	-3.800	-0.800	6.800	4.400	14.400	64.800	117.000	126.700	108.000	127.600	120.100	79.300	33.000	30.900	12.500	1.400	5.100	0.700	-2.900	-3.100	-1.100	1.500	6.600	1.700	-1.700	-2.400	3.400	1.700	-8.900	-5.500	-6.900	-3.200	-2.800	-1.800	-1.000	-3.100	-4.600	-12.600	-8.900	-1.600
-5.300	2.100	-0.900	1.100	-3.500	-3.800	-1.700	0.900	-5.600	-0.100	-10.800	-7.700	-3.400	-1.000	-5.800	-2.400	-2.800	0.200	1.800	3.400	21.400	62.800	109.000	126.700	116.000	127.600	124.100	70.300	39.000	41.900	17.500	0.400	3.100	5.700	-7.900	-6.100	-0.100	-6.500	3.600	-3.300	-3.700	-0.400	-0.600	2.700	-4.900	-5.500	-2.900	-1.200	-8.800	3.200	-4.000	-1.100	-2.600	-4.600	-2.900	-2.600
-2.300	-2.900	-4.900	0.100	-4.500	-0.800	-4.700	-5.100	0.400	4.900	-5.800	-8.700	-1.400	-4.000	-4.800	1.600	-4.800	0.200	3.800	7.400	15.400	59.800	111.000	130.700	114.000	129.600	122.100	73.300	35.000	31.900	22.500	4.400	-0.900	-1.300	-4.900	1.900	-3.100	-6.500	-7.400	-6.300	-6.700	-1.400	13.400	0.700	-0.900	-0.500	-0.900	-3.200	-1.800	-4.800	-4.000	-4.100	2.400	-3.600	-3.900	-7.600
-2.300	-2.900	-4.900	3.100	-11.500	-3.800	-2.700	-3.100	-1.600	-4.100	-6.800	-2.700	-5.400	4.000	-3.800	1.600	-1.800	3.200	1.800	4.400	19.400	56.800	118.000	120.700	114.000	125.600	126.100	81.300	37.000	38.900	22.500	0.400	0.100	4.700	2.100	5.900	-6.100	-3.500	1.600	2.700	3.300	-2.400	3.400	-7.300	-3.900	-2.500	1.100	-3.200	-8.800	3.200	-2.000	-3.100	-0.600	-4.600	-1.900	2.400
-6.300	3.100	-10.900	0.100	-4.500	-6.800	-3.700	-3.100	-4.600	-2.100	-1.800	-5.700	-4.400	-7.000	1.200	2.600	-2.800	-3.800	4.800	2.400	14.400	56.800	103.000	122.700	105.000	121.600	123.100	68.300	39.000	31.900	21.500	4.400	2.100	3.700	3.100	-1.100	-6.100	1.500	-5.400	-0.300	1.300	0.600	-1.600	2.700	-3.900	-3.500	-0.900	1.800	-6.800	-3.800	-5.000	1.900	-0.600	-5.600	-3.900	-3.600
-1.300	-0.900	-3.900	-6.900	-1.500	-8.800	-2.700	-0.100	-2.600	-4.100	-2.800	-0.700	0.600	-8.000	-2.800	2.600	-4.800	-2.800	-0.200	8.400	19.400	52.800	108.000	129.700	107.000	128.600	128.100	83.300	39.000	35.900	22.500	7.400	7.100	3.700	-0.900	-4.100	-9.100	-1.500	-1.400	-5.300	-2.700	-3.400	-0.600	-3.300	-1.900	-1.500	2.100	-3.200	-5.800	-2.800	-6.000	-6.100	-1.600	-7.600	-3.900	3.400
-0.300	-1.900	0.100	-6.900	1.500	0.200	-0.700	0.900	-7.600	-4.100	-4.800	-1.700	-7.400	1.000	-3.800	-0.400	-1.800	-1.800	-8.200	4.400	14.400	52.800	103.000	117.700	106.000	127.600	123.100	64.300	31.000	32.900	17.500	6.400	7.100	13.700	-4.900	-0.100	-3.100	-0.500	-0.400	-3.300	-1.700	-8.400	3.400	0.700	-4.900	-2.500	-0.900	-0.200	-6.800	-7.800	-1.000	0.900	-1.600	-3.600	-1.900	2.400
1.700	-2.900	-2.900	5.100	-5.500	-3.800	-5.700	-3.100	-2.600	-3.100	4.200	-5.700	-3.400	1.000	-4.800	-0.400	-1.800	-0.800	3.800	6.400	15.400	55.800	102.000	119.700	101.000	131.600	120.100	70.300	42.000	29.900	22.500	6.400	5.100	0.700	-5.900	1.900	2.900	-4.500	-3.400	-4.300	-2.700	-2.400	1.400	-0.300	5.100	-3.500	-1.900	-3.200	-6.800	-7.800	0.000	2.900	-2.600	0.400	-5.900	-3.600
-2.300	-4.900	-0.900	-1.900	-3.500	0.200	-2.700	1.900	0.400	-3.100	0.200	-3.700	-9.400	-3.000	-5.800	-5.400	1.200	-1.800	0.800	7.400	18.400	50.800	97.000	106.700	95.000	125.600	117.100	76.300	38.000	39.900	23.500	11.400	4.100	3.700	1.100	-0.100	-3.100	0.500	-3.400	-3.300	-0.700	-2.400	-3.600	2.700	4.100	3.500	-4.900	3.800	-2.800	-3.800	-6.000	-1.100	-3.600	-4.600	-4.900	1.400
-4.300	-2.900	-0.900	-1.900	-1.500	-4.800	0.300	-4.100	-2.600	-4.100	-8.800	-6.700	-3.400	2.000	-9.800	2.600	3.200	1.200	-1.200	7.400	7.400	52.800	85.000	105.700	101.000	124.600	118.100	72.300	33.000	33.900	15.500	2.400	3.100	-1.300	-2.900	-3.100	-0.100	-1.500	0.600	-4.300	-1.700	-0.400	-1.600	4.700	-5.900	0.500	0.100	-7.200	-10.800	-1.800	1.000	-5.100	2.400	-2.600	-1.900	-1.600
1.700	-3.900	2.100	0.100	-6.500	2.200	1.300	6.900	-5.600	-10.100	-2.800	-1.700	-1.400	0.000	-2.800	-0.400	-2.800	-1.800	1.800	10.400	19.400	48.800	92.000	107.700	103.000	126.600	117.100	65.300	46.000	32.900	14.500	4.400	2.100	1.700	0.100	2.900	-1.100	-6.500	0.600	-0.300	0.300	-2.400	-1.600	-0.300	-4.900	-0.500	-1.900	0.800	-5.800	-3.800	-3.000	-10.100	-1.600	-4.600	-8.900	-2.600
-6.300	-8.900	2.100	-4.900	-8.500	0.200	-5.700	-0.100	5.400	-1.100	-7.800	-0.700	-4.400	-3.000	-3.800	-5.400	-0.800	-1.800	-5.200	11.400	13.400	47.800	89.000	100.700	108.000	121.600	119.100	72.300	47.000	36.900	18.500	5.400	2.100	-0.300	1.100	2.900	-1.100	-3.500	4.600	-3.300	-3.700	-4.400	-4.600	0.700	-0.900	-4.500	-4.900	0.800	-4.800	0.200	-3.000	1.900	-7.600	-1.600	-3.900	-4.600
-3.300	-1.900	-0.900	0.100	4.500	-3.800	-9.700	2.900	-4.600	-2.100	-7.800	-4.700	-2.400	-7.000	3.200	-1.400	-3.800	3.200	2.800	6.400	11.400	49.800	89.000	103.700	99.000	121.600	117.100	69.300	41.000	36.900	21.500	5.400	11.100	-5.300	-4.900	-1.100	-2.100	-2.500	-4.400	-5.300	-0.700	1.600	-1.600	-2.300	-3.900	0.500	-2.900	-0.200	-3.800	-2.800	-3.000	5.900	0.400	-6.600	-2.900	-4.600
1.700	-1.900	-2.900	2.100	-2.500	-6.800	-7.700	-1.100	-2.600	-1.100	-1.800	-1.700	-0.400	0.000	-4.800	-1.400	-2.800	-5.800	-0.200	7.400	14.400	46.800	85.000	108.700	98.000	115.600	110.100	67.300	40.000	32.900	14.500	7.400	6.100	4.700	5.100	-0.100	-2.100	0.500	-2.400	-5.300	2.300	-5.400	-1.600	-3.300	2.100	-5.500	2.100	-5.200	-4.800	-1.800	-6.000	-5.100	4.400	-7.600	-0.900	0.400
-0.300	-0.900	-1.900	3.100	-7.500	-2.800	-7.700	1.900	-5.600	-11.100	-4.800	-4.700	0.600	0.000	0.200	-4.400	-7.800	1.200	0.800	1.400	14.400	45.800	88.000	96.700	98.000	125.600	120.100	72.300	41.000	41.900	18.500	4.400	7.100	-1.300	2.100	0.900	-4.100	1.500	-2.400	-3.300	-4.700	-2.400	-2.600	-2.300	-2.900	-1.500	4.100	-6.200	-3.800	-6.800	-6.000	-1.100	-1.600	0.400	-1.900	-3.600
-3.300	-1.900	-6.900	-1.900	-1.500	0.200	-5.700	4.900	-5.600	-2.100	-2.800	-4.700	-1.400	1.000	2.200	-2.400	2.200	1.200	-2.200	9.400	16.400	47.800	82.000	96.700	103.000	125.600	119.100	64.300	42.000	36.900	15.500	10.400	5.100	7.700	4.100	4.900	-2.100	2.500	-0.400	-0.300	-1.700	2.600	3.400	-3.300	-5.900	1.500	-5.900	-5.200	-0.800	-9.800	-3.000	-3.100	6.400	-5.600	3.100	0.400
-1.300	-6.900	-6.900	-1.900	0.500	-4.800	-0.700	-7.100	0.400	-2.100	-3.800	2.300	-0.400	-2.000	-4.800	0.600	3.200	2.200	-2.200	6.400	16.400	40.800	84.000	93.700	96.000	117.600	115.100	68.300	46.000	33.900	26.500	8.400	8.100	2.700	-7.900	2.900	-6.100	-1.500	-3.400	-0.300	0.300	-2.400	-0.600	0.700	0.100	4.500	-1.900	1.800	-9.800	-6.800	-4.000	-1.100	0.400	-1.600	-2.900	-1.600
-4.300	4.100	4.100	-0.900	-2.500	-0.800	-4.700	-7.100	-5.600	-1.100	-1.800	0.300	-9.400	3.000	-0.800	-4.400	-3.800	-0.800	-0.200	5.400	12.400	44.800	88.000	92.700	92.000	128.600	110.100	61.300	45.000	36.900	24.500	10.400	7.100	-1.300	-2.900	-1.100	-2.100	2.500	4.600	-9.300	-2.700	3.600	1.400	-8.300	-4.900	1.500	-3.900	2.800	-4.800	-7.800	-1.000	-8.100	2.400	-9.600	-2.900	-1.600
-6.300	-1.900	-2.900	-0.900	-2.500	-3.800	-2.700	-5.100	-3.600	-0.100	-3.800	-0.700	-7.400	-4.000	-4.800	-0.400	-1.800	0.200	-1.200	9.400	13.400	38.800	78.000	88.700	90.000	114.600	104.100	62.300	38.000	39.900	17.500	10.400	8.100	3.700	-4.900	-1.100	-5.100	-3.500	-1.400	-2.300	-3.700	3.600	-1.600	-2.300	-4.900	-1.500	-2.900	2.800	-7.800	-5.800	-9.000	-2.100	3.400	-5.600	-3.900	-4.600
4.700	-0.900	2.100	-0.900	-8.500	-8.800	-4.700	0.900	-6.600	-5.100	0.200	-3.700	-0.400	0.000	3.200	2.600	-1.800	-1.800	4.800	7.400	11.400	42.800	83.000	86.700	90.000	120.600	103.100	64.300	34.000	40.900	12.500	7.400	3.100	5.700	-2.900	6.900	-2.100	-6.500	-0.400	-5.300	-1.700	0.600	-2.600	0.700	-9.900	-6.500	1.100	-6.200	-5.800	-2.800	-5.000	-8.100	-7.600	-0.600	-2.900	-4.600
3.700	0.100	-6.900	-2.900	-1.500	-1.800	-11.700	1.900	-3.600	0.900	-4.800	-0.700	-0.400	-1.000	-1.800	9.600	4.200	-3.800	4.800	0.400	8.400	40.800	78.000	83.700	89.000	120.600	107.100	63.300	45.000	37.900	24.500	7.400	6.100	5.700	1.100	-1.100	-1.100	0.500	-0.400	-2.300	-4.700	-0.400	1.400	-4.300	4.100	0.500	-3.900	-2.200	-5.800	-4.800	-3.000	-3.100	2.400	1.400	-4.900	5.400
-3.300	-8.900	0.100	-0.900	-7.500	1.200	-7.700	0.900	-2.600	1.900	-12.800	-5.700	-3.400	-6.000	-1.800	-5.400	0.200	1.200	1.800	-2.600	8.400	35.800	77.000	80.700	79.000	112.600	97.100	60.300	39.000	28.900	18.500	7.400	0.100	2.700	-0.900	-6.100	-2.100	-3.500	-4.400	-5.300	-0.700	-8.400	-2.600	-2.300	-3.900	-3.500	0.100	-2.200	-7.800	-4.800	-2.000	-2.100	-6.600	-6.600	-4.900	4.400
-1.300	-0.900	-4.900	0.100	0.500	-3.800	-3.700	-7.100	-2.600	-1.100	-7.800	1.300	-1.400	1.000	-2.800	-5.400	-0.800	-4.800	-2.200	3.400	4.400	37.800	74.000	74.700	88.000	115.600	103.100	52.300	44.000	34.900	20.500	8.400	9.100	-1.300	0.100	-5.100	-1.100	0.500	1.600	-10.300	-2.700	-2.400	-3.600	-3.300	-2.900	-3.500	2.100	-1.200	-8.800	-1.800	-5.000	-2.100	1.400	-0.600	-5.900	-0.600
1.700	-4.900	2.100	1.100	1.500	-1.800	-3.700	-5.100	-1.600	0.900	0.200	-0.700	-3.400	2.000	-4.800	1.600	-2.800	0.200	1.800	1.400	5.400	36.800	78.000	78.700	86.000	110.600	104.100	56.300	38.000	40.900	14.500	2.400	10.100	2.700	-3.900	1.900	-5.100	2.500	1.600	3.700	-4.700	-3.400	0.400	5.700	-0.900	2.500	1.100	-0.200	-3.800	-2.800	-3.000	-1.100	-6.600	-1.600	1.100	-5.600
-0.300	-0.900	-10.900	1.100	-6.500	-7.800	-5.700	-4.100	-3.600	1.900	0.200	-1.700	-7.400	1.000	-0.800	4.600	1.200	-1.800	-1.200	-2.600	9.400	33.800	68.000	79.700	76.000	100.600	97.100	58.300	40.000	35.900	14.500	-1.600	13.100	-3.300	-0.900	-5.100	2.900	-1.500	-1.400	-6.300	2.300	0.600	-6.600	-6.300	2.100	-5.500	-4.900	-0.200	-7.800	-9.800	0.000	4.900	4.400	-4.600	-7.900	-0.600
-2.300	-3.900	-0.900	6.100	-6.500	-7.800	-2.700	-4.100	2.400	-0.100	-1.800	-3.700	-3.400	-2.000	-3.800	-5.400	3.200	-7.800	-0.200	0.400	11.400	36.800	66.000	73.700	79.000	106.600	102.100	57.300	36.000	34.900	12.500	10.400	5.100	1.700	3.100	-2.100	-0.100	-7.500	0.600	-3.300	-2.700	2.600	0.400	-1.300	-6.900	0.500	0.100	-3.200	-2.800	2.200	-3.000	1.900	3.400	-4.600	-2.900	-0.600
-3.300	1.100	-0.900	-0.900	-5.500	-3.800	-7.700	1.900	-4.600	-2.100	-4.800	1.300	-2.400	-2.000	-1.800	-1.400	-8.800	-3.800	3.800	4.400	6.400	39.800	56.000	64.700	75.000	100.600	92.100	54.300	40.000	39.900	13.500	7.400	6.100	1.700	0.100	4.900	-2.100	2.500	5.600	-4.300	-1.700	1.600	-1.600	1.700	0.100	-3.500	-2.900	-4.200	2.200	-0.800	0.000	0.900	0.400	1.400	-3.900	-3.600
-1.300	-0.900	-2.900	2.100	-7.500	-1.800	-7.700	1.900	-5.600	-0.100	3.200	-6.700	-6.400	-6.000	3.200	8.600	-0.800	-2.800	1.800	6.400	7.400	28.800	61.000	71.700	69.000	98.600	86.100	51.300	36.000	27.900	17.500	6.400	2.100	-1.300	1.100	1.900	-6.100	1.500	-2.400	-1.300	-1.700	-5.400	-6.600	3.700	-3.900	-6.500	-9.900	-8.200	-6.800	1.200	-4.000	-5.100	1.400	-2.600	-8.900	3.400
-0.300	-1.900	-5.900	1.100	-4.500	-8.800	-6.700	0.900	-2.600	-1.100	-6.800	-0.700	-2.400	-1.000	-3.800	1.600	-0.800	-1.800	1.800	7.400	9.400	33.800	66.000	63.700	80.000	96.600	91.100	52.300	34.000	30.900	18.500	3.400	4.100	2.700	-7.900	-1.100	-4.100	-5.500	3.600	-4.300	-3.700	-7.400	-2.600	-4.300	-1.900	3.500	0.100	-0.200	-4.800	-0.800	-2.000	1.900	-4.600	-5.600	-5.900	-3.600
0.700	0.100	-4.900	-3.900	-0.500	-3.800	-0.700	1.900	-2.600	-1.100	-3.800	-4.700	-3.400	-2.000	0.200	-4.400	4.200	-1.800	-1.200	7.400	6.400	35.800	69.000	69.700	67.000	99.600	84.100	52.300	42.000	27.900	14.500	3.400	4.100	-0.300	-0.900	-4.100	-3.100	-6.500	-0.400	-4.300	-5.700	-1.400	-4.600	-1.300	2.100	1.500	-3.900	-1.200	0.200	-3.800	-4.000	-3.100	2.400	-5.600	-2.900	-7.600
-7.300	-5.900	-4.900	-2.900	0.500	-1.800	-5.700	0.900	-2.600	-4.100	-1.800	0.300	-4.400	-2.000	-1.800	-3.400	-4.800	3.200	1.800	4.400	9.400	34.800	59.000	66.700	73.000	101.600	81.100	47.300	38.000	31.900	7.500	9.400	2.100	0.700	2.100	0.900	3.900	-4.500	5.600	-8.300	-2.700	-1.400	-3.600	-5.300	-3.900	-2.500	-2.900	-1.200	-6.800	-7.800	-7.000	2.900	0.400	-6.600	-3.900	4.400
2.700	-3.900	1.100	-1.900	-5.500	0.200	-6.700	-2.100	-6.600	0.900	-5.800	4.300	0.600	-5.000	3.200	-0.400	2.200	0.200	-1.200	6.400	3.400	29.800	56.000	63.700	65.000	90.600	89.100	43.300	34.000	26.900	6.500	7.400	-2.900	0.700	-0.900	6.900	-4.100	1.500	-1.400	-6.300	-0.700	-0.400	-4.600	0.700	0.100	3.500	-2.900	1.800	-2.800	0.200	-3.000	-4.100	0.400	-2.600	1.100	-5.600
-0.300	3.100	-3.900	-5.900	2.500	-4.800	-6.700	-4.100	-5.600	-2.100	-6.800	-2.700	-5.400	2.000	-3.800	-1.400	-5.800	-0.800	1.800	1.400	3.400	36.800	60.000	53.700	61.000	88.600	74.100	45.300	29.000	32.900	7.500	6.400	1.100	6.700	2.100	-6.100	1.900	-0.500	-1.400	-4.300	-4.700	-1.400	1.400	-2.300	-0.900	1.500	-3.900	-8.200	-2.800	2.200	-7.000	-2.100	3.400	-7.600	-2.900	-4.600
-4.300	-4.900	-1.900	6.100	-7.500	-2.800	0.300	-2.100	-0.600	-1.100	-5.800	-6.700	-7.400	-1.000	-4.800	1.600	0.200	-2.800	0.800	4.400	3.400	30.800	60.000	56.700	69.000	88.600	76.100	34.300	28.000	31.900	13.500	4.400	4.100	0.700	-4.900	-4.100	-5.100	-1.500	0.600	-8.300	1.300	-0.400	1.400	-0.300	-2.900	-0.500	-5.900	-1.200	-4.800	-6.800	0.000	-6.100	-3.600	-4.600	-2.900	-0.600
1.700	3.100	0.100	-1.900	-2.500	-3.800	1.300	-1.100	2.400	-6.100	0.200	-4.700	-8.400	-4.000	-1.800	2.600	-0.800	-5.800	-4.200	6.400	5.400	23.800	52.000	58.700	68.000	81.600	70.100	45.300	29.000	31.900	5.500	2.400	9.100	-1.300	-0.900	-0.100	-9.100	-5.500	1.600	-0.300	-0.700	-9.400	-4.600	1.700	-2.900	0.500	-2.900	0.800	-3.800	-4.800	-6.000	-2.100	-3.600	-2.600	-0.900	-2.600
-3.300	-2.900	-2.900	0.100	-4.500	-2.800	-3.700	2.900	-12.600	-9.100	-2.800	-2.700	-5.400	1.000	-6.800	-4.400	-0.800	0.200	-4.200	7.400	5.400	32.800	52.000	50.700	67.000	86.600	70.100	43.300	34.000	25.900	6.500	0.400	-1.900	2.700	-3.900	-1.100	2.900	-4.500	3.600	-0.300	-7.700	2.600	-2.600	-2.300	-0.900	1.500	-1.900	-0.200	-1.800	2.200	2.000	-5.100	-0.600	-3.600	-1.900	0.400
1.700	-1.900	-2.900	-0.900	-0.500	-7.800	-6.700	-4.100	-0.600	-2.100	-1.800	-5.700	-4.400	-8.000	-4.800	-0.400	-3.800	1.200	0.800	-3.600	8.400	29.800	54.000	51.700	62.000	87.600	68.100	36.300	27.000	23.900	9.500	2.400	3.100	1.700	-4.900	-2.100	-1.100	-6.500	1.600	-3.300	-5.700	-7.400	-0.600	0.700	-4.900	2.500	0.100	-4.200	-3.800	-4.800	-7.000	-2.100	2.400	-6.600	-2.900	-2.600
-1.300	2.100	-1.900	2.100	-7.500	-3.800	-5.700	-3.100	-5.600	1.900	-4.800	-6.700	-3.400	-4.000	-8.800	5.600	-0.800	0.200	-1.200	10.400	5.400	37.800	51.000	53.700	59.000	77.600	67.100	43.300	36.000	18.900	6.500	0.400	1.100	-1.300	1.100	-1.100	-4.100	2.500	-1.400	-4.300	-0.700	-4.400	-5.600	-5.300	-0.900	-0.500	-1.900	-1.200	-4.800	-2.800	-3.000	-2.100	-1.600	-1.600	-5.900	-3.600
-0.300	-6.900	-0.900	1.100	-4.500	0.200	2.300	-4.100	2.400	-2.100	-6.800	-2.700	-6.400	-8.000	0.200	-0.400	1.200	-0.800	-2.200	4.400	11.400	32.800	40.000	46.700	60.000	82.600	66.100	39.300	28.000	25.900	7.500	0.400	2.100	1.700	-0.900	-0.100	-3.100	4.500	-3.400	-1.300	-0.700	-4.400	1.400	-0.300	-2.900	-0.500	1.100	-2.200	-15.800	-4.800	-3.000	-4.100	0.400	-3.600	-3.900	0.400
-0.300	1.100	-1.900	0.100	-7.500	-0.800	-7.700	-3.100	1.400	-1.100	-4.800	1.300	-0.400	-6.000	0.200	-0.400	-0.800	0.200	-2.200	-1.600	4.400	29.800	52.000	48.700	59.000	66.600	58.100	35.300	25.000	23.900	8.500	2.400	-0.900	0.700	-1.900	0.900	-3.100	1.500	-4.400	-4.300	2.300	-0.400	-2.600	1.700	-9.900	-0.500	-4.900	-1.200	-4.800	1.200	-13.000	-1.100	-3.600	-3.600	-1.900	-1.600
-4.300	-0.900	-1.900	-4.900	-3.500	-5.800	-3.700	-12.100	-0.600	-3.100	-4.800	-0.700	-6.400	-2.000	-3.800	1.600	-7.800	-5.800	-1.200	1.400	5.400	28.800	46.000	43.700	58.000	68.600	59.100	40.300	21.000	15.900	2.500	-5.600	-3.900	2.700	-4.900	-0.100	-5.100	-4.500	2.600	3.700	-5.700	-4.400	-0.600	-3.300	-1.900	0.500	-7.900	1.800	-4.800	-5.800	-2.000	1.900	3.400	-3.600	3.100	1.400
-1.300	-2.900	-9.900	-1.900	-3.500	-2.800	-1.700	-2.100	3.400	-4.100	-0.800	0.300	-3.400	0.000	-0.800	-0.400	-4.800	-5.800	1.800	4.400	9.400	24.800	46.000	40.700	61.000	65.600	56.100	29.300	32.000	18.900	-0.500	0.400	1.100	0.700	-6.900	5.900	-0.100	-2.500	4.600	-6.300	0.300	4.600	-2.600	-2.300	-3.900	0.500	-3.900	-4.200	-5.800	-0.800	-4.000	-6.100	0.400	-4.600	-1.900	-3.600
2.700	-3.900	-1.900	-4.900	1.500	-8.800	-2.700	-3.100	-2.600	-2.100	-4.800	-2.700	-3.400	1.000	-2.800	-4.400	4.200	1.200	-4.200	1.400	8.400	20.800	43.000	41.700	52.000	57.600	58.100	23.300	17.000	20.900	12.500	-4.600	5.100	2.700	2.100	-2.100	-3.100	-3.500	-3.400	0.700	1.300	2.600	-3.600	0.700	-6.900	-3.500	-5.900	-3.200	-4.800	-5.800	-6.000	-1.100	-8.600	-5.600	-9.900	0.400
-3.300	-1.900	-5.900	3.100	-2.500	-0.800	2.300	-7.100	2.400	-6.100	-4.800	-1.700	2.600	-3.000	5.200	-1.400	-3.800	-3.800	-1.200	-2.600	-0.600	19.800	40.000	39.700	57.000	66.600	56.100	35.300	26.000	19.900	9.500	-6.600	-1.900	2.700	-0.900	-2.100	-3.100	-3.500	-4.400	-11.300	-2.700	-2.400	-6.600	-1.300	-5.900	-5.500	-3.900	2.800	-3.800	-1.800	-2.000	-2.100	-3.600	-0.600	-4.900	1.400
-0.300	-5.900	-2.900	3.100	-12.500	-4.800	-7.700	-1.100	-1.600	-5.100	-3.800	0.300	-7.400	3.000	-3.800	-0.400	0.200	-0.800	-1.200	2.400	-0.600	28.800	39.000	47.700	43.000	56.600	51.100	32.300	27.000	19.900	5.500	-0.600	6.100	-1.300	3.100	-1.100	-2.100	-2.500	-2.400	-0.300	0.300	-5.400	-3.600	0.700	-0.900	-2.500	-3.900	-1.200	-9.800	-4.800	3.000	-1.100	-1.600	-8.600	2.100	-10.600
3.700	-4.900	0.100	1.100	2.500	-4.800	-4.700	1.900	-2.600	-2.100	-6.800	1.300	-5.400	-5.000	-5.800	-4.400	-2.800	-0.800	1.800	0.400	1.400	23.800	43.000	37.700	43.000	65.600	42.100	24.300	20.000	13.900	5.500	0.400	0.100	2.700	-4.900	1.900	-6.100	1.500	1.600	-1.300	-1.700	-6.400	-1.600	-3.300	-3.900	-2.500	-3.900	-3.200	-3.800	-8.800	-1.000	-4.100	-2.600	-2.600	-7.900	-9.600
-2.300	-0.900	0.100	-3.900	-2.500	-4.800	-8.700	-3.100	-3.600	-0.100	-2.800	-2.700	-3.400	0.000	-4.800	-0.400	-0.800	-3.800	1.800	3.400	9.400	21.800	33.000	39.700	45.000	61.600	40.100	32.300	24.000	13.900	0.500	-1.600	0.100	0.700	-0.900	0.900	-6.100	1.500	0.600	-4.300	-1.700	-6.400	-3.600	-3.300	0.100	-2.500	-6.900	0.800	-4.800	-1.800	-2.000	-7.100	-0.600	-1.600	-2.900	0.400
-2.300	-7.900	3.100	3.100	-6.500	-1.800	-6.700	-0.100	-1.600	-3.100	-1.800	-2.700	-6.400	1.000	-4.800	-6.400	-4.800	3.200	-5.200	1.400	1.400	24.800	42.000	34.700	43.000	50.600	40.100	23.300	17.000	13.900	-0.500	-1.600	0.100	1.700	-5.900	-1.100	-1.100	-2.500	-2.400	-8.300	-0.700	-6.400	-2.600	-1.300	-2.900	-5.500	-3.900	-1.200	-4.800	2.200	-6.000	-4.100	-3.600	1.400	2.100	-5.600
-5.300	-2.900	-6.900	1.100	-1.500	0.200	-2.700	-1.100	-2.600	-3.100	-6.800	-1.700	-4.400	-5.000	-3.800	-0.400	-3.800	-0.800	-2.200	6.400	7.400	20.800	37.000	39.700	39.000	45.600	43.100	25.300	21.000	9.900	5.500	-1.600	-0.900	0.700	-6.900	-0.100	-5.100	-5.500	1.600	-5.300	6.300	-5.400	-1.600	1.700	-9.900	6.500	3.100	-6.200	5.200	4.200	-14.000	-3.100	0.400	-7.600	2.100	-0.600
-8.300	-4.900	2.100	-4.900	-7.500	-3.800	-10.700	-5.100	-0.600	-7.100	-3.800	-3.700	-3.400	-4.000	-5.800	-0.400	1.200	2.200	-3.200	-1.600	3.400	19.800	32.000	40.700	41.000	47.600	36.100	11.300	12.000	7.900	2.500	-5.600	4.100	-0.300	-0.900	0.900	-2.100	10.500	2.600	-3.300	1.300	-1.400	1.400	-4.300	-5.900	3.500	-0.900	0.800	-4.800	-1.800	-2.000	-0.100	1.400	-2.600	0.100	-1.600
0.700	5.100	-1.900	1.100	-2.500	-6.800	-13.700	-0.100	-2.600	-2.100	-3.800	-7.700	-3.400	-1.000	-2.800	-3.400	-3.800	-8.800	-3.200	0.400	0.400	15.800	34.000	32.700	38.000	43.600	35.100	20.300	18.000	20.900	3.500	-8.600	-2.900	0.700	-2.900	-5.100	-3.100	2.500	4.600	-4.300	-0.700	2.600	0.400	0.700	-7.900	-1.500	-6.900	-3.200	-4.800	-2.800	-5.000	-5.100	1.400	-9.600	-3.900	-5.600
-2.300	-2.900	-0.900	-3.900	-1.500	-9.800	-1.700	-2.100	-2.600	-8.100	-2.800	-3.700	-4.400	0.000	1.200	2.600	-3.800	-2.800	-6.200	-3.600	4.400	21.800	33.000	26.700	35.000	46.600	29.100	15.300	20.000	7.900	-2.500	-6.600	2.100	2.700	0.100	2.900	-5.100	-3.500	0.600	-5.300	-1.700	-0.400	-1.600	-0.300	-0.900	1.500	-3.900	-4.200	-9.800	-1.800	0.000	-4.100	-1.600	-2.600	-2.900	0.400
1.700	-3.900	0.100	0.100	-3.500	-1.800	-4.700	1.900	-2.600	-11.100	-2.800	-3.700	-6.400	1.000	-4.800	-4.400	-1.800	-1.800	-3.200	-4.600	6.400	12.800	36.000	25.700	39.000	45.600	31.100	16.300	18.000	6.900	0.500	-2.600	-1.900	1.700	-3.900	2.900	-6.100	-5.500	-7.400	-5.300	2.300	-5.400	4.400	-1.300	-1.900	0.500	-2.900	3.800	-1.800	-1.800	-8.000	-0.100	-4.600	-0.600	-2.900	0.400
-5.300	-2.900	0.100	-3.900	-5.500	-5.800	-3.700	-3.100	1.400	2.900	-5.800	-4.700	-1.400	-4.000	-7.800	-3.400	-1.800	-0.800	-2.200	-4.600	3.400	15.800	27.000	30.700	38.000	38.600	31.100	12.300	13.000	9.900	-0.500	-8.600	1.100	5.700	-1.900	-2.100	-4.100	-1.500	0.600	-1.300	-0.700	-3.400	-3.600	-4.300	-12.900	1.500	0.100	-4.200	-5.800	4.200	0.000	-6.100	-2.600	0.400	-4.900	2.400
-2.300	0.100	-5.900	-1.900	-4.500	-0.800	-3.700	1.900	-2.600	-6.100	3.200	-2.700	-6.400	-5.000	7.200	-3.400	1.200	-6.800	-0.200	-0.600	3.400	17.800	31.000	31.700	33.000	42.600	31.100	17.300	13.000	9.900	-2.500	-3.600	1.100	1.700	-6.900	-1.100	-4.100	0.500	-2.400	-5.300	-2.700	0.600	-0.600	2.700	-0.900	-1.500	-7.900	-1.200	-5.800	-6.800	-6.000	0.900	-1.600	0.400	-2.900	0.400
-2.300	0.100	-3.900	-1.900	-1.500	-6.800	-0.700	-2.100	0.400	-4.100	-3.800	1.300	-4.400	3.000	-4.800	-3.400	-6.800	0.200	-1.200	1.400	2.400	17.800	23.000	24.700	33.000	34.600	22.100	12.300	16.000	5.900	0.500	-1.600	-5.900	1.700	-3.900	-4.100	-2.100	-2.500	2.600	-2.300	-1.700	0.600	0.400	-3.300	-2.900	5.500	-4.900	-1.200	0.200	-9.800	-3.000	-0.100	-4.600	-2.600	-2.900	-3.600
-6.300	-5.900	-1.900	0.100	-5.500	-2.800	-1.700	-6.100	-6.600	-0.100	-5.800	-3.700	-3.400	-7.000	2.200	-2.400	-3.800	-2.800	-1.200	4.400	3.400	10.800	28.000	26.700	25.000	35.600	29.100	14.300	8.000	9.900	-2.500	-2.600	-0.900	-0.300	-2.900	-0.100	-1.100	-5.500	-9.400	-0.300	0.300	-3.400	-3.600	2.700	-5.900	-2.500	-1.900	-8.200	-9.800	-6.800	0.000	-3.100	-1.600	-5.600	-0.900	-0.600
-3.300	-2.900	-5.900	-2.900	-5.500	-3.800	-10.700	-1.100	-0.600	1.900	-2.800	-0.700	-4.400	-4.000	1.200	-0.400	-5.800	-4.800	1.800	-2.600	-3.600	13.800	30.000	24.700	17.000	28.600	26.100	13.300	11.000	5.900	0.500	-1.600	-5.900	-1.300	0.100	-5.100	0.900	-5.500	7.600	-1.300	-3.700	-0.400	4.400	-8.300	-5.900	-2.500	1.100	-3.200	-2.800	6.200	-5.000	-3.100	-5.600	-3.600	3.100	4.400
-1.300	0.100	10.100	0.100	-3.500	3.200	-5.700	-8.100	-1.600	-3.100	-0.800	-5.700	-6.400	-2.000	4.200	-2.400	-2.800	-0.800	-5.200	5.400	2.400	16.800	30.000	24.700	26.000	33.600	18.100	9.300	8.000	10.900	-5.500	-4.600	-4.900	1.700	-2.900	2.900	-4.100	-4.500	1.600	-0.300	-0.700	3.600	3.400	-0.300	-3.900	-0.500	-3.900	1.800	-6.800	-5.800	-1.000	-1.100	-3.600	-0.600	-2.900	-5.600
-4.300	-1.900	-1.900	-0.900	-5.500	-4.800	-5.700	-8.100	-2.600	-6.100	-0.800	-0.700	-9.400	-4.000	7.200	0.600	-2.800	0.200	-4.200	-1.600	-1.600	19.800	24.000	21.700	28.000	25.600	19.100	9.300	10.000	1.900	-1.500	1.400	0.100	2.700	-3.900	-3.100	-5.100	3.500	-3.400	-3.300	-5.700	3.600	-0.600	-4.300	-2.900	-0.500	3.100	-2.200	-4.800	-3.800	-1.000	-2.100	0.400	-4.600	0.100	3.400
-2.300	-8.900	1.100	3.100	-3.500	-9.800	-3.700	-3.100	-5.600	2.900	1.200	-2.700	-4.400	1.000	-3.800	-6.400	-4.800	0.200	-0.200	-3.600	-0.600	13.800	19.000	10.700	18.000	24.600	18.100	16.300	6.000	2.900	1.500	-0.600	-2.900	-0.300	4.100	-4.100	-6.100	3.500	0.600	-4.300	-3.700	2.600	6.400	0.700	-8.900	0.500	-5.900	-4.200	-2.800	3.200	-3.000	-6.100	-5.600	-2.600	-0.900	-1.600
1.700	-3.900	-1.900	5.100	2.500	-5.800	-0.700	-1.100	-5.600	-4.100	-1.800	0.300	1.600	-1.000	-7.800	-3.400	-0.800	3.200	-6.200	0.400	2.400	14.800	21.000	16.700	20.000	23.600	18.100	11.300	12.000	0.900	-3.500	0.400	2.100	2.700	-4.900	0.900	-13.100	-1.500	-2.400	-10.300	-3.700	-4.400	-0.600	-1.300	-4.900	-2.500	-11.900	0.800	-7.800	-8.800	-11.000	-6.100	-5.600	-4.600	-2.900	0.400
0.700	0.100	-3.900	0.100	-3.500	-3.800	-4.700	-2.100	-4.600	2.900	-3.800	-1.700	-1.400	-7.000	-1.800	-4.400	0.200	-4.800	-1.200	-2.600	1.400	16.800	18.000	15.700	14.000	21.600	17.100	9.300	6.000	1.900	-2.500	-2.600	-6.900	0.700	-4.900	-3.100	-5.100	4.500	4.600	-6.300	-5.700	-5.400	4.400	1.700	-0.900	-4.500	-1.900	-2.200	-7.800	-5.800	-6.000	0.900	1.400	-6.600	4.100	1.400
-8.300	-3.900	-2.900	1.100	-0.500	-1.800	-5.700	-4.100	-2.600	4.900	-8.800	-0.700	-6.400	-2.000	-2.800	1.600	0.200	-2.800	-1.200	-2.600	2.400	19.800	15.000	20.700	20.000	20.600	20.100	4.300	0.000	-1.100	-2.500	-13.600	2.100	0.700	-5.900	-1.100	-5.100	-4.500	5.600	-3.300	-0.700	-2.400	-1.600	-3.300	-3.900	2.500	-8.900	-1.200	-8.800	-3.800	-5.000	-8.100	-4.600	-3.600	-0.900	-5.600
-5.300	-1.900	3.100	1.100	-2.500	-4.800	-1.700	-6.100	-3.600	-7.100	-4.800	2.300	-0.400	0.000	-0.800	-6.400	-3.800	-2.800	-4.200	-1.600	-1.600	5.800	18.000	16.700	19.000	20.600	12.100	5.300	6.000	-7.100	1.500	-7.600	-0.900	-1.300	-0.900	-4.100	-0.100	-1.500	-6.400	-8.300	-1.700	-4.400	3.400	-1.300	0.100	-1.500	-5.900	-2.200	-3.800	-3.800	-4.000	-4.100	-3.600	-2.600	0.100	2.400
-6.300	-0.900	-5.900	1.100	-5.500	-3.800	-6.700	-2.100	-9.600	-3.100	-10.800	2.300	1.600	-7.000	-3.800	-5.400	-2.800	3.200	-2.200	1.400	-2.600	11.800	21.000	16.700	14.000	23.600	7.100	7.300	5.000	6.900	-2.500	-3.600	3.100	2.700	-9.900	-2.100	2.900	-5.500	-0.400	-8.300	-4.700	-5.400	0.400	-0.300	1.100	3.500	1.100	-6.200	-9.800	0.200	-6.000	-6.100	-4.600	-3.600	-6.900	-8.600
-1.300	-3.900	-2.900	-0.900	0.500	-6.800	-7.700	-3.100	1.400	-0.100	-0.800	-0.700	0.600	-4.000	-2.800	-5.400	-3.800	-1.800	1.800	-3.600	-8.600	10.800	14.000	9.700	19.000	26.600	6.100	0.300	7.000	0.900	-4.500	-4.600	-10.900	-7.300	0.100	-7.100	-4.100	3.500	-5.400	-3.300	0.300	3.600	0.400	0.700	-5.900	0.500	-4.900	-1.200	-8.800	3.200	-1.000	-1.100	-7.600	-0.600	-3.900	-4.600
1.700	3.100	2.100	-6.900	-3.500	-5.800	-3.700	3.900	0.400	-2.100	-3.800	-0.700	0.600	-1.000	0.200	-0.400	0.200	-2.800	-6.200	-3.600	-3.600	12.800	16.000	19.700	18.000	15.600	7.100	9.300	2.000	5.900	0.500	-5.600	-1.900	1.700	-1.900	1.900	-6.100	-0.500	-4.400	-5.300	-2.700	-0.400	1.400	-5.300	-1.900	-1.500	-2.900	-3.200	-0.800	-3.800	-6.000	-2.100	1.400	-2.600	-2.900	-3.600
1.700	-3.900	1.100	-2.900	-1.500	-3.800	-6.700	-10.100	-3.600	-4.100	-0.800	-3.700	-0.400	0.000	-0.800	-2.400	1.200	0.200	-3.200	6.400	-1.600	8.800	13.000	12.700	8.000	13.600	12.100	4.300	0.000	-1.100	-4.500	-3.600	-7.900	5.700	-1.900	2.900	-11.100	-4.500	6.600	-7.300	-4.700	-0.400	-2.600	-2.300	5.100	0.500	-3.900	-5.200	-8.800	-3.800	-2.000	-2.100	-2.600	-2.600	-3.900	-1.600
0.700	-3.900	3.100	-3.900	-5.500	-6.800	-2.700	-0.100	5.400	0.900	-4.800	-8.700	-4.400	0.000	-2.800	-3.400	-5.800	-0.800	-4.200	-1.600	0.400	11.800	13.000	12.700	10.000	14.600	6.100	1.300	1.000	-1.100	-1.500	-5.600	-4.900	-1.300	-4.900	-4.100	-3.100	2.500	-5.400	-3.300	3.300	-4.400	1.400	1.700	-1.900	-0.500	-6.900	5.800	-3.800	1.200	1.000	-6.100	1.400	-7.600	0.100	-3.600
-1.300	-0.900	1.100	-4.900	-4.500	-3.800	-1.700	-7.100	-1.600	-5.100	-4.800	-7.700	-1.400	-2.000	1.200	-3.400	-2.800	-3.800	-3.200	-1.600	-1.600	15.800	13.000	8.700	15.000	9.600	4.100	6.300	5.000	-2.100	-2.500	-0.600	-0.900	-1.300	-9.900	-2.100	-9.100	1.500	-4.400	-6.300	0.300	-3.400	-1.600	-0.300	-3.900	-8.500	-0.900	-0.200	-7.800	0.200	0.000	-5.100	-0.600	-1.600	-5.900	3.400
-3.300	-3.900	0.100	8.100	2.500	-7.800	-0.700	-4.100	4.400	-5.100	0.200	-3.700	3.600	-5.000	-2.800	-9.400	-2.800	-0.800	-0.200	1.400	-4.600	0.800	11.000	10.700	11.000	11.600	6.100	-2.700	-2.000	3.900	-5.500	-4.600	3.100	-1.300	-1.900	2.900	-6.100	-5.500	-3.400	-6.300	-1.700	-2.400	-0.600	0.700	-0.900	0.500	-4.900	3.800	-4.800	-3.800	-5.000	-0.100	0.400	-0.600	-3.900	-1.600
-4.300	-2.900	-2.900	-4.900	-3.500	-5.800	-6.700	-2.100	-0.600	-1.100	-7.800	-4.700	-5.400	-3.000	0.200	-4.400	-0.800	-4.800	6.800	2.400	-3.600	9.800	13.000	2.700	14.000	14.600	6.100	2.300	-1.000	-0.100	-3.500	-2.600	-3.900	1.700	-4.900	-6.100	1.900	-2.500	-2.400	-5.300	2.300	-1.400	-3.600	-6.300	-3.900	-1.500	-2.900	2.800	-4.800	4.200	-2.000	1.900	0.400	-3.600	-5.900	0.400
5.700	-3.900	-2.900	1.100	-3.500	-2.800	-10.700	0.900	-2.600	-8.100	0.200	-3.700	-8.400	-6.000	-0.800	-4.400	-4.800	-4.800	-4.200	0.400	0.400	14.800	11.000	10.700	10.000	5.600	-0.900	0.300	-4.000	1.900	-3.500	-3.600	-1.900	3.700	0.100	5.900	1.900	1.500	-2.400	-5.300	1.300	-0.400	-0.600	-0.300	-3.900	0.500	-5.900	2.800	-2.800	-4.800	1.000	-1.100	-3.600	0.400	0.100	-2.600
-0.300	0.100	-2.900	-1.900	-6.500	-2.800	-0.700	-2.100	-0.600	-4.100	-2.800	-4.700	-1.400	-4.000	-3.800	-9.400	0.200	-0.800	-0.200	1.400	-0.600	9.800	4.000	8.700	8.000	9.600	4.100	-1.700	0.000	-1.100	-1.500	-6.600	-1.900	-1.300	-7.900	-5.100	-1.100	-3.500	0.600	-3.300	-1.700	-1.400	0.400	1.700	-5.900	0.500	-2.900	-3.200	-8.800	-4.800	-7.000	-6.100	3.400	-2.600	-6.900	1.400
-0.300	-3.900	0.100	-2.900	-0.500	-1.800	-3.700	-6.100	-6.600	-7.100	2.200	-0.700	-5.400	-3.000	2.200	-0.400	0.200	-2.800	-1.200	-1.600	2.400	7.800	12.000	6.700	10.000	7.600	0.100	-0.700	0.000	-1.100	1.500	-4.600	-0.900	-1.300	-7.900	-2.100	1.900	0.500	3.600	-4.300	3.300	2.600	-2.600	4.700	-2.900	5.500	-3.900	-3.200	-4.800	0.200	-5.000	-6.100	0.400	-2.600	1.100	-0.600
-2.300	-4.900	-0.900	-3.900	0.500	-10.800	-11.700	-0.100	-2.600	-7.100	2.200	-2.700	-2.400	1.000	-1.800	0.600	0.200	-1.800	-3.200	-1.600	-2.600	11.800	19.000	9.700	12.000	6.600	4.100	-3.700	3.000	0.900	-1.500	-4.600	-0.900	-0.300	-4.900	2.900	-3.100	-3.500	-1.400	-11.300	1.300	-0.400	0.400	-3.300	-1.900	2.500	0.100	-0.200	-9.800	-5.800	0.000	0.900	4.400	-6.600	-5.900	2.400
-5.300	-0.900	-1.900	0.100	-4.500	-4.800	-6.700	-7.100	0.400	-4.100	-8.800	-4.700	1.600	-4.000	-4.800	-4.400	-2.800	-2.800	2.800	-0.600	0.400	8.800	6.000	8.700	6.000	5.600	3.100	2.300	4.000	5.900	-3.500	-4.600	-0.900	2.700	-1.900	-0.100	-0.100	-4.500	-0.400	-6.300	-4.700	-11.400	-6.600	-3.300	-0.900	-1.500	-7.900	-0.200	-0.800	-0.800	-6.000	-0.100	0.400	-1.600	1.100	-2.600
0.700	-8.900	1.100	2.100	-7.500	-1.800	-2.700	-0.100	-1.600	-5.100	-3.800	2.300	-5.400	-5.000	-4.800	-1.400	-3.800	1.200	-6.200	0.400	-2.600	2.800	7.000	6.700	7.000	7.600	3.100	0.300	-8.000	-0.100	-0.500	-4.600	-6.900	3.700	-6.900	-4.100	1.900	-3.500	2.600	-7.300	-3.700	-3.400	1.400	0.700	-1.900	-3.500	-6.900	-2.200	-3.800	-4.800	1.000	0.900	0.400	-0.600	-3.900	-5.600
-4.300	-3.900	-2.900	-1.900	1.500	-4.800	-1.700	-2.100	-7.600	-0.100	-7.800	-6.700	-0.400	0.000	3.200	-2.400	-1.800	-3.800	-3.200	-1.600	-1.600	4.800	9.000	6.700	8.000	3.600	4.100	-3.700	-1.000	-5.100	0.500	-6.600	-2.900	3.700	-5.900	3.900	0.900	-3.500	-1.400	-7.300	-5.700	-0.400	0.400	1.700	-1.900	-6.500	-3.900	-0.200	-5.800	-1.800	-6.000	0.900	3.400	-2.600	-0.900	-2.600
-3.300	-2.900	-0.900	4.100	-6.500	-7.800	-5.700	-1.100	1.400	-0.100	-2.800	0.300	0.600	-5.000	0.200	0.600	0.200	0.200	-0.200	-1.600	-2.600	0.800	9.000	0.700	6.000	4.600	-5.900	-1.700	2.000	1.900	-0.500	-0.600	2.100	-5.300	2.100	4.900	-1.100	-6.500	0.600	0.700	-4.700	3.600	0.400	-3.300	-0.900	0.500	-0.900	0.800	-2.800	0.200	-5.000	-1.100	2.400	-7.600	-1.900	-2.600
2.700	-3.900	2.100	-5.900	0.500	-5.800	-0.700	-1.100	-13.600	-6.100	-6.800	3.300	-4.400	-2.000	-4.800	-4.400	2.200	-2.800	1.800	2.400	-2.600	8.800	9.000	6.700	7.000	5.600	-2.900	0.300	-3.000	-0.100	-7.500	-0.600	0.100	0.700	-2.900	-3.100	-0.100	-5.500	1.600	-3.300	-2.700	-2.400	-1.600	3.700	-5.900	-4.500	-0.900	-1.200	-3.800	-1.800	-3.000	-1.100	0.400	1.400	-7.900	-1.600
0.700	-4.900	-4.900	-5.900	-7.500	-0.800	-2.700	-7.100	-11.600	-1.100	-4.800	-5.700	0.600	0.000	-1.800	-1.400	-2.800	-1.800	-2.200	-1.600	1.400	2.800	6.000	4.700	4.000	5.600	-4.900	0.300	0.000	-5.100	-4.500	2.400	1.100	-4.300	-7.900	-3.100	-6.100	-0.500	4.600	0.700	-3.700	-3.400	3.400	-2.300	-5.900	-1.500	-2.900	-3.200	-6.800	-4.800	0.000	0.900	0.400	-2.600	-2.900	-3.600
-7.300	-6.900	-2.900	-3.900	-6.500	-8.800	-3.700	-3.100	-1.600	-8.100	-5.800	-2.700	-1.400	1.000	-1.800	-5.400	-9.800	-1.800	-5.200	1.400	-3.600	2.800	8.000	11.700	6.000	4.600	-2.900	2.300	0.000	-3.100	0.500	-8.600	-1.900	-0.300	-1.900	-1.100	-7.100	3.500	0.600	-3.300	-2.700	-0.400	-3.600	-2.300	-5.900	-1.500	-2.900	-3.200	-5.800	-0.800	-7.000	-0.100	-3.600	0.400	-3.900	0.400
3.700	-1.900	1.100	1.100	-1.500	-4.800	-1.700	-6.100	0.400	-0.100	-6.800	-1.700	-0.400	-5.000	-6.800	0.600	2.200	-5.800	-2.200	5.400	0.400	7.800	10.000	-1.300	2.000	2.600	1.100	-2.700	-6.000	-7.100	-4.500	-8.600	2.100	-2.300	-4.900	-1.100	-0.100	-3.500	-1.400	-5.300	-1.700	2.600	3.400	-3.300	0.100	-2.500	-5.900	1.800	-4.800	-0.800	0.000	-3.100	4.400	1.400	-4.900	3.400
-5.300	1.100	1.100	-3.900	0.500	-2.800	-3.700	-4.100	-1.600	-1.100	-2.800	-4.700	-1.400	0.000	-3.800	-3.400	-6.800	1.200	-3.200	1.400	-3.600	1.800	6.000	3.700	-1.000	1.600	-1.900	-3.700	-6.000	-3.100	-1.500	-0.600	1.100	0.700	-2.900	-4.100	0.900	-2.500	2.600	-4.300	-2.700	-8.400	-2.600	-5.300	-1.900	0.500	2.100	-5.200	-2.800	-1.800	1.000	-3.100	-0.600	1.400	-2.900	-1.600
0.700	1.100	4.100	1.100	0.500	-7.800	-1.700	-1.100	-10.600	-4.100	-5.800	-4.700	-4.400	-3.000	0.200	-1.400	-0.800	-2.800	-0.200	2.400	-4.600	8.800	4.000	4.700	5.000	3.600	-7.900	0.300	-1.000	-3.100	6.500	-4.600	3.100	-1.300	-3.900	0.900	-0.100	4.500	-2.400	-9.300	-5.700	-4.400	3.400	-5.300	-1.900	2.500	-2.900	-1.200	-1.800	-9.800	-3.000	3.900	-2.600	-5.600	-6.900	-1.600
-4.300	3.100	2.100	-0.900	1.500	-1.800	-8.700	-5.100	0.400	-3.100	-6.800	-3.700	-6.400	3.000	0.200	-0.400	-1.800	-4.800	-1.200	-5.600	-1.600	1.800	1.000	1.700	3.000	-5.400	-4.900	-3.700	-1.000	-0.100	5.500	-5.600	-3.900	3.700	-3.900	2.900	-5.100	-6.500	-8.400	-3.300	-2.700	2.600	0.400	-4.300	-1.900	6.500	-8.900	0.800	-0.800	-1.800	-5.000	-2.100	-3.600	-1.600	-2.900	-0.600
-2.300	-2.900	-5.900	-1.900	-5.500	-10.800	-7.700	-5.100	-3.600	-9.100	-0.800	-1.700	-4.400	-2.000	-5.800	-2.400	-7.800	-2.800	-3.200	4.400	-6.600	3.800	4.000	1.700	1.000	-0.400	-3.900	-1.700	-2.000	1.900	-0.500	-0.600	-4.900	-1.300	-4.900	-9.100	-6.100	-2.500	-4.400	-2.300	-4.700	-2.400	-5.600	2.700	-4.900	-0.500	2.100	-4.200	-6.800	1.200	-11.000	-7.100	0.400	-3.600	-1.900	3.400
1.700	-0.900	-1.900	-1.900	-8.500	-4.800	-8.700	-5.100	-4.600	-0.100	-3.800	-1.700	-1.400	-6.000	2.200	-3.400	-3.800	-1.800	-2.200	0.400	-2.600	2.800	7.000	4.700	-2.000	0.600	-6.900	0.300	-5.000	0.900	-2.500	-1.600	-2.900	-4.300	-2.900	-1.100	-12.100	-0.500	1.600	-5.300	-0.700	-8.400	-2.600	-7.300	0.100	0.500	-2.900	1.800	-5.800	-3.800	-6.000	-3.100	3.400	-1.600	-1.900	-1.600
3.700	-4.900	5.100	-1.900	-2.500	-6.800	-1.700	-5.100	-3.600	2.900	-4.800	-9.700	1.600	0.000	-5.800	-4.400	-0.800	-5.800	-3.200	1.400	-2.600	9.800	-9.000	-2.300	8.000	-3.400	-4.900	-0.700	3.000	-3.100	-5.500	-3.600	0.100	-1.300	-4.900	0.900	-0.100	1.500	2.600	-6.300	-4.700	-5.400	0.400	-5.300	-2.900	-8.500	-2.900	-6.200	-2.800	5.200	-4.000	-6.100	-0.600	-8.600	-5.900	-5.600
1.700	-4.900	-1.900	-0.900	-8.500	-6.800	3.300	3.900	-2.600	-3.100	-1.800	-2.700	-2.400	-2.000	-2.800	-0.400	1.200	-6.800	-3.200	-5.600	-3.600	4.800	4.000	-1.300	-2.000	0.600	-3.900	-6.700	-7.000	-2.100	-6.500	2.400	0.100	0.700	-7.900	-1.100	1.900	-5.500	2.600	-4.300	-4.700	-3.400	1.400	1.700	-0.900	-0.500	-2.900	-1.200	-6.800	-8.800	-4.000	-0.100	-5.600	-4.600	-5.900	-6.600
-6.300	-7.900	-2.900	3.100	-3.500	2.200	-6.700	1.900	-2.600	-0.100	-5.800	0.300	-6.400	0.000	3.200	-2.400	0.200	-2.800	-1.200	0.400	-3.600	-0.200	6.000	0.700	-1.000	-5.400	-2.900	1.300	-4.000	-4.100	-3.500	-4.600	-0.900	1.700	1.100	0.900	-5.100	0.500	0.600	2.700	-3.700	-0.400	-0.600	-2.300	2.100	5.500	1.100	-3.200	0.200	-4.800	-3.000	0.900	-0.600	-3.600	-0.900	3.400
-2.300	-2.900	-1.900	-5.900	1.500	-3.800	-2.700	-1.100	-1.600	-3.100	-2.800	-4.700	2.600	0.000	-0.800	-0.400	-3.800	0.200	-1.200	-1.600	-2.600	8.800	0.000	-3.300	0.000	4.600	1.100	-3.700	0.000	0.900	-7.500	1.400	-3.900	3.700	-1.900	0.900	-5.100	-3.500	1.600	3.700	-0.700	1.600	-0.600	-7.300	1.100	2.500	-5.900	-3.200	-8.800	-2.800	-4.000	-5.100	0.400	-8.600	-1.900	-2.600
0.700	-0.900	-0.900	0.100	-8.500	-4.800	-2.700	-2.100	-5.600	0.900	-6.800	-2.700	-4.400	-4.000	-4.800	-0.400	-0.800	-1.800	3.800	4.400	-2.600	2.800	7.000	1.700	1.000	-0.400	-3.900	-2.700	1.000	-2.100	2.500	-2.600	1.100	1.700	-2.900	0.900	-5.100	-1.500	-2.400	-10.300	-1.700	-2.400	0.400	0.700	1.100	-2.500	-2.900	-1.200	-3.800	-1.800	-1.000	-8.100	1.400	-7.600	0.100	-1.600
-5.300	-4.900	-3.900	-6.900	0.500	-7.800	-10.700	-3.100	-1.600	-2.100	-2.800	-1.700	-1.400	-3.000	-9.800	3.600	-0.800	0.200	-3.200	-3.600	1.400	0.800	1.000	4.700	1.000	-1.400	-2.900	-5.700	-3.000	4.900	1.500	-4.600	-4.900	4.700	2.100	-0.100	-3.100	-9.500	-1.400	-10.300	-2.700	1.600	-0.600	-2.300	0.100	-1.500	-2.900	-0.200	-5.800	-0.800	-4.000	-3.100	-2.600	-6.600	-0.900	2.400
-0.300	-3.900	-6.900	-1.900	-2.500	-5.800	-1.700	0.900	-1.600	-8.100	0.200	-2.700	-4.400	-4.000	2.200	0.600	0.200	-3.800	-3.200	-4.600	-4.600	1.800	4.000	2.700	2.000	4.600	-3.900	-8.700	-4.000	-2.100	-1.500	-4.600	-1.900	-0.300	-3.900	2.900	2.900	-1.500	3.600	-3.300	-4.700	-0.400	-1.600	2.700	1.100	-0.500	0.100	1.800	-4.800	-5.800	-6.000	-1.100	-3.600	-6.600	-3.900	2.400
-8.300	-6.900	-5.900	-0.900	-4.500	-7.800	-8.700	-0.100	-1.600	-8.100	-3.800	0.300	-0.400	0.000	-4.800	-2.400	-4.800	-3.800	0.800	2.400	-7.600	-4.200	4.000	-3.300	0.000	0.600	-4.900	-3.700	-1.000	-4.100	-2.500	-8.600	-3.900	1.700	-8.900	-3.100	0.900	-1.500	0.600	-7.300	-7.700	-4.400	-6.600	-4.300	-3.900	-1.500	-9.900	2.800	-3.800	-4.800	-1.000	-8.100	-3.600	-0.600	0.100	4.400
1.700	4.100	0.100	-4.900	-1.500	-5.800	-1.700	-4.100	-6.600	-1.100	-3.800	-10.700	-6.400	-5.000	-5.800	0.600	-2.800	0.200	-5.200	-0.600	-4.600	-2.200	2.000	-0.300	6.000	2.600	-3.900	-1.700	-2.000	3.900	-0.500	-1.600	-0.900	-2.300	-4.900	-2.100	-6.100	-3.500	-3.400	-7.300	-3.700	-1.400	-2.600	-0.300	-1.900	1.500	0.100	-1.200	-0.800	-7.800	-1.000	-1.100	-3.600	-9.600	-3.900	5.400
-2.300	-6.900	1.100	-0.900	3.500	-0.800	-2.700	-3.100	-0.600	0.900	-3.800	-2.700	-3.400	1.000	1.200	1.600	-0.800	-8.800	0.800	-3.600	-2.600	-2.200	-2.000	0.700	7.000	-5.400	-0.900	-5.700	1.000	-8.100	-4.500	-4.600	1.100	-0.300	-3.900	-3.100	-7.100	-2.500	1.600	3.700	-2.700	-1.400	-1.600	-0.300	-2.900	-0.500	-3.900	-2.200	-2.800	-2.800	-4.000	-4.100	-1.600	-3.600	-0.900	-3.600
-2.300	-0.900	-2.900	3.100	-0.500	-1.800	-7.700	-12.100	-1.600	-4.100	-3.800	-3.700	-0.400	1.000	-1.800	-3.400	-6.800	-4.800	2.800	2.400	-4.600	-2.200	6.000	-5.300	-4.000	-2.400	-1.900	-3.700	-3.000	-3.100	-3.500	-2.600	7.100	-5.300	-2.900	-6.100	-1.100	-8.500	4.600	-5.300	-4.700	0.600	1.400	-3.300	0.100	-3.500	0.100	0.800	-2.800	-2.800	-3.000	-7.100	6.400	-2.600	-4.900	-3.600
-8.300	-4.900	-0.900	1.100	-2.500	-2.800	-1.700	-0.100	-2.600	-7.100	-5.800	-4.700	2.600	-3.000	-3.800	-3.400	-3.800	2.200	1.800	4.400	-7.600	0.800	4.000	0.700	-3.000	3.600	2.100	-3.700	-5.000	1.900	-1.500	-7.600	3.100	-0.300	-1.900	0.900	-2.100	-4.500	-2.400	0.700	1.300	-2.400	2.400	-6.300	6.100	-4.500	-2.900	-2.200	-4.800	-3.800	-4.000	-2.100	-1.600	-4.600	-3.900	-0.600
-3.300	-7.900	-5.900	-4.900	-5.500	-9.800	-0.700	-6.100	-4.600	-1.100	-3.800	1.300	0.600	-6.000	-4.800	3.600	2.200	-1.800	-4.200	0.400	-1.600	-3.200	5.000	-0.300	4.000	0.600	0.100	0.300	0.000	-1.100	0.500	-5.600	3.100	-3.300	-6.900	-0.100	-5.100	-6.500	1.600	-0.300	-3.700	-5.400	1.400	-1.300	-4.900	-0.500	-4.900	-0.200	0.200	0.200	-4.000	0.900	-4.600	-2.600	-1.900	-2.600
2.700	-3.900	-2.900	-5.900	-5.500	-3.800	-3.700	-4.100	-3.600	-2.100	-1.800	-6.700	-1.400	-1.000	-3.800	-7.400	-4.800	-3.800	1.800	-0.600	-8.600	-6.200	9.000	1.700	0.000	-3.400	-6.900	-12.700	1.000	-1.100	-2.500	-4.600	-4.900	5.700	-4.900	3.900	-0.100	-2.500	3.600	-2.300	0.300	-4.400	-0.600	1.700	-0.900	-5.500	-3.900	-1.200	-2.800	-4.800	-14.000	-1.100	-4.600	-0.600	-0.900	-1.600
1.700	-1.900	-6.900	-2.900	4.500	-6.800	-4.700	-7.100	-2.600	-8.100	-4.800	-1.700	0.600	-4.000	-2.800	0.600	-2.800	0.200	1.800	1.400	-1.600	2.800	6.000	7.700	-2.000	-0.400	-8.900	-10.700	-1.000	-0.100	4.500	-1.600	-1.900	2.700	-5.900	-3.100	-2.100	-1.500	-2.400	-7.300	-0.700	-4.400	-1.600	1.700	-3.900	-0.500	-3.900	-0.200	-4.800	-1.800	-4.000	-2.100	-4.600	-1.600	-5.900	-5.600
-3.300	-1.900	-3.900	-2.900	-5.500	-10.800	-3.700	-5.100	0.400	-0.100	-0.800	-1.700	-7.400	-2.000	-2.800	-4.400	-4.800	0.200	0.800	4.400	-6.600	2.800	-6.000	-3.300	-2.000	1.600	-4.900	-2.700	-3.000	2.900	-8.500	-7.600	-0.900	-4.300	-3.900	-4.100	-11.100	-1.500	4.600	-0.300	-2.700	-4.400	4.400	-3.300	-3.900	2.500	-2.900	-5.200	-7.800	-3.800	-5.000	-0.100	-6.600	-3.600	0.100	1.400
1.700	2.100	-2.900	-0.900	-9.500	-3.800	-7.700	-0.100	-5.600	-7.100	-4.800	-6.700	0.600	0.000	-1.800	1.600	-1.800	-3.800	-6.200	-1.600	-5.600	1.800	0.000	-3.300	2.000	0.600	-7.900	-4.700	-4.000	-0.100	-4.500	-5.600	-1.900	-2.300	-9.900	1.900	-8.100	-4.500	-5.400	-2.300	-6.700	0.600	1.400	5.700	-1.900	-0.500	-4.900	-4.200	-2.800	2.200	-4.000	-2.100	1.400	-1.600	-3.900	-1.600
-3.300	-12.900	-2.900	3.100	-2.500	-3.800	-0.700	-1.100	-4.600	-5.100	-7.800	-5.700	-2.400	4.000	-6.800	0.600	-5.800	1.200	-3.200	0.400	-9.600	-3.200	2.000	2.700	3.000	0.600	-0.900	-4.700	-5.000	-4.100	-7.500	-1.600	-0.900	1.700	-4.900	1.900	-2.100	0.500	-3.400	0.700	1.300	2.600	-3.600	1.700	-3.900	-4.500	-2.900	-0.200	-0.800	-1.800	0.000	-5.100	1.400	-4.600	1.100	-0.600
-3.300	-6.900	-8.900	-3.900	-1.500	-5.800	-2.700	-11.100	-2.600	-5.100	-1.800	-7.700	-9.400	-6.000	-4.800	0.600	-0.800	0.200	2.800	-2.600	-3.600	-0.200	-6.000	-2.300	0.000	-1.400	-2.900	-3.700	-5.000	-3.100	-1.500	-4.600	-3.900	2.700	-4.900	-0.100	-7.100	-0.500	2.600	-7.300	-3.700	-7.400	-3.600	1.700	-3.900	-0.500	-2.900	0.800	-8.800	-1.800	-2.000	-0.100	-5.600	1.400	-7.900	-2.600
0.700	-5.900	-4.900	0.100	-3.500	-1.800	-2.700	-3.100	3.400	-0.100	-2.800	0.300	-5.400	0.000	-4.800	-8.400	-2.800	0.200	-4.200	2.400	-3.600	-0.200	-1.000	-0.300	-1.000	1.600	-4.900	-0.700	-4.000	5.900	-2.500	-2.600	0.100	1.700	-3.900	0.900	-3.100	-1.500	0.600	-6.300	-2.700	-4.400	-0.600	-4.300	-4.900	-2.500	0.100	-3.200	-6.800	1.200	-7.000	-8.100	-3.600	-4.600	-3.900	-6.600
-7.300	-2.900	-4.900	-0.900	0.500	3.200	-6.700	-2.100	-3.600	-6.100	-0.800	-2.700	1.600	-4.000	3.200	-5.400	-1.800	0.200	1.800	-3.600	-6.600	4.800	3.000	-2.300	6.000	4.600	-0.900	5.300	-9.000	-5.100	-3.500	0.400	-3.900	1.700	-2.900	-1.100	-3.100	0.500	5.600	-1.300	4.300	-7.400	-1.600	-2.300	-4.900	-0.500	-4.900	-0.200	-2.800	1.200	-4.000	-1.100	-3.600	-2.600	-6.900	2.400
-3.300	4.100	-4.900	-0.900	-4.500	-8.800	-1.700	0.900	-2.600	-4.100	-5.800	-6.700	-2.400	-2.000	-3.800	-4.400	0.200	2.200	-6.200	-1.600	-4.600	6.800	2.000	0.700	4.000	-3.400	-0.900	-5.700	-3.000	-5.100	-0.500	4.400	1.100	0.700	-1.900	-6.100	-9.100	-4.500	-0.400	-6.300	-0.700	5.600	-1.600	-2.300	-6.900	-6.500	-1.900	-2.200	-1.800	-0.800	2.000	1.900	2.400	-2.600	-3.900	-5.600
-0.300	1.100	0.100	-1.900	-6.500	-4.800	3.300	1.900	-1.600	-10.100	2.200	-4.700	0.600	-1.000	2.200	-1.400	-5.800	-2.800	-3.200	-1.600	-3.600	-4.200	-3.000	-3.300	-1.000	-0.400	-6.900	2.300	0.000	-1.100	-3.500	-1.600	-0.900	-1.300	-0.900	-3.100	-6.100	0.500	0.600	-7.300	-3.700	-3.400	-3.600	5.700	-3.900	1.500	-4.900	-4.200	-4.800	-1.800	3.000	-4.100	2.400	-7.600	1.100	-5.600
-1.300	0.100	-5.900	0.100	-4.500	-6.800	-3.700	-2.100	-5.600	-8.100	-0.800	-3.700	-7.400	1.000	-2.800	-2.400	-3.800	-2.800	-1.200	-3.600	-3.600	-3.200	5.000	1.700	3.000	3.600	-1.900	-3.700	-2.000	-5.100	7.500	-4.600	2.100	0.700	-7.900	-2.100	-9.100	-4.500	1.600	-10.300	1.300	-2.400	-2.600	-5.300	0.100	-0.500	-0.900	-3.200	-3.800	-7.800	0.000	-1.100	-3.600	-2.600	-5.900	6.400
-2.300	0.100	-1.900	-1.900	-4.500	1.200	-0.700	-4.100	-7.600	-5.100	-2.800	-3.700	-1.400	-1.000	-4.800	0.600	-2.800	0.200	-7.200	-3.600	-3.600	4.800	-5.000	-3.300	0.000	-0.400	-4.900	-5.700	-9.000	1.900	-0.500	-3.600	-1.900	3.700	-7.900	-3.100	-3.100	-10.500	-0.400	-5.300	-4.700	-3.400	-3.600	-0.300	-3.900	5.500	-1.900	-1.200	-0.800	1.200	-7.000	-0.100	2.400	-8.600	-1.900	-2.600
-5.300	0.100	-3.900	1.100	-4.500	-4.800	-1.700	-8.100	-1.600	-7.100	-6.800	-2.700	-3.400	-4.000	-5.800	-4.400	1.200	-1.800	5.800	-1.600	-3.600	1.800	1.000	-2.300	5.000	-3.400	-0.900	-3.700	-5.000	-3.100	-2.500	-10.600	2.100	-3.300	-2.900	-0.100	-4.100	0.500	-1.400	-7.300	-5.700	-4.400	-0.600	-0.300	5.100	1.500	-5.900	-6.200	-0.800	-2.800	-5.000	-4.100	-1.600	-6.600	-9.900	-1.600
0.700	-5.900	-3.900	2.100	-3.500	-3.800	0.300	2.900	-0.600	-4.100	-3.800	-2.700	-2.400	-1.000	0.200	-0.400	-7.800	-5.800	2.800	-0.600	-2.600	-1.200	3.000	-1.300	4.000	-1.400	-1.900	-1.700	-3.000	-1.100	-3.500	-0.600	0.100	1.700	-6.900	2.900	-9.100	-2.500	-2.400	-3.300	-3.700	-1.400	-1.600	-1.300	-1.900	-2.500	-3.900	0.800	0.200	2.200	1.000	-8.100	-0.600	-3.600	-4.900	-1.600
-6.300	-3.900	-3.900	-4.900	-1.500	-3.800	-4.700	-0.100	0.400	-0.100	-5.800	-3.700	-4.400	4.000	-5.800	-2.400	-4.800	-7.800	1.800	-1.600	-4.600	3.800	4.000	-1.300	2.000	-1.400	-8.900	-4.700	-7.000	-1.100	-3.500	-1.600	-3.900	-1.300	-3.900	-0.100	-1.100	-0.500	-0.400	-3.300	3.300	4.600	2.400	1.700	-5.900	-3.500	0.100	1.800	-10.800	-1.800	0.000	0.900	-4.600	-8.600	-4.900	0.400
-6.300	2.100	-1.900	-3.900	0.500	-3.800	0.300	-3.100	-3.600	-1.100	-2.800	-6.700	1.600	5.000	0.200	-4.400	-2.800	-0.800	-2.200	-2.600	-10.600	-3.200	5.000	-0.300	2.000	-1.400	-6.900	-0.700	-3.000	-2.100	-3.500	-4.600	0.100	-1.300	-4.900	-0.100	-2.100	5.500	-5.400	1.700	-1.700	-2.400	-10.600	-2.300	-1.900	-1.500	-3.900	-3.200	-11.800	-4.800	0.000	-6.100	-0.600	-3.600	-1.900	1.400
2.700	-6.900	1.100	1.100	-9.500	-9.800	-6.700	-4.100	-3.600	-2.100	-0.800	-5.700	0.600	0.000	2.200	1.600	1.200	-3.800	-1.200	1.400	-5.600	1.800	-1.000	-0.300	2.000	0.600	-7.900	-3.700	-2.000	-4.100	-2.500	-2.600	-8.900	2.700	-5.900	-5.100	-2.100	-1.500	-6.400	-1.300	1.300	-1.400	-1.600	0.700	-3.900	-3.500	-7.900	-3.200	-8.800	-1.800	-3.000	2.900	1.400	-8.600	-6.900	-7.600
0.700	0.100	-6.900	2.100	-6.500	1.200	-0.700	-1.100	-7.600	-4.100	-4.800	-4.700	-1.400	2.000	-1.800	-5.400	-5.800	-4.800	1.800	-2.600	-1.600	-2.200	2.000	0.700	5.000	-7.400	-3.900	-5.700	-3.000	-4.100	-7.500	-2.600	0.100	4.700	-0.900	-3.100	-5.100	-1.500	3.600	-1.300	1.300	0.600	-2.600	1.700	-1.900	-0.500	3.100	3.800	-4.800	-1.800	-4.000	-7.100	-3.600	-5.600	-6.900	2.400
3.700	-2.900	-3.900	2.100	-4.500	-8.800	-7.700	-7.100	-1.600	-1.100	-0.800	-10.700	1.600	4.000	0.200	-2.400	3.200	-3.800	-3.200	-2.600	-6.600	-3.200	-2.000	3.700	3.000	-1.400	-5.900	-3.700	-2.000	-5.100	-1.500	-7.600	1.100	3.700	-6.900	-3.100	-6.100	1.500	-0.400	0.700	-7.700	-6.400	-3.600	-2.300	-0.900	-5.500	-5.900	-5.200	0.200	-2.800	-7.000	2.900	-8.600	-6.600	-0.900	-0.600
-2.300	-3.900	-2.900	0.100	-0.500	-7.800	-6.700	-2.100	-2.600	-0.100	-0.800	-0.700	-5.400	3.000	-0.800	1.600	-0.800	-2.800	-4.200	1.400	-3.600	2.800	-1.000	1.700	-3.000	2.600	-7.900	3.300	-5.000	-0.100	-5.500	-8.600	3.100	2.700	-5.900	-0.100	-3.100	-0.500	-6.400	-5.300	-5.700	-4.400	-1.600	2.700	-2.900	-3.500	-0.900	-0.200	0.200	-4.800	-4.000	2.900	1.400	0.400	-3.900	1.400
-9.300	-4.900	-4.900	-0.900	-8.500	-5.800	-4.700	-1.100	-2.600	0.900	-4.800	-5.700	-7.400	-4.000	-0.800	-2.400	2.200	-3.800	3.800	1.400	-1.600	0.800	-1.000	-3.300	0.000	3.600	-11.900	3.300	-3.000	-6.100	-4.500	-1.600	-1.900	-1.300	-5.900	1.900	-8.100	-3.500	-5.400	-8.300	-2.700	-6.400	-0.600	3.700	-2.900	-0.500	-3.900	0.800	-2.800	-1.800	-9.000	-5.100	2.400	-2.600	-2.900	-1.600
-5.300	-1.900	-2.900	-0.900	-3.500	-1.800	-9.700	-4.100	2.400	-3.100	-5.800	0.300	-3.400	-1.000	-10.800	1.600	-1.800	-0.800	-2.200	1.400	-4.600	-1.200	-4.000	-2.300	-1.000	-3.400	-7.900	-7.700	1.000	-3.100	0.500	-2.600	-2.900	3.700	2.100	3.900	-8.100	0.500	-2.400	-8.300	-1.700	-8.400	1.400	-1.300	-4.900	1.500	-4.900	-0.200	-7.800	-3.800	-7.000	-5.100	5.400	-3.600	-2.900	-0.600
1.700	-5.900	-2.900	2.100	-3.500	-6.800	-6.700	-3.100	5.400	1.900	-4.800	-0.700	-1.400	-2.000	-1.800	-2.400	-5.800	4.200	-2.200	2.400	-6.600	-0.200	4.000	-1.300	-1.000	3.600	-1.900	-0.700	-3.000	1.900	-1.500	-4.600	-3.900	-2.300	-3.900	-5.100	-2.100	2.500	1.600	-3.300	-4.700	-3.400	-2.600	0.700	0.100	-3.500	-3.900	-0.200	-6.800	-6.800	-4.000	-0.100	1.400	-4.600	-6.900	0.400
-9.300	-1.900	-0.900	-3.900	-4.500	-5.800	-1.700	-2.100	-7.600	-0.100	-0.800	-6.700	-5.400	1.000	-2.800	-6.400	-4.800	-4.800	-2.200	-4.600	-0.600	5.800	6.000	2.700	6.000	-0.400	-1.900	-2.700	-2.000	-0.100	-3.500	-4.600	-6.900	5.700	-4.900	5.900	0.900	-5.500	1.600	2.700	-6.700	-5.400	-3.600	9.700	-3.900	-5.500	-2.900	2.800	-7.800	-6.800	-3.000	-6.100	-0.600	-5.600	2.100	-1.600
-0.300	-2.900	-0.900	0.100	-3.500	-6.800	-5.700	-2.100	0.400	-2.100	-11.800	-4.700	-4.400	-3.000	-5.800	-6.400	-3.800	-3.800	-5.200	1.400	-5.600	2.800	5.000	-1.300	2.000	-7.400	-5.900	-0.700	-9.000	0.900	-6.500	2.400	-4.900	1.700	-0.900	-5.100	-4.100	0.500	2.600	-3.300	-5.700	3.600	3.400	3.700	-8.900	2.500	-2.900	2.800	-2.800	-0.800	-4.000	2.900	-3.600	-4.600	-1.900	-3.600
-5.300	1.100	-0.900	3.100	-3.500	-0.800	-6.700	-2.100	-1.600	-0.100	-1.800	3.300	-4.400	1.000	-4.800	-1.400	-1.800	1.200	2.800	-7.600	-6.600	-6.200	-1.000	-7.300	1.000	0.600	-2.900	-0.700	-9.000	0.900	-2.500	-7.600	-2.900	2.700	-3.900	-0.100	-3.100	-2.500	-5.400	-0.300	-9.700	-5.400	-2.600	-5.300	-2.900	0.500	0.100	-4.200	-0.800	0.200	0.000	2.900	1.400	-1.600	-5.900	-3.600
1.700	2.100	2.100	-3.900	1.500	-9.800	-3.700	-5.100	-1.600	-9.100	-5.800	0.300	2.600	-6.000	-2.800	-5.400	-4.800	-7.800	-6.200	4.400	-3.600	0.800	1.000	2.700	2.000	-1.400	-6.900	1.300	-4.000	-0.100	-4.500	-6.600	-5.900	0.700	-6.900	-0.100	-6.100	1.500	-7.400	0.700	-4.700	0.600	-2.600	-9.300	-2.900	-5.500	-2.900	-4.200	-2.800	-4.800	-3.000	-4.100	-0.600	0.400	-6.900	0.400
-1.300	-5.900	-0.900	0.100	-7.500	-0.800	0.300	-7.100	0.400	-0.100	-6.800	-6.700	-3.400	-2.000	-6.800	1.600	-5.800	-3.800	-4.200	4.400	-7.600	2.800	-4.000	3.700	6.000	2.600	-3.900	-2.700	-2.000	3.900	-2.500	-4.600	-3.900	1.700	-4.900	-1.100	0.900	-1.500	-0.400	-4.300	-1.700	0.600	-0.600	-5.300	-5.900	-2.500	-1.900	-3.200	-8.800	1.200	-3.000	-7.100	0.400	-3.600	1.100	-4.600
-3.300	-2.900	-8.900	-2.900	-2.500	-9.800	-3.700	-3.100	-6.600	-6.100	-4.800	-2.700	1.600	3.000	-2.800	-3.400	-0.800	-0.800	0.800	-0.600	0.400	3.800	-1.000	0.700	2.000	-1.400	-4.900	3.300	-2.000	-3.100	-2.500	-5.600	-2.900	-6.300	-7.900	-4.100	-0.100	-2.500	-3.400	-5.300	-4.700	0.600	-1.600	-1.300	-4.900	-2.500	0.100	-3.200	-8.800	0.200	-4.000	-5.100	-1.600	-4.600	-3.900	-4.600
-9.300	-3.900	-1.900	0.100	-2.500	-3.800	-2.700	-2.100	-3.600	-1.100	-1.800	-1.700	-7.400	2.000	-0.800	-4.400	-4.800	-3.800	-3.200	-1.600	-5.600	1.800	1.000	3.700	-3.000	0.600	-1.900	4.300	-4.000	-3.100	0.500	-1.600	-0.900	4.700	1.100	-3.100	-3.100	-7.500	2.600	-2.300	-4.700	-1.400	1.400	-0.300	-2.900	0.500	-1.900	5.800	-1.800	-3.800	-2.000	-4.100	-3.600	-10.600	-4.900	1.400
-5.300	-6.900	-5.900	-0.900	-3.500	-4.800	-7.700	3.900	-1.600	-3.100	-4.800	-4.700	-3.400	1.000	-1.800	-1.400	-3.800	1.200	-7.200	-1.600	-3.600	1.800	2.000	5.700	4.000	-6.400	-6.900	-5.700	0.000	0.900	-0.500	-2.600	-2.900	7.700	1.100	-0.100	-1.100	-0.500	-0.400	-1.300	1.300	-3.400	-0.600	-4.300	0.100	5.500	-7.900	-0.200	-2.800	-1.800	-3.000	-2.100	-1.600	-5.600	-5.900	2.400
-0.300	-4.900	-6.900	1.100	1.500	-3.800	-5.700	-6.100	-1.600	-4.100	-3.800	-1.700	-1.400	-1.000	-1.800	-2.400	-0.800	-2.800	-5.200	-0.600	-2.600	-1.200	2.000	0.700	-2.000	-1.400	-6.900	2.300	2.000	-6.100	0.500	-2.600	4.100	1.700	-0.900	-3.100	-0.100	-6.500	6.600	-4.300	-2.700	-0.400	0.400	4.700	-4.900	2.500	-3.900	0.800	-6.800	-6.800	-5.000	-2.100	-2.600	1.400	0.100	-1.600
-4.300	-4.900	1.100	-1.900	-2.500	-7.800	-0.700	-4.100	-5.600	-0.100	-0.800	-1.700	-2.400	-3.000	-4.800	4.600	-4.800	-7.800	-1.200	-2.600	-5.600	2.800	2.000	-3.300	-2.000	-7.400	-0.900	-5.700	0.000	-0.100	-3.500	-1.600	0.100	3.700	-4.900	-2.100	-5.100	-6.500	1.600	-3.300	-3.700	-1.400	-1.600	-2.300	1.100	2.500	-8.900	-3.200	-12.800	1.200	-5.000	-4.100	-2.600	-3.600	-6.900	-6.600
1.700	1.100	-0.900	2.100	-1.500	-7.800	-2.700	-2.100	3.400	-2.100	-5.800	-5.700	-3.400	-2.000	-2.800	-4.400	-3.800	-0.800	-3.200	-1.600	3.400	-1.200	-1.000	-3.300	4.000	2.600	-9.900	0.300	1.000	-6.100	-6.500	-7.600	4.100	0.700	0.100	0.900	-4.100	-1.500	2.600	-2.300	1.300	-0.400	-4.600	-0.300	-2.900	4.500	-2.900	-3.200	-9.800	-2.800	-5.000	-5.100	3.400	-6.600	-3.900	-3.600
-5.300	1.100	-0.900	-4.900	-7.500	-3.800	-6.700	-6.100	0.400	-2.100	-5.800	-2.700	3.600	-6.000	1.200	-1.400	-4.800	-3.800	-0.200	-3.600	-1.600	3.800	8.000	2.700	1.000	1.600	-3.900	-1.700	-4.000	0.900	1.500	-4.600	-1.900	0.700	-4.900	-1.100	-2.100	-2.500	3.600	-1.300	-3.700	-4.400	-4.600	-4.300	-5.900	-5.500	-0.900	-0.200	-1.800	-6.800	-2.000	-2.100	2.400	-5.600	0.100	1.400
-5.300	2.100	1.100	-1.900	-5.500	-2.800	-3.700	-3.100	-5.600	-8.100	-4.800	-2.700	-3.400	4.000	1.200	-0.400	-2.800	-1.800	-4.200	2.400	-8.600	-1.200	4.000	-2.300	8.000	-0.400	-6.900	0.300	-4.000	-1.100	-0.500	-1.600	2.100	-1.300	-5.900	-6.100	2.900	-2.500	-3.400	-6.300	-5.700	-4.400	-6.600	-6.300	-3.900	-0.500	-3.900	-2.200	-2.800	-3.800	2.000	-6.100	1.400	-4.600	-6.900	-2.600
-1.300	-2.900	-2.900	-1.900	-1.500	-3.800	1.300	1.900	1.400	-2.100	-4.800	-7.700	-0.400	-2.000	-1.800	-7.400	-2.800	1.200	2.800	-1.600	-1.600	1.800	-2.000	-2.300	2.000	-0.400	-1.900	-3.700	0.000	1.900	-5.500	-0.600	-1.900	-4.300	-5.900	1.900	-3.100	0.500	3.600	-2.300	-2.700	-2.400	5.400	-3.300	3.100	-0.500	1.100	0.800	-0.800	-3.800	-3.000	-6.100	-1.600	-2.600	-6.900	-4.600
-1.300	-2.900	-3.900	2.100	-3.500	-2.800	-3.700	-1.100	-4.600	-6.100	-1.800	-0.700	-5.400	-6.000	0.200	-2.400	0.200	-3.800	-3.200	2.400	-3.600	-3.200	-2.000	-1.300	4.000	-3.400	-4.900	-0.700	0.000	-6.100	-2.500	-2.600	2.100	1.700	-3.900	-3.100	-3.100	0.500	4.600	-6.300	3.300	-4.400	-0.600	-10.300	-3.900	-1.500	-3.900	-4.200	-3.800	-6.800	2.000	2.900	-1.600	-0.600	-5.900	-4.600
0.700	-3.900	-2.900	-0.900	-5.500	-3.800	-8.700	-4.100	0.400	1.900	-7.800	-3.700	3.600	-5.000	-3.800	-4.400	-2.800	3.200	-5.200	1.400	-6.600	3.800	-2.000	5.700	2.000	2.600	1.100	-3.700	-1.000	-3.100	-6.500	-0.600	-2.900	-2.300	-4.900	1.900	0.900	0.500	-2.400	-1.300	7.300	-5.400	-3.600	-1.300	-1.900	0.500	-6.900	-2.200	1.200	-1.800	-3.000	5.900	5.400	-6.600	-5.900	-3.600
-2.300	-1.900	-4.900	-0.900	-2.500	0.200	-1.700	-3.100	-3.600	0.900	-7.800	-2.700	-6.400	-2.000	-7.800	-0.400	-2.800	-7.800	-1.200	-1.600	-4.600	-2.200	-10.000	2.700	-4.000	2.600	-7.900	-3.700	-5.000	-3.100	-2.500	-5.600	-5.900	-3.300	-2.900	-1.100	-5.100	-2.500	2.600	-6.300	-3.700	-2.400	-1.600	-1.300	-3.900	-6.500	-6.900	-5.200	-7.800	2.200	0.000	0.900	-0.600	-3.600	-5.900	-4.600
-5.300	3.100	-1.900	0.100	-3.500	-6.800	-7.700	0.900	-4.600	-2.100	0.200	-1.700	-1.400	-7.000	-0.800	1.600	-1.800	3.200	0.800	-6.600	-1.600	1.800	0.000	-3.300	6.000	1.600	-1.900	1.300	-3.000	0.900	-6.500	-0.600	0.100	-0.300	-2.900	-1.100	-3.100	-2.500	-3.400	-5.300	-1.700	5.600	-1.600	-0.300	1.100	2.500	-4.900	-2.200	-10.800	-0.800	7.000	-2.100	-0.600	-0.600	-5.900	-4.600
0.700	-6.900	-2.900	0.100	-7.500	-10.800	-5.700	3.900	-3.600	-1.100	-7.800	0.300	0.600	-9.000	-3.800	-0.400	1.200	-4.800	-4.200	2.400	-10.600	4.800	9.000	2.700	0.000	-4.400	-1.900	-5.700	-6.000	-10.100	1.500	-3.600	-3.900	7.700	-2.900	-8.100	-7.100	-4.500	3.600	-5.300	3.300	-4.400	-0.600	1.700	-4.900	2.500	-2.900	-3.200	-7.800	-2.800	-7.000	-7.100	-2.600	-5.600	-8.900	-3.600
-1.300	-4.900	-1.900	-1.900	-4.500	-7.800	-0.700	-6.100	-4.600	-10.100	-1.800	-2.700	-4.400	3.000	0.200	-5.400	-2.800	0.200	-1.200	-0.600	-5.600	-1.200	2.000	0.700	4.000	0.600	-3.900	-4.700	-7.000	0.900	-2.500	-3.600	1.100	-3.300	0.100	-4.100	-5.100	0.500	-2.400	-0.300	-2.700	-0.400	2.400	2.700	0.100	1.500	-4.900	0.800	-5.800	6.200	-4.000	-2.100	-1.600	-5.600	-7.900	-4.600
0.700	-4.900	-5.900	0.100	1.500	-4.800	-9.700	-2.100	-7.600	0.900	-3.800	-10.700	-0.400	-4.000	-2.800	2.600	-7.800	2.200	-1.200	-3.600	-0.600	-4.200	2.000	7.700	0.000	0.600	2.100	4.300	-2.000	-3.100	0.500	0.400	-4.900	-4.300	-7.900	-1.100	-4.100	-0.500	-3.400	-2.300	-0.700	0.600	-2.600	0.700	-4.900	-0.500	-5.900	-2.200	-3.800	-0.800	-3.000	-2.100	-1.600	-0.600	-5.900	0.400
-0.300	-2.900	0.100	0.100	-2.500	3.200	-5.700	-0.100	-2.600	-1.100	0.200	-6.700	-3.400	-1.000	-1.800	3.600	-2.800	-3.800	-5.200	-2.600	0.400	-3.200	-3.000	3.700	6.000	2.600	-5.900	1.300	-3.000	2.900	-1.500	-4.600	-3.900	2.700	-0.900	3.900	-5.100	-3.500	3.600	-4.300	-3.700	-2.400	1.400	-3.300	-4.900	0.500	-7.900	6.800	-5.800	-1.800	-4.000	-3.100	4.400	-3.600	-4.900	-3.600
0.700	-0.900	0.100	-0.900	-8.500	-3.800	-7.700	5.900	-1.600	-1.100	2.200	-5.700	-3.400	1.000	-1.800	-7.400	-4.800	-6.800	-2.200	1.400	-6.600	-4.200	3.000	0.700	11.000	0.600	-2.900	2.300	-6.000	3.900	1.500	-6.600	3.100	5.700	-2.900	-3.100	-9.100	-1.500	2.600	-4.300	3.300	-1.400	5.400	-0.300	-1.900	-9.500	-4.900	3.800	-4.800	-7.800	-3.000	-2.100	2.400	-4.600	-4.900	2.400
-1.300	-4.900	-1.900	-1.900	-3.500	-7.800	-3.700	-1.100	-2.600	-7.100	-6.800	-5.700	-3.400	-1.000	-0.800	-4.400	-0.800	-6.800	-2.200	-2.600	-3.600	4.800	0.000	-2.300	1.000	-3.400	-1.900	-2.700	0.000	2.900	-5.500	-1.600	-3.900	-3.300	0.100	-3.100	-1.100	2.500	-1.400	1.700	5.300	-4.400	5.400	-2.300	-5.900	-3.500	-7.900	-0.200	-0.800	-5.800	-2.000	-5.100	1.400	-6.600	-3.900	-6.600
-4.300	-0.900	-7.900	-0.900	-7.500	-2.800	-6.700	-3.100	-5.600	-8.100	0.200	-5.700	-3.400	3.000	-3.800	0.600	-3.800	-3.800	-2.200	1.400	-2.600	-0.200	-8.000	-2.300	3.000	-0.400	-0.900	-3.700	-5.000	-2.100	0.500	-2.600	2.100	-0.300	-3.900	1.900	-7.100	-4.500	-2.400	-3.300	-5.700	-4.400	2.400	1.700	3.100	-5.500	-5.900	-2.200	-9.800	-4.800	-7.000	-1.100	0.400	-3.600	-7.900	1.400
-4.300	-2.900	-2.900	2.100	-3.500	-5.800	-3.700	-8.100	-2.600	0.900	-1.800	-6.700	-1.400	-1.000	-0.800	-4.400	-4.800	-1.800	-7.200	2.400	-7.600	-5.200	-4.000	7.700	5.000	-1.400	-5.900	-3.700	1.000	-1.100	-2.500	-5.600	-4.900	-0.300	0.100	2.900	-1.100	0.500	-0.400	-3.300	-6.700	-2.400	-2.600	-5.300	-1.900	-5.500	-3.900	-2.200	-4.800	-8.800	-2.000	-1.100	2.400	-2.600	-1.900	-4.600
-0.300	-1.900	0.100	-2.900	-2.500	-5.800	1.300	-4.100	1.400	-1.100	-3.800	-1.700	-7.400	-4.000	-0.800	-1.400	-6.800	-5.800	-0.200	-2.600	1.400	3.800	5.000	1.700	2.000	4.600	-7.900	-4.700	-7.000	-0.100	1.500	-2.600	1.100	-1.300	-5.900	1.900	-5.100	-3.500	-1.400	-1.300	-0.700	-5.400	-5.600	1.700	-6.900	-1.500	-2.900	-2.200	-4.800	-5.800	-6.000	-3.100	1.400	-3.600	-4.900	0.400
4.700	0.100	-1.900	-1.900	-3.500	2.200	-4.700	-3.100	-1.600	-3.100	0.200	-1.700	-5.400	-4.000	-1.800	1.600	-1.800	0.200	2.800	-1.600	-5.600	-3.200	3.000	5.700	8.000	-0.400	1.100	-7.700	0.000	-3.100	-3.500	-9.600	-1.900	-0.300	-2.900	-4.100	-6.100	-9.500	-1.400	-3.300	-5.700	-5.400	5.400	0.700	-0.900	2.500	-8.900	-2.200	-1.800	-2.800	-7.000	-5.100	-3.600	-3.600	-2.900	-3.600
-0.300	-3.900	1.100	-0.900	-1.500	-2.800	-2.700	1.900	-5.600	-6.100	-0.800	-4.700	-7.400	2.000	-4.800	-1.400	-0.800	-3.800	-4.200	-3.600	-5.600	2.800	1.000	0.700	-3.000	4.600	1.100	-2.700	-8.000	0.900	-0.500	-4.600	-4.900	3.700	-3.900	-3.100	-6.100	0.500	0.600	-0.300	-1.700	-0.400	-0.600	1.700	-0.900	-0.500	-4.900	-5.200	-6.800	-4.800	-5.000	-6.100	-0.600	-6.600	-3.900	-3.600
-4.300	-4.900	5.100	-0.900	0.500	0.200	-3.700	-3.100	-4.600	0.900	-4.800	-0.700	-7.400	-1.000	1.200	0.600	2.200	-5.800	3.800	-0.600	-3.600	2.800	3.000	0.700	2.000	1.600	-4.900	-5.700	2.000	-4.100	-1.500	-4.600	2.100	2.700	0.100	1.900	-3.100	-6.500	-2.400	-4.300	-2.700	-2.400	-4.600	-0.300	-7.900	-1.500	-7.900	-0.200	-1.800	-6.800	-3.000	0.900	2.400	-1.600	-3.900	3.400
-0.300	-5.900	-3.900	-3.900	-9.500	-3.800	-2.700	-7.100	-4.600	-2.100	-3.800	-9.700	-5.400	-2.000	-2.800	0.600	-1.800	2.200	1.800	-7.600	-3.600	-2.200	0.000	-1.300	0.000	2.600	-6.900	0.300	-8.000	-0.100	-3.500	-8.600	4.100	2.700	-7.900	-2.100	1.900	-10.500	3.600	-3.300	-5.700	-9.400	0.400	-1.300	-8.900	0.500	-3.900	-6.200	-5.800	0.200	-4.000	-4.100	4.400	-7.600	-0.900	-1.600
0.700	-1.900	1.100	-2.900	0.500	-6.800	-4.700	-3.100	0.400	-6.100	-6.800	1.300	-6.400	-6.000	-0.800	-1.400	0.200	-0.800	-7.200	-5.600	-2.600	0.800	1.000	4.700	0.000	-1.400	-2.900	0.300	1.000	-5.100	-1.500	1.400	2.100	1.700	-6.900	-2.100	2.900	-3.500	-1.400	-5.300	5.300	3.600	0.400	6.700	-0.900	-2.500	-3.900	-2.200	-4.800	-7.800	-1.000	0.900	1.400	-2.600	-4.900	-1.600
-5.300	-2.900	-7.900	4.100	-2.500	-5.800	-5.700	-6.100	0.400	-3.100	-1.800	-0.700	-2.400	-3.000	-8.800	0.600	-1.800	-5.800	-5.200	1.400	-8.600	0.800	-2.000	-4.300	-3.000	-7.400	-0.900	-2.700	-4.000	-8.100	0.500	0.400	2.100	-2.300	-2.900	-2.100	-11.100	-7.500	-1.400	-5.300	-4.700	-6.400	4.400	0.700	-1.900	-0.500	-1.900	2.800	-7.800	-2.800	-4.000	0.900	-2.600	-3.600	-3.900	-4.600
-2.300	-3.900	-2.900	-2.900	-2.500	-1.800	-2.700	0.900	-5.600	0.900	-6.800	-5.700	-3.400	-4.000	-3.800	-7.400	4.200	-7.800	-7.200	-1.600	-5.600	-2.200	5.000	-0.300	2.000	1.600	1.100	0.300	-5.000	-1.100	1.500	-3.600	0.100	-1.300	1.100	1.900	-3.100	-7.500	-5.400	-7.300	0.300	-0.400	3.400	-2.300	-4.900	3.500	-1.900	0.800	-4.800	-11.800	-8.000	1.900	-2.600	1.400	-4.900	-3.600
-4.300	-7.900	0.100	-9.900	-7.500	-7.800	-2.700	-2.100	-6.600	0.900	-8.800	-2.700	1.600	-5.000	-0.800	-2.400	-6.800	-3.800	-4.200	1.400	-5.600	-0.200	-1.000	1.700	5.000	2.600	3.100	-4.700	-3.000	-2.100	-2.500	-5.600	-2.900	-3.300	-9.900	1.900	-4.100	-5.500	-0.400	-2.300	-2.700	-3.400	3.400	-0.300	-3.900	2.500	-0.900	-3.200	0.200	-5.800	-6.000	-4.100	-0.600	-4.600	-1.900	-5.600
-1.300	-3.900	-7.900	-2.900	-12.500	0.200	-3.700	-3.100	-4.600	-2.100	-0.800	-1.700	-4.400	-1.000	1.200	-5.400	-1.800	3.200	-5.200	0.400	-2.600	-1.200	1.000	0.700	-2.000	2.600	-5.900	0.300	-1.000	-4.100	-5.500	-2.600	0.100	-5.300	-3.900	3.900	-0.100	1.500	2.600	-4.300	-7.700	-0.400	-6.600	-2.300	-3.900	-2.500	-1.900	-4.200	-5.800	1.200	-7.000	-0.100	2.400	-5.600	-6.900	1.400
-4.300	-4.900	-1.900	-2.900	-4.500	-1.800	-3.700	-1.100	-2.600	-4.100	-1.800	-5.700	-6.400	4.000	-4.800	-4.400	-4.800	-3.800	-0.200	0.400	-7.600	0.800	7.000	-4.300	6.000	-0.400	-0.900	-3.700	4.000	-10.100	-6.500	-4.600	3.100	1.700	-3.900	-9.100	0.900	-5.500	-2.400	-11.300	-1.700	-2.400	-1.600	2.700	-1.900	-3.500	-2.900	0.800	-3.800	1.200	4.000	-4.100	2.400	-4.600	-1.900	-1.600
-4.300	-5.900	-0.900	-1.900	-5.500	0.200	0.300	-3.100	-5.600	-3.100	1.200	-0.700	-2.400	-4.000	-4.800	-3.400	-1.800	-10.800	-1.200	-0.600	-0.600	-1.200	-6.000	2.700	-2.000	-4.400	-10.900	-4.700	-4.000	-8.100	-5.500	-1.600	-4.900	-5.300	-2.900	0.900	-5.100	-7.500	-4.400	-6.300	-0.700	-4.400	-2.600	-3.300	0.100	-3.500	-5.900	-0.200	-1.800	-0.800	3.000	0.900	-2.600	-0.600	-7.900	-7.600
-2.300	-4.900	1.100	-4.900	-3.500	-4.800	-0.700	-3.100	-1.600	-4.100	-1.800	-4.700	-6.400	2.000	-5.800	0.600	0.200	-3.800	-4.200	-3.600	-5.600	3.800	-2.000	1.700	4.000	-1.400	0.100	-3.700	-8.000	-3.100	0.500	-1.600	-3.900	2.700	-8.900	-2.100	-3.100	0.500	2.600	-7.300	2.300	-1.400	-2.600	-4.300	-1.900	-4.500	-5.900	-0.200	-3.800	0.200	4.000	0.900	-2.600	-9.600	-3.900	1.400
-2.300	-4.900	-0.900	-5.900	-1.500	-6.800	-1.700	-6.100	-4.600	-5.100	-6.800	-1.700	2.600	-6.000	-2.800	0.600	-6.800	0.200	-2.200	0.400	-3.600	2.800	3.000	2.700	2.000	-2.400	-5.900	-0.700	-7.000	-0.100	-4.500	-3.600	-0.900	4.700	-5.900	-0.100	1.900	-3.500	-1.400	2.700	-6.700	-7.400	2.400	-1.300	0.100	1.500	-6.900	2.800	1.200	-3.800	0.000	-2.100	-2.600	0.400	-1.900	-2.600
-2.300	0.100	7.100	-3.900	-8.500	-2.800	-1.700	-4.100	0.400	-1.100	-4.800	0.300	1.600	-4.000	-3.800	1.600	-3.800	-3.800	1.800	-0.600	-5.600	3.800	2.000	2.700	-1.000	-1.400	1.100	-0.700	-4.000	-0.100	-4.500	-3.600	-5.900	-1.300	1.100	-3.100	0.900	-2.500	-0.400	-5.300	0.300	-3.400	-5.600	-1.300	-0.900	-0.500	-2.900	0.800	-3.800	-5.800	-4.000	-0.100	-0.600	-3.600	1.100	-3.600
-1.300	-2.900	-1.900	-0.900	-0.500	-3.800	-5.700	-3.100	-6.600	-2.100	-1.800	0.300	-1.400	4.000	-1.800	3.600	-5.800	-7.800	-3.200	-0.600	-2.600	-1.200	-2.000	4.700	1.000	0.600	1.100	3.300	-2.000	0.900	0.500	-7.600	3.100	-3.300	-2.900	2.900	-4.100	0.500	0.600	-1.300	-2.700	-8.400	-3.600	2.700	-2.900	-3.500	0.100	-4.200	-5.800	-3.800	-3.000	-3.100	0.400	-0.600	4.100	0.400
-2.300	-5.900	-6.900	-7.900	-6.500	-1.800	-1.700	4.900	-4.600	-0.100	-7.800	-3.700	-2.400	-2.000	-2.800	-2.400	-4.800	0.200	1.800	-5.600	-5.600	-4.200	4.000	1.700	4.000	1.600	3.100	-1.700	4.000	-2.100	-6.500	-6.600	0.100	0.700	1.100	0.900	-5.100	2.500	5.600	-5.300	1.300	-5.400	0.400	0.700	-0.900	-3.500	-2.900	-7.200	-1.800	0.200	-1.000	-0.100	-3.600	-1.600	2.100	1.400
-5.300	-4.900	0.100	0.100	-4.500	-8.800	-0.700	0.900	-5.600	3.900	-7.800	-5.700	-3.400	-2.000	0.200	-3.400	-1.800	0.200	3.800	-4.600	-4.600	-2.200	-2.000	0.700	4.000	4.600	-4.900	0.300	1.000	-4.100	-1.500	-3.600	-2.900	6.700	-7.900	-5.100	-1.100	-5.500	0.600	-0.300	-0.700	-6.400	1.400	-2.300	-6.900	0.500	-2.900	1.800	-3.800	-5.800	-11.000	-2.100	-3.600	-4.600	-10.900	-1.600
-2.300	-3.900	-0.900	1.100	-0.500	-5.800	-3.700	-8.100	-4.600	1.900	-1.800	1.300	-4.400	-4.000	0.200	-1.400	-5.800	-5.800	-4.200	-2.600	-3.600	-3.200	-1.000	-1.300	1.000	-3.400	-0.900	-6.700	-2.000	0.900	-3.500	-6.600	0.100	-3.300	-4.900	0.900	-1.100	-3.500	1.600	-10.300	1.300	-6.400	1.400	0.700	-1.900	0.500	-7.900	-3.200	-3.800	-0.800	1.000	-0.100	-1.600	-6.600	-1.900	-3.600
-7.300	3.100	-5.900	-5.900	-3.500	-2.800	-1.700	0.900	-0.600	-7.100	-1.800	-5.700	-1.400	-3.000	-1.800	-5.400	-6.800	2.200	-1.200	-0.600	-7.600	-4.200	5.000	-3.300	2.000	-3.400	-5.900	-8.700	-5.000	-4.100	2.500	-4.600	-1.900	-1.300	-5.900	1.900	-9.100	-4.500	-1.400	-5.300	-2.700	0.600	1.400	-3.300	-4.900	-3.500	-2.900	-4.200	-5.800	-2.800	-3.000	-2.100	-0.600	-3.600	1.100	-1.600
1.700	-0.900	2.100	-6.900	-3.500	-0.800	-6.700	-0.100	0.400	-3.100	-4.800	-6.700	-11.400	-3.000	1.200	-2.400	-4.800	-2.800	-4.200	-2.600	-4.600	1.800	0.000	2.700	2.000	-2.400	-0.900	0.300	-4.000	-0.100	-5.500	-5.600	-1.900	3.700	-1.900	0.900	-3.100	-1.500	-3.400	-5.300	-1.700	-4.400	-0.600	1.700	-2.900	-1.500	-1.900	-2.200	-3.800	-2.800	-5.000	-0.100	-0.600	-4.600	1.100	-6.600
2.700	-1.900	-2.900	-1.900	-9.500	-3.800	-1.700	-8.100	-3.600	-7.100	-2.800	-0.700	1.600	1.000	-2.800	-0.400	-7.800	-7.800	-4.200	0.400	-0.600	7.800	4.000	-3.300	5.000	0.600	2.100	1.300	-6.000	-0.100	0.500	-3.600	-3.900	4.700	-8.900	0.900	-2.100	-9.500	-2.400	-10.300	-6.700	-2.400	-1.600	-5.300	-1.900	1.500	-5.900	-0.200	-3.800	-3.800	-5.000	-4.100	1.400	3.400	-5.900	-3.600
-1.300	-5.900	-1.900	-5.900	-8.500	0.200	-8.700	-2.100	-7.600	0.900	-7.800	-6.700	-4.400	-3.000	0.200	-2.400	-1.800	-0.800	0.800	0.400	-7.600	3.800	-3.000	-2.300	0.000	0.600	0.100	-7.700	-4.000	-2.100	-4.500	-2.600	-2.900	-3.300	-2.900	-0.100	-1.100	-4.500	3.600	-3.300	1.300	-1.400	0.400	-0.300	-2.900	2.500	-2.900	-4.200	-6.800	1.200	-1.000	-4.100	6.400	-2.600	-6.900	-3.600
-2.300	-6.900	-4.900	-5.900	-3.500	-0.800	0.300	-3.100	2.400	-5.100	6.200	0.300	1.600	-5.000	-3.800	1.600	-1.800	-3.800	4.800	-1.600	-3.600	-4.200	-3.000	-0.300	1.000	0.600	-3.900	-2.700	-5.000	-3.100	-3.500	-4.600	1.100	-2.300	0.100	-0.100	-5.100	-0.500	-1.400	-2.300	-8.700	2.600	-4.600	-0.300	-3.900	-0.500	-7.900	-2.200	-9.800	1.200	-4.000	-3.100	0.400	-3.600	-8.900	-1.600
2.700	-3.900	-1.900	-2.900	-2.500	-5.800	-5.700	-6.100	-2.600	0.900	-1.800	-1.700	-2.400	0.000	1.200	-6.400	-6.800	2.200	-0.200	3.400	-2.600	-3.200	3.000	-5.300	-5.000	-4.400	-4.900	2.300	-2.000	0.900	-2.500	-1.600	0.100	0.700	-1.900	-3.100	-3.100	3.500	3.600	-7.300	3.300	-2.400	-2.600	0.700	4.100	1.500	-5.900	2.800	-3.800	-3.800	-4.000	-2.100	-4.600	-9.600	-1.900	-1.600
-0.300	-3.900	-5.900	-0.900	-5.500	-3.800	-2.700	-7.100	-3.600	-5.100	-4.800	-2.700	-5.400	-2.000	-5.800	1.600	0.200	-3.800	-4.200	3.400	-10.600	2.800	6.000	-3.300	2.000	0.600	-0.900	3.300	0.000	-4.100	-8.500	-3.600	2.100	3.700	-2.900	-6.100	-5.100	-1.500	-1.400	-4.300	-1.700	-2.400	-1.600	1.700	-6.900	-1.500	-3.900	-5.200	-5.800	-4.800	-10.000	1.900	-1.600	-8.600	-6.900	2.400
-2.300	-6.900	-3.900	-0.900	-6.500	-8.800	-6.700	-4.100	0.400	-7.100	-2.800	0.300	-4.400	-3.000	-1.800	-2.400	-6.800	-1.800	-1.200	-0.600	-3.600	-2.200	-1.000	-0.300	4.000	-0.400	-4.900	-0.700	1.000	-0.100	-5.500	-0.600	-5.900	2.700	-1.900	-5.100	-2.100	-1.500	-3.400	0.700	-2.700	-7.400	-2.600	0.700	-6.900	-0.500	-6.900	0.800	-1.800	-6.800	-3.000	-5.100	1.400	0.400	-3.900	3.400
-0.300	-3.900	0.100	-1.900	-5.500	-12.800	-9.700	-4.100	8.400	0.900	2.200	-4.700	-2.400	-2.000	-1.800	9.600	-1.800	-1.800	-7.200	-5.600	-7.600	-3.200	3.000	-5.300	9.000	-2.400	-2.900	-5.700	-5.000	0.900	0.500	-3.600	2.100	-0.300	-8.900	-0.100	-0.100	-0.500	4.600	-8.300	-5.700	0.600	-2.600	-0.300	-2.900	-0.500	-1.900	-7.200	-10.800	2.200	-6.000	-2.100	-1.600	0.400	-3.900	0.400
-3.300	-2.900	-0.900	1.100	-6.500	-7.800	-1.700	-2.100	-1.600	-3.100	-9.800	-3.700	-4.400	-2.000	-3.800	-0.400	-0.800	-6.800	-5.200	-3.600	1.400	0.800	0.000	2.700	-1.000	-5.400	0.100	-0.700	-5.000	-6.100	0.500	-4.600	-4.900	0.700	-4.900	5.900	-8.100	-5.500	5.600	-9.300	3.300	0.600	-2.600	-2.300	-5.900	-4.500	-2.900	-7.200	0.200	-3.800	-4.000	-10.100	-2.600	-1.600	-7.900	3.400
-6.300	-2.900	1.100	-6.900	-2.500	-5.800	-1.700	-1.100	-3.600	4.900	-3.800	-3.700	-4.400	-2.000	-4.800	1.600	-0.800	-3.800	-6.200	-5.600	-5.600	1.800	-3.000	-1.300	5.000	-0.400	-2.900	0.300	1.000	-2.100	-5.500	-4.600	-3.900	-0.300	-3.900	-3.100	0.900	-0.500	0.600	-3.300	0.300	-4.400	-1.600	-4.300	-6.900	-0.500	-6.900	-5.200	-3.800	0.200	-2.000	1.900	0.400	-9.600	-5.900	-5.600
1.700	-3.900	-4.900	4.100	-4.500	-5.800	-2.700	-1.100	-1.600	-1.100	-0.800	-3.700	-8.400	2.000	-1.800	-5.400	-4.800	-8.800	0.800	0.400	-1.600	-1.200	2.000	-2.300	-1.000	-2.400	-6.900	-4.700	-2.000	-6.100	-1.500	-7.600	-0.900	-2.300	-2.900	0.900	-5.100	-2.500	2.600	-5.300	-4.700	-5.400	-3.600	-5.300	-0.900	-2.500	-1.900	-2.200	-3.800	-4.800	-1.000	-8.100	1.400	-4.600	-5.900	-1.600
-7.300	0.100	-0.900	-5.900	-4.500	-7.800	-6.700	-4.100	-3.600	-2.100	-2.800	-11.700	-3.400	-4.000	2.200	0.600	-0.800	-0.800	-5.200	-2.600	-5.600	-0.200	0.000	1.700	-3.000	-1.400	-6.900	1.300	2.000	-3.100	-9.500	-6.600	1.100	-1.300	-2.900	1.900	-1.100	-3.500	-2.400	-1.300	1.300	-5.400	-0.600	-3.300	-4.900	-1.500	-3.900	-0.200	-5.800	-0.800	1.000	0.900	0.400	1.400	-2.900	-5.600
-2.300	-5.900	-6.900	5.100	-3.500	-2.800	-1.700	-2.100	-3.600	-7.100	-8.800	-8.700	-0.400	4.000	-3.800	-5.400	-5.800	-3.800	-6.200	-1.600	0.400	0.800	0.000	-0.300	-1.000	-1.400	-7.900	-1.700	-2.000	-4.100	4.500	-2.600	4.100	3.700	0.100	-3.100	-4.100	5.500	-2.400	-0.300	-0.700	-6.400	0.400	-0.300	-3.900	2.500	-1.900	0.800	-7.800	-5.800	0.000	-2.100	-8.600	-6.600	1.100	2.400
-2.300	-6.900	-4.900	-3.900	2.500	-6.800	-7.700	-5.100	1.400	-0.100	-6.800	-3.700	1.600	-6.000	2.200	-4.400	-2.800	-1.800	-2.200	-0.600	-2.600	-2.200	-5.000	-6.300	2.000	-2.400	-2.900	-0.700	-6.000	-5.100	0.500	-4.600	-0.900	3.700	-1.900	-2.100	-1.100	-6.500	-4.400	-1.300	-2.700	0.600	-0.600	-1.300	-2.900	4.500	-2.900	-2.200	-1.800	-1.800	-2.000	-4.100	3.400	-8.600	-1.900	-0.600
-3.300	-1.900	1.100	0.100	-5.500	-1.800	1.300	0.900	-4.600	-3.100	-6.800	-4.700	-7.400	-2.000	3.200	-5.400	-1.800	-2.800	-2.200	2.400	-5.600	1.800	2.000	3.700	3.000	-4.400	1.100	0.300	-7.000	-7.100	3.500	-4.600	-2.900	-0.300	-6.900	4.900	-5.100	0.500	2.600	-9.300	-1.700	2.600	3.400	-10.300	-0.900	-7.500	-2.900	0.800	-5.800	-4.800	-6.000	-2.100	-1.600	-2.600	-7.900	2.400
-8.300	-4.900	-4.900	-2.900	-1.500	-3.800	-0.700	-2.100	-4.600	-0.100	-4.800	-2.700	-1.400	-2.000	-0.800	-4.400	-1.800	-3.800	-7.200	2.400	-7.600	-1.200	5.000	5.700	2.000	1.600	1.100	-5.700	2.000	-0.100	-2.500	-6.600	-3.900	0.700	-6.900	1.900	-0.100	-5.500	0.600	-0.300	-6.700	0.600	1.400	-0.300	-2.900	-0.500	-3.900	0.800	2.200	-0.800	-2.000	-3.100	-5.600	-1.600	-3.900	-5.600
-4.300	1.100	-3.900	-2.900	1.500	-6.800	-3.700	-7.100	-2.600	-4.100	-3.800	-4.700	-2.400	-8.000	-5.800	-2.400	-2.800	-1.800	-0.200	2.400	-8.600	-3.200	4.000	6.700	2.000	1.600	-1.900	1.300	1.000	1.900	-1.500	-0.600	-0.900	-5.300	-0.900	-2.100	-0.100	-0.500	0.600	-3.300	-1.700	1.600	-0.600	-1.300	-2.900	5.500	-5.900	1.800	-5.800	-1.800	-5.000	-2.100	0.400	-0.600	-7.900	-2.600
1.700	-1.900	-2.900	-2.900	-2.500	-0.800	-8.700	-0.100	-9.600	-4.100	-6.800	-5.700	1.600	-4.000	3.200	-2.400	-4.800	0.200	-4.200	-1.600	-3.600	-4.200	5.000	4.700	0.000	4.600	-3.900	7.300	0.000	2.900	7.500	-3.600	-3.900	-2.300	-6.900	-0.100	3.900	-4.500	0.600	-9.300	-0.700	-6.400	-4.600	-5.300	-1.900	-3.500	-4.900	2.800	-5.800	2.200	-4.000	-3.100	-5.600	-6.600	-5.900	4.400
-0.300	-3.900	-7.900	-0.900	-4.500	-7.800	-9.700	-5.100	-6.600	-1.100	-8.800	-1.700	0.600	-3.000	-5.800	0.600	-0.800	-0.800	-1.200	3.400	-0.600	-6.200	2.000	1.700	0.000	1.600	0.100	-2.700	-2.000	-0.100	0.500	-0.600	-1.900	2.700	-2.900	0.900	-2.100	-0.500	-1.400	-5.300	-0.700	-4.400	-5.600	-0.300	-3.900	-1.500	-5.900	-1.200	-3.800	1.200	-5.000	-3.100	-1.600	-0.600	-4.900	2.400
-2.300	-7.900	1.100	6.100	-10.500	-7.800	0.300	-2.100	-9.600	-7.100	-1.800	-6.700	-5.400	-1.000	-1.800	-1.400	0.200	3.200	-0.200	-0.600	-3.600	-1.200	-6.000	0.700	2.000	-6.400	-7.900	-0.700	-3.000	-4.100	-2.500	-3.600	0.100	-1.300	-5.900	0.900	-4.100	3.500	3.600	-9.300	-1.700	0.600	4.400	-6.300	-3.900	-3.500	-0.900	2.800	0.200	-5.800	-1.000	0.900	2.400	-4.600	-4.900	-2.600
1.700	-5.900	0.100	-1.900	-4.500	-5.800	-2.700	-4.100	-5.600	-2.100	-5.800	-4.700	-3.400	-6.000	0.200	0.600	-1.800	-1.800	-5.200	-5.600	-10.600	-4.200	4.000	-4.300	-1.000	0.600	-4.900	-8.700	-4.000	-2.100	2.500	-7.600	0.100	0.700	-5.900	-2.100	-7.100	-7.500	3.600	-2.300	-0.700	-0.400	-4.600	-2.300	-1.900	-1.500	-9.900	0.800	-3.800	-0.800	-6.000	1.900	-3.600	-5.600	-5.900	-2.600
-0.300	-3.900	-2.900	8.100	-10.500	-9.800	-4.700	3.900	-3.600	-3.100	-2.800	-2.700	-5.400	0.000	1.200	2.600	-3.800	-4.800	-1.200	-1.600	-5.600	-5.200	0.000	0.700	-2.000	-5.400	-5.900	-5.700	-2.000	-0.100	-2.500	-2.600	1.100	0.700	3.100	-6.100	-3.100	-4.500	4.600	-4.300	-1.700	-4.400	4.400	-2.300	0.100	-3.500	-4.900	4.800	-7.800	-1.800	-2.000	-1.100	0.400	-5.600	-0.900	3.400
5.700	-0.900	-2.900	5.100	-6.500	1.200	-7.700	-7.100	-5.600	-0.100	-0.800	-2.700	-2.400	-5.000	-8.800	-3.400	-1.800	2.200	-3.200	-4.600	-4.600	-2.200	2.000	-2.300	1.000	1.600	-6.900	0.300	-8.000	-1.100	-3.500	-2.600	2.100	0.700	-7.900	3.900	-6.100	0.500	-0.400	-5.300	-4.700	-4.400	1.400	-2.300	-1.900	-0.500	-3.900	-0.200	-0.800	-0.800	-2.000	-4.100	-2.600	0.400	-5.900	-8.600
-8.300	-5.900	-1.900	0.100	-1.500	2.200	-7.700	2.900	-4.600	-8.100	-1.800	-4.700	-3.400	-7.000	1.200	-2.400	4.200	-4.800	-0.200	2.400	-0.600	-1.200	-1.000	6.700	-3.000	-0.400	-2.900	0.300	-10.000	-2.100	-1.500	-3.600	-2.900	-1.300	-5.900	8.900	-0.100	0.500	0.600	-7.300	-0.700	-5.400	-0.600	0.700	1.100	0.500	-8.900	-1.200	-1.800	-3.800	-2.000	-5.100	4.400	-4.600	-0.900	-0.600
-3.300	-4.900	-0.900	-0.900	-6.500	-1.800	-5.700	-1.100	-2.600	1.900	0.200	1.300	-1.400	-3.000	2.200	-2.400	-2.800	-5.800	-3.200	-2.600	-5.600	0.800	-3.000	-2.300	0.000	0.600	-5.900	-4.700	-1.000	-2.100	-2.500	-10.600	-0.900	0.700	-4.900	-2.100	-2.100	-4.500	-2.400	-2.300	2.300	-2.400	-0.600	-1.300	-0.900	-1.500	-6.900	-2.200	-2.800	-3.800	-6.000	-1.100	3.400	-5.600	2.100	-0.600
-2.300	-0.900	-3.900	-0.900	-7.500	-2.800	-6.700	2.900	0.400	-8.100	-8.800	-7.700	0.600	-3.000	-5.800	-0.400	2.200	-2.800	-1.200	-1.600	-3.600	1.800	-4.000	-0.300	-4.000	-1.400	-3.900	-0.700	-3.000	-4.100	-3.500	-6.600	1.100	-5.300	-3.900	-4.100	0.900	-1.500	2.600	-8.300	-7.700	1.600	0.400	0.700	-0.900	-3.500	-2.900	-2.200	-6.800	1.200	-2.000	0.900	0.400	-5.600	-7.900	0.400
1.700	-0.900	-3.900	7.100	-4.500	-6.800	5.300	-3.100	-2.600	-4.100	-2.800	-2.700	-2.400	-2.000	-3.800	-7.400	0.200	-2.800	-4.200	0.400	-6.600	-3.200	-3.000	-3.300	0.000	-3.400	-6.900	-1.700	-4.000	-0.100	-2.500	0.400	-2.900	0.700	-3.900	-6.100	-6.100	-1.500	3.600	-1.300	1.300	-4.400	-1.600	-2.300	-3.900	-0.500	-3.900	0.800	-0.800	-3.800	-6.000	-1.100	-4.600	-2.600	-4.900	-5.600
-6.300	-1.900	-0.900	-3.900	-4.500	-3.800	-4.700	-3.100	-2.600	-2.100	-5.800	-4.700	-2.400	-7.000	-8.800	-7.400	3.200	-0.800	-3.200	-0.600	-2.600	-3.200	-2.000	1.700	1.000	-2.400	-2.900	-5.700	2.000	-9.100	-3.500	-5.600	-3.900	-4.300	-4.900	-4.100	-7.100	2.500	2.600	-5.300	-1.700	-2.400	-3.600	0.700	-0.900	2.500	-8.900	-8.200	-2.800	-0.800	1.000	-3.100	-5.600	-2.600	-2.900	-0.600
-2.300	-5.900	0.100	-2.900	-2.500	-5.800	-6.700	-3.100	1.400	-3.100	-8.800	-6.700	-3.400	-4.000	-8.800	0.600	1.200	-4.800	-0.200	-1.600	-1.600	-3.200	0.000	-7.300	0.000	2.600	-2.900	-5.700	-3.000	-1.100	-5.500	0.400	-2.900	-3.300	-5.900	1.900	1.900	-3.500	-4.400	-2.300	-9.700	-0.400	-4.600	-1.300	-7.900	-0.500	-7.900	-1.200	-1.800	0.200	0.000	1.900	-5.600	-1.600	-0.900	-5.600
-0.300	-1.900	-4.900	3.100	-7.500	-7.800	0.300	-5.100	-2.600	-5.100	-0.800	-1.700	2.600	-5.000	0.200	-3.400	-3.800	1.200	-5.200	-6.600	-4.600	-4.200	-4.000	-3.300	-4.000	-7.400	-6.900	-4.700	-1.000	-0.100	-3.500	-2.600	-3.900	-1.300	-2.900	-10.100	-4.100	0.500	-5.400	-6.300	1.300	-1.400	-1.600	-1.300	-4.900	3.500	-0.900	-3.200	-6.800	-1.800	-4.000	-6.100	-5.600	-3.600	-0.900	-2.600
-0.300	-3.900	-1.900	-8.900	-4.500	-4.800	-3.700	-1.100	-6.600	-6.100	-4.800	1.300	-0.400	-3.000	-1.800	-1.400	-3.800	-1.800	-1.200	-3.600	-2.600	-3.200	1.000	0.700	-2.000	-0.400	-5.900	-1.700	-5.000	-0.100	-6.500	-4.600	-1.900	3.700	-5.900	1.900	-4.100	-3.500	-2.400	-1.300	-2.700	-3.400	0.400	-2.300	-9.900	-7.500	-5.900	-2.200	-7.800	-5.800	-2.000	-2.100	3.400	-8.600	-2.900	-0.600
-5.300	-2.900	-2.900	3.100	-4.500	-10.800	-2.700	-4.100	-5.600	1.900	-1.800	-4.700	-3.400	-7.000	0.200	-2.400	-3.800	-1.800	1.800	-2.600	-6.600	-9.200	1.000	-6.300	-1.000	-3.400	-3.900	-5.700	-4.000	-1.100	-2.500	-3.600	-3.900	4.700	-1.900	-1.100	-4.100	1.500	-3.400	-6.300	-0.700	-1.400	-8.600	-4.300	0.100	-1.500	-4.900	-0.200	-2.800	-3.800	-2.000	-0.100	2.400	-0.600	-0.900	-0.600
-5.300	-6.900	-6.900	3.100	-3.500	-2.800	-6.700	-2.100	-8.600	-4.100	-3.800	-3.700	-4.400	-1.000	-2.800	0.600	0.200	2.200	-5.200	-1.600	-9.600	-2.200	-2.000	-2.300	5.000	-7.400	-9.900	4.300	-3.000	-2.100	-0.500	-5.600	0.100	-2.300	-5.900	-7.100	-5.100	-7.500	-2.400	-4.300	2.300	-4.400	0.400	3.700	0.100	-0.500	-2.900	-2.200	0.200	0.200	-8.000	-1.100	-3.600	-5.600	-4.900	-1.600
-9.300	-1.900	-3.900	-2.900	2.500	-6.800	-3.700	2.900	-0.600	-0.100	-8.800	-4.700	-7.400	1.000	-3.800	-7.400	-2.800	1.200	-3.200	1.400	-12.600	-0.200	-2.000	0.700	7.000	-3.400	-6.900	-3.700	1.000	-1.100	1.500	-7.600	-6.900	-0.300	-0.900	4.900	6.900	-3.500	-1.400	-4.300	-4.700	0.600	5.400	-0.300	-7.900	0.500	-4.900	2.800	-0.800	-2.800	-2.000	-0.100	-4.600	-3.600	-6.900	-7.600
-0.300	-4.900	-0.900	1.100	-8.500	-6.800	-3.700	-5.100	-1.600	-6.100	-3.800	-4.700	-6.400	-2.000	-2.800	-0.400	4.200	-3.800	-2.200	-2.600	-10.600	6.800	1.000	1.700	2.000	-1.400	-8.900	1.300	-7.000	-2.100	-3.500	-8.600	8.100	-4.300	-3.900	-4.100	-2.100	0.500	-2.400	-2.300	1.300	-3.400	1.400	-3.300	-4.900	2.500	-4.900	2.800	-2.800	-2.800	-8.000	4.900	-0.600	-3.600	1.100	-4.600
-3.300	1.100	-3.900	6.100	-3.500	-10.800	-6.700	0.900	-3.600	-2.100	-3.800	-1.700	-5.400	-3.000	-5.800	-10.400	0.200	-5.800	-4.200	-8.600	-3.600	0.800	6.000	5.700	1.000	-0.400	-7.900	-6.700	-1.000	-0.100	-3.500	-5.600	-4.900	-1.300	-8.900	-4.100	-5.100	-0.500	0.600	0.700	-2.700	-6.400	0.400	2.700	-3.900	-3.500	-2.900	1.800	-1.800	-2.800	-5.000	-4.100	-8.600	-3.600	-6.900	2.400
-5.300	-1.900	-4.900	0.100	2.500	-1.800	-2.700	-0.100	-3.600	-4.100	-0.800	-4.700	-7.400	-4.000	-0.800	0.600	-2.800	-2.800	-9.200	-5.600	-5.600	-2.200	1.000	-6.300	0.000	-1.400	-1.900	-1.700	-3.000	-2.100	0.500	-5.600	0.100	2.700	-5.900	2.900	-2.100	-3.500	-2.400	1.700	3.300	-2.400	-1.600	-1.300	-3.900	-2.500	-0.900	-0.200	-3.800	-6.800	-7.000	0.900	1.400	1.400	-3.900	-1.600
-2.300	-5.900	-2.900	0.100	-2.500	-7.800	-10.700	0.900	-2.600	-0.100	-5.800	-3.700	-1.400	-1.000	-2.800	-5.400	0.200	-3.800	-2.200	1.400	-6.600	-1.200	-2.000	-0.300	-2.000	-3.400	-9.900	-5.700	-8.000	-1.100	-5.500	-3.600	-1.900	-2.300	-1.900	0.900	-5.100	-1.500	-1.400	-2.300	-0.700	-7.400	-0.600	-2.300	-2.900	-1.500	-3.900	-6.200	-1.800	-2.800	-2.000	-3.100	-1.600	-6.600	-5.900	-0.600
2.700	-2.900	-0.900	-7.900	2.500	-6.800	-10.700	1.900	-1.600	-1.100	2.200	-2.700	-0.400	-4.000	-4.800	-3.400	-3.800	0.200	-1.200	-0.600	-8.600	2.800	-1.000	-1.300	-4.000	-1.400	-3.900	1.300	-8.000	1.900	-1.500	0.400	-2.900	-1.300	-3.900	-1.100	-1.100	1.500	-5.400	-8.300	-4.700	-3.400	-0.600	-0.300	-6.900	-1.500	-4.900	-2.200	-0.800	-5.800	-2.000	-4.100	-5.600	-6.600	-2.900	-0.600
-8.300	0.100	1.100	5.100	-7.500	-4.800	0.300	-0.100	-4.600	-3.100	-1.800	0.300	-8.400	5.000	0.200	-2.400	-0.800	-1.800	3.800	-2.600	-12.600	0.800	-5.000	-2.300	-1.000	-2.400	2.100	3.300	-3.000	-0.100	-3.500	-9.600	0.100	5.700	-5.900	0.900	-5.100	3.500	2.600	-0.300	-8.700	4.600	-0.600	-0.300	-7.900	1.500	-2.900	-1.200	-3.800	-2.800	-3.000	-2.100	-3.600	-2.600	-7.900	-0.600
-0.300	-2.900	1.100	-2.900	-6.500	-5.800	-3.700	-0.100	2.400	-1.100	-5.800	-4.700	0.600	-7.000	-2.800	-6.400	-1.800	-7.800	-2.200	1.400	-1.600	3.800	-3.000	-1.300	-1.000	-8.400	-7.900	-0.700	-4.000	-0.100	1.500	-5.600	-0.900	-0.300	-6.900	1.900	-5.100	0.500	4.600	-3.300	-2.700	-1.400	-4.600	-3.300	-3.900	-5.500	1.100	3.800	-8.800	-4.800	-7.000	-2.100	7.400	-9.600	-4.900	2.400
-1.300	-1.900	0.100	1.100	-5.500	-1.800	0.300	-7.100	-3.600	1.900	-1.800	-0.700	-4.400	-3.000	-2.800	-7.400	-1.800	2.200	-2.200	-3.600	-7.600	0.800	0.000	2.700	2.000	2.600	-4.900	-0.700	-1.000	-4.100	-3.500	-5.600	-1.900	0.700	-1.900	-0.100	-5.100	-6.500	-7.400	-0.300	-2.700	-3.400	2.400	-2.300	1.100	1.500	-6.900	-2.200	-6.800	-3.800	-4.000	-6.100	-3.600	-3.600	5.100	2.400
3.700	-3.900	5.100	-4.900	-1.500	1.200	-3.700	-4.100	-3.600	-1.100	5.200	-1.700	3.600	-2.000	-1.800	-5.400	-7.800	-4.800	-1.200	-2.600	-1.600	0.800	-1.000	-4.300	9.000	-2.400	-3.900	1.300	-1.000	-3.100	0.500	-3.600	-1.900	2.700	-4.900	-0.100	-4.100	-2.500	-3.400	-7.300	-4.700	-2.400	-0.600	0.700	-4.900	-0.500	-4.900	-1.200	-3.800	0.200	-4.000	-5.100	-2.600	1.400	-4.900	1.400
-2.300	-3.900	-7.900	5.100	2.500	-7.800	1.300	-7.100	-4.600	-5.100	-5.800	-5.700	-2.400	-5.000	8.200	-3.400	-0.800	-2.800	-4.200	-3.600	0.400	-1.200	-5.000	2.700	-3.000	1.600	-2.900	-2.700	-3.000	-0.100	-1.500	-6.600	-4.900	-4.300	-9.900	3.900	2.900	0.500	-3.400	-10.300	-0.700	-2.400	1.400	-6.300	-3.900	1.500	-4.900	4.800	-3.800	1.200	-4.000	-3.100	-2.600	-1.600	-4.900	-4.600
-0.300	-4.900	-0.900	-2.900	1.500	-1.800	-4.700	0.900	-5.600	-8.100	-8.800	-3.700	1.600	-4.000	-1.800	-1.400	-1.800	0.200	-2.200	-5.600	-6.600	-0.200	-3.000	-3.300	0.000	-3.400	-1.900	-5.700	-1.000	-4.100	-2.500	1.400	-6.900	-1.300	-3.900	-4.100	-5.100	3.500	1.600	-3.300	-0.700	-1.400	-2.600	-0.300	-7.900	-3.500	-4.900	-3.200	0.200	-1.800	2.000	-4.100	-1.600	-6.600	-5.900	-0.600
-1.300	-4.900	-0.900	3.100	0.500	1.200	-8.700	-1.100	-1.600	-4.100	-0.800	-6.700	-1.400	0.000	5.200	-0.400	-4.800	-2.800	-6.200	4.400	-8.600	-3.200	-6.000	0.700	5.000	-6.400	-2.900	-4.700	-5.000	3.900	-1.500	-9.600	6.100	0.700	-5.900	3.900	-5.100	-1.500	-2.400	-3.300	3.300	-12.400	3.400	-4.300	-1.900	3.500	-5.900	-2.200	-2.800	-0.800	-4.000	-2.100	0.400	0.400	-3.900	-3.600
-2.300	1.100	2.100	-2.900	-11.500	-7.800	-6.700	-1.100	-0.600	-13.100	-3.800	-4.700	-3.400	-5.000	2.200	-8.400	-4.800	-5.800	3.800	-3.600	-8.600	2.800	0.000	-4.300	-3.000	2.600	-5.900	-1.700	-2.000	-0.100	-6.500	-1.600	-4.900	-0.300	-5.900	-4.100	-5.100	1.500	-3.400	-1.300	0.300	-1.400	-1.600	0.700	-8.900	-0.500	2.100	1.800	-9.800	-4.800	-2.000	-4.100	-4.600	-0.600	-0.900	-2.600
2.700	-2.900	-3.900	0.100	0.500	-1.800	-1.700	0.900	1.400	-4.100	-5.800	-3.700	0.600	-2.000	-3.800	-0.400	2.200	4.200	-0.200	1.400	-4.600	-2.200	-1.000	-0.300	4.000	-0.400	-3.900	-1.700	-5.000	-5.100	2.500	-3.600	0.100	-1.300	0.100	0.900	-3.100	-0.500	-5.400	-2.300	-3.700	-8.400	-5.600	-1.300	-0.900	0.500	-2.900	-0.200	-1.800	-2.800	-4.000	-1.100	0.400	-1.600	-2.900	-7.600
-0.300	-1.900	-0.900	-3.900	-3.500	-3.800	-5.700	-4.100	-1.600	-2.100	-2.800	-5.700	-6.400	-3.000	-2.800	-0.400	-5.800	-2.800	-4.200	0.400	-3.600	2.800	5.000	0.700	1.000	3.600	-6.900	-0.700	-3.000	-4.100	-7.500	-5.600	3.100	-3.300	-5.900	-0.100	-4.100	1.500	0.600	-3.300	-4.700	-6.400	-3.600	-4.300	-2.900	-7.500	-1.900	-0.200	-11.800	-5.800	0.000	-0.100	-4.600	-8.600	-6.900	-0.600
-4.300	-0.900	-2.900	-0.900	-2.500	0.200	-9.700	-7.100	-5.600	-9.100	0.200	-2.700	-0.400	-1.000	-2.800	2.600	0.200	3.200	-2.200	-3.600	-5.600	-2.200	0.000	-4.300	-3.000	-3.400	0.100	-5.700	2.000	-3.100	0.500	-3.600	0.100	2.700	-9.900	-2.100	0.900	-5.500	-4.400	0.700	-2.700	-6.400	-2.600	1.700	-2.900	-6.500	-0.900	-1.200	1.200	0.200	-5.000	-1.100	-3.600	-1.600	-0.900	4.400
-5.300	-10.900	-7.900	-0.900	2.500	-5.800	-7.700	-8.100	-3.600	-1.100	0.200	-5.700	-8.400	-3.000	2.200	-2.400	0.200	-0.800	-5.200	-7.600	-12.600	-5.200	2.000	-3.300	-5.000	-4.400	-8.900	-5.700	-1.000	-1.100	-0.500	-3.600	5.100	-0.300	-6.900	-5.100	-2.100	-5.500	6.600	-3.300	-4.700	-0.400	-5.600	-0.300	-2.900	-6.500	-0.900	-3.200	-2.800	-2.800	-4.000	-3.100	0.400	-0.600	-6.900	-4.600
1.700	-3.900	-2.900	-6.900	-3.500	-3.800	2.300	1.900	-7.600	-0.100	-7.800	-0.700	-8.400	1.000	-6.800	-1.400	-1.800	-3.800	0.800	-2.600	-1.600	0.800	-2.000	-0.300	2.000	-1.400	-1.900	-2.700	1.000	-3.100	-1.500	-1.600	-6.900	3.700	-3.900	-2.100	-5.100	-2.500	4.600	-1.300	-0.700	-2.400	-7.600	-5.300	-5.900	-10.500	0.100	-2.200	-3.800	-5.800	-4.000	-0.100	-2.600	-8.600	-0.900	4.400
6.700	-0.900	-0.900	3.100	-4.500	-8.800	-2.700	-7.100	5.400	-8.100	-0.800	-4.700	-7.400	6.000	-3.800	-0.400	-1.800	-2.800	-5.200	-2.600	-2.600	-4.200	-3.000	-1.300	-3.000	-4.400	-0.900	-3.700	-3.000	-1.100	-7.500	-8.600	2.100	-0.300	-9.900	-1.100	-3.100	-7.500	-4.400	-1.300	-7.700	-0.400	-3.600	-0.300	1.100	-5.500	-7.900	-4.200	0.200	-1.800	-2.000	-4.100	0.400	-7.600	-4.900	0.400
2.700	-1.900	1.100	-4.900	1.500	-9.800	-0.700	-3.100	-4.600	-3.100	1.200	-1.700	-2.400	-2.000	1.200	0.600	-5.800	-1.800	-2.200	1.400	-8.600	-2.200	-3.000	-3.300	2.000	-3.400	-6.900	-7.700	-4.000	-4.100	0.500	-0.600	1.100	-0.300	-4.900	-5.100	-7.100	-3.500	-2.400	-3.300	-0.700	-9.400	-6.600	-3.300	-7.900	-3.500	-4.900	-3.200	-4.800	-5.800	-1.000	-0.100	0.400	-2.600	-6.900	-3.600
0.700	-4.900	-3.900	-4.900	-7.500	-1.800	1.300	-0.100	1.400	-3.100	-4.800	-4.700	-3.400	-4.000	-2.800	-3.400	1.200	1.200	6.800	-6.600	-10.600	2.800	-3.000	-3.300	0.000	-1.400	-0.900	-1.700	1.000	-8.100	-3.500	-5.600	-1.900	0.700	-0.900	-0.100	-7.100	2.500	6.600	-5.300	-0.700	3.600	-2.600	-1.300	-1.900	-3.500	0.100	-5.200	-6.800	0.200	-3.000	-1.100	-4.600	-7.600	1.100	-1.600
-2.300	-5.900	1.100	2.100	-5.500	-6.800	-4.700	-5.100	-3.600	-5.100	1.200	-4.700	-2.400	-2.000	-4.800	-2.400	-1.800	-3.800	-3.200	-5.600	-5.600	3.800	1.000	-4.300	-6.000	1.600	-3.900	-1.700	-2.000	-5.100	-1.500	-7.600	-1.900	4.700	-2.900	-0.100	-6.100	2.500	1.600	-5.300	-5.700	-6.400	-3.600	-3.300	-7.900	-0.500	-5.900	-2.200	-3.800	-0.800	4.000	-5.100	1.400	-5.600	-3.900	0.400
-2.300	-5.900	-3.900	-0.900	-3.500	-3.800	-4.700	-5.100	-3.600	-0.100	-3.800	-3.700	-3.400	4.000	-3.800	-5.400	-3.800	-0.800	-4.200	2.400	-6.600	-3.200	-1.000	1.700	-2.000	-5.400	-5.900	-2.700	-6.000	-0.100	-2.500	-5.600	-7.900	2.700	-2.900	-3.100	-4.100	-1.500	-1.400	-5.300	-0.700	-0.400	0.400	-3.300	-3.900	0.500	-9.900	-7.200	-4.800	0.200	1.000	-3.100	-1.600	0.400	-3.900	0.400
1.700	-2.900	-8.900	0.100	1.500	-1.800	0.300	-7.100	-5.600	-11.100	-0.800	-6.700	-6.400	1.000	-5.800	3.600	-5.800	-6.800	-1.200	-0.600	1.400	-2.200	2.000	-0.300	0.000	-3.400	-0.900	-5.700	-1.000	-0.100	0.500	3.400	0.100	4.700	-6.900	0.900	-1.100	-6.500	-3.400	-1.300	0.300	-3.400	0.400	-3.300	-0.900	0.500	-3.900	-1.200	-5.800	-4.800	-3.000	1.900	1.400	-7.600	-6.900	1.400
-0.300	-0.900	0.100	0.100	-2.500	-7.800	-9.700	-2.100	-4.600	-2.100	-5.800	-7.700	-7.400	-3.000	-2.800	0.600	-3.800	-0.800	1.800	4.400	-6.600	-5.200	-4.000	-0.300	1.000	-4.400	-1.900	-2.700	0.000	-1.100	0.500	-4.600	-6.900	-0.300	-8.900	-0.100	-5.100	0.500	0.600	-3.300	2.300	-4.400	0.400	2.700	-0.900	1.500	-5.900	1.800	-5.800	-6.800	-1.000	-4.100	4.400	-2.600	-3.900	5.400
1.700	1.100	-2.900	2.100	-3.500	2.200	0.300	-3.100	4.400	-0.100	-3.800	-6.700	-8.400	-6.000	-0.800	3.600	-1.800	1.200	-1.200	-0.600	-1.600	1.800	3.000	0.700	5.000	-3.400	-8.900	-2.700	-4.000	0.900	4.500	-2.600	1.100	1.700	-3.900	-9.100	-5.100	0.500	0.600	-6.300	-6.700	-2.400	2.400	-4.300	-3.900	1.500	-2.900	-3.200	-5.800	-4.800	-3.000	-4.100	1.400	-4.600	-4.900	3.400
-2.300	-1.900	3.100	-2.900	0.500	-4.800	-7.700	-2.100	-4.600	3.900	-2.800	1.300	-7.400	-4.000	-1.800	-1.400	0.200	-6.800	-3.200	-0.600	-3.600	-5.200	3.000	-7.300	1.000	1.600	-4.900	-10.700	-1.000	-0.100	1.500	-5.600	-1.900	-5.300	-0.900	-4.100	-3.100	-1.500	-3.400	-4.300	2.300	-3.400	0.400	2.700	-7.900	-0.500	-3.900	0.800	-6.800	-3.800	-8.000	-9.100	-1.600	-7.600	-1.900	-0.600
-1.300	-4.900	4.100	1.100	-2.500	-6.800	-7.700	-1.100	-2.600	0.900	-3.800	1.300	-5.400	-2.000	-0.800	-2.400	-1.800	0.200	-0.200	-1.600	-5.600	2.800	2.000	0.700	2.000	-2.400	-5.900	-8.700	-6.000	-3.100	0.500	-2.600	1.100	1.700	1.100	0.900	-4.100	-0.500	4.600	-10.300	-2.700	-2.400	-5.600	-3.300	-4.900	0.500	-9.900	-2.200	-7.800	-1.800	-7.000	1.900	-0.600	1.400	-4.900	-3.600
5.700	-2.900	-7.900	-1.900	-1.500	-2.800	-4.700	-2.100	-5.600	3.900	-4.800	-2.700	-4.400	-1.000	2.200	-1.400	3.200	2.200	1.800	-4.600	-5.600	0.800	0.000	-1.300	4.000	-7.400	-2.900	-5.700	2.000	-1.100	-0.500	-5.600	0.100	2.700	-4.900	0.900	-3.100	4.500	-2.400	-3.300	-7.700	-4.400	-3.600	2.700	-3.900	-0.500	0.100	-4.200	-3.800	4.200	-1.000	0.900	-1.600	-4.600	-5.900	-2.600
-3.300	-7.900	5.100	0.100	0.500	-4.800	-8.700	-3.100	-7.600	-0.100	-4.800	-3.700	-4.400	1.000	-5.800	-1.400	-7.800	0.200	-4.200	4.400	-1.600	-3.200	-2.000	-1.300	-3.000	-8.400	-5.900	-1.700	-4.000	-4.100	-2.500	-4.600	-1.900	1.700	-1.900	1.900	-7.100	0.500	2.600	-4.300	2.300	-3.400	-0.600	-3.300	-5.900	2.500	-4.900	2.800	-3.800	-5.800	-5.000	-2.100	-4.600	1.400	-7.900	-3.600
-3.300	-1.900	0.100	-1.900	-1.500	-1.800	-1.700	-2.100	-9.600	-1.100	-5.800	-4.700	-3.400	2.000	-1.800	0.600	-2.800	-0.800	1.800	-0.600	-5.600	-1.200	4.000	-4.300	-3.000	-0.400	-3.900	-2.700	-1.000	-1.100	-5.500	-6.600	1.100	-6.300	-0.900	0.900	-4.100	-5.500	-0.400	-6.300	3.300	-0.400	-4.600	-1.300	-0.900	-4.500	-3.900	-3.200	-1.800	-2.800	-6.000	-3.100	3.400	-0.600	-1.900	-1.600
0.700	-5.900	-0.900	-1.900	-3.500	-6.800	-5.700	-5.100	-6.600	2.900	-1.800	-1.700	-4.400	-3.000	-3.800	-0.400	1.200	-3.800	2.800	-3.600	-4.600	1.800	-1.000	-4.300	-2.000	-0.400	0.100	3.300	-3.000	-0.100	-5.500	-4.600	-3.900	-1.300	-3.900	-0.100	-4.100	-0.500	-6.400	-3.300	-5.700	-3.400	-3.600	-0.300	-1.900	-1.500	-4.900	0.800	0.200	-2.800	-2.000	-5.100	-0.600	-9.600	-3.900	-0.600
2.700	-3.900	-1.900	-1.900	-3.500	-4.800	-3.700	0.900	-0.600	-5.100	-2.800	-1.700	-2.400	-4.000	-1.800	4.600	-1.800	-1.800	2.800	2.400	-5.600	1.800	-3.000	-5.300	0.000	5.600	-2.900	-7.700	-3.000	-5.100	-2.500	-2.600	-5.900	0.700	-0.900	-1.100	-0.100	-3.500	2.600	-0.300	0.300	-2.400	-2.600	1.700	-1.900	3.500	-6.900	-0.200	2.200	0.200	-5.000	5.900	-1.600	-1.600	-4.900	3.400
-4.300	-1.900	-3.900	0.100	-3.500	-9.800	-2.700	-3.100	-1.600	-5.100	-0.800	2.300	-4.400	0.000	3.200	1.600	1.200	-2.800	-2.200	1.400	-5.600	-3.200	-6.000	-6.300	3.000	1.600	-4.900	-2.700	-3.000	1.900	1.500	-1.600	-2.900	4.700	0.100	-3.100	-3.100	-3.500	0.600	-8.300	-1.700	2.600	-3.600	-3.300	-0.900	-1.500	-2.900	-2.200	-7.800	-1.800	-5.000	-2.100	2.400	-1.600	0.100	-0.600
1.700	-4.900	-0.900	-7.900	-1.500	-4.800	-6.700	-6.100	-4.600	-5.100	-4.800	4.300	-8.400	-3.000	2.200	2.600	-3.800	-5.800	1.800	-2.600	-6.600	-0.200	1.000	-4.300	2.000	-2.400	1.100	-0.700	-3.000	1.900	-2.500	-5.600	-4.900	2.700	-3.900	-1.100	0.900	1.500	3.600	-0.300	-0.700	-7.400	1.400	-0.300	-6.900	5.500	-2.900	-1.200	-4.800	-1.800	0.000	-5.100	-3.600	-2.600	-3.900	-4.600
-3.300	-3.900	-1.900	-0.900	-2.500	-2.800	-8.700	-0.100	-5.600	-6.100	1.200	-1.700	-0.400	-5.000	1.200	3.600	0.200	0.200	3.800	-1.600	-5.600	-4.200	-5.000	-4.300	-1.000	0.600	-2.900	-4.700	-2.000	-4.100	-0.500	-5.600	1.100	2.700	1.100	-6.100	-0.100	2.500	0.600	-3.300	-3.700	-2.400	-4.600	-3.300	-3.900	-3.500	1.100	-0.200	-4.800	-4.800	0.000	1.900	-1.600	-3.600	-3.900	-0.600
-9.300	-5.900	-1.900	-0.900	2.500	-2.800	1.300	-3.100	-4.600	-5.100	0.200	0.300	-2.400	0.000	0.200	3.600	-3.800	-1.800	-3.200	2.400	-6.600	-3.200	4.000	-0.300	-2.000	2.600	-2.900	-2.700	1.000	-2.100	-6.500	-3.600	-0.900	0.700	-3.900	0.900	-7.100	-3.500	0.600	1.700	-4.700	-5.400	-10.600	-4.300	-3.900	-11.500	-5.900	-2.200	-5.800	-3.800	-5.000	-5.100	-4.600	-3.600	0.100	-2.600
0.700	3.100	-6.900	-5.900	0.500	-4.800	-2.700	1.900	-7.600	-4.100	-0.800	-2.700	-4.400	-4.000	1.200	-1.400	-1.800	-3.800	2.800	-6.600	-4.600	-3.200	-1.000	-4.300	-1.000	1.600	-7.900	4.300	-2.000	0.900	-5.500	-3.600	1.100	-0.300	-0.900	-4.100	-4.100	-2.500	-1.400	-5.300	-2.700	-4.400	-2.600	-4.300	-1.900	-0.500	-0.900	-4.200	-6.800	-3.800	-3.000	9.900	-5.600	3.400	-5.900	-3.600
-0.300	-0.900	-2.900	-2.900	-5.500	2.200	-4.700	-5.100	-3.600	-2.100	-7.800	-4.700	-8.400	-1.000	-0.800	0.600	-1.800	-0.800	1.800	-3.600	-7.600	-6.200	2.000	-3.300	-2.000	3.600	0.100	-11.700	-3.000	-7.100	-4.500	-2.600	-0.900	-2.300	-6.900	1.900	-0.100	1.500	-1.400	-5.300	2.300	-1.400	-9.600	-3.300	-4.900	-0.500	-4.900	-1.200	-0.800	-3.800	-1.000	-2.100	-5.600	-6.600	-5.900	-4.600
-5.300	-0.900	0.100	1.100	-1.500	-0.800	-3.700	6.900	-2.600	2.900	-1.800	-1.700	-9.400	-3.000	2.200	1.600	-1.800	-5.800	0.800	4.400	-1.600	-1.200	1.000	-5.300	1.000	-5.400	-6.900	-2.700	-3.000	-0.100	-3.500	-4.600	-6.900	-0.300	1.100	-3.100	-4.100	-3.500	1.600	-4.300	-4.700	-0.400	0.400	2.700	-5.900	-2.500	-6.900	1.800	-6.800	2.200	-1.000	-3.100	3.400	-2.600	-8.900	-2.600
-3.300	-7.900	2.100	-4.900	-3.500	-4.800	-2.700	-5.100	0.400	-7.100	-1.800	-0.700	-4.400	-2.000	-2.800	-4.400	-2.800	5.200	-2.200	1.400	-6.600	1.800	2.000	-4.300	-5.000	-3.400	-4.900	-5.700	5.000	-7.100	-3.500	-8.600	-7.900	1.700	-8.900	-2.100	0.900	2.500	-2.400	-3.300	-6.700	-6.400	0.400	-1.300	-0.900	-5.500	-1.900	2.800	-8.800	-7.800	0.000	-1.100	-1.600	-6.600	-5.900	-3.600
0.700	-1.900	6.100	-2.900	0.500	-3.800	-7.700	-0.100	3.400	0.900	-3.800	-2.700	-4.400	-7.000	-1.800	-5.400	-2.800	-2.800	3.800	-5.600	-2.600	2.800	-6.000	-1.300	-1.000	-4.400	-2.900	-5.700	-2.000	-6.100	3.500	-3.600	-1.900	4.700	-4.900	-3.100	-4.100	-1.500	2.600	-3.300	0.300	-4.400	-2.600	-4.300	-1.900	0.500	-3.900	1.800	-1.800	-2.800	-7.000	2.900	5.400	4.400	0.100	-0.600
-4.300	-3.900	-0.900	-2.900	0.500	-6.800	-4.700	-0.100	-2.600	2.900	-6.800	-5.700	0.600	-1.000	-4.800	-1.400	1.200	-0.800	1.800	-1.600	-1.600	-7.200	0.000	-8.300	-5.000	4.600	-7.900	-0.700	-4.000	-2.100	-7.500	0.400	-0.900	-1.300	-3.900	-5.100	-8.100	-1.500	4.600	2.700	-4.700	-3.400	-0.600	0.700	-4.900	-4.500	1.100	-2.200	-8.800	-1.800	1.000	-3.100	-1.600	-0.600	-10.900	-5.600
-5.300	-2.900	1.100	-5.900	0.500	-6.800	-7.700	1.900	-1.600	-6.100	2.200	-6.700	-0.400	1.000	-4.800	3.600	5.200	-2.800	1.800	-0.600	-6.600	-1.200	-7.000	-4.300	-5.000	-4.400	-8.900	-6.700	-7.000	-1.100	4.500	0.400	-5.900	-1.300	-0.900	-1.100	-9.100	-2.500	-3.400	-2.300	-0.700	-1.400	-4.600	-3.300	-1.900	-0.500	-3.900	6.800	-1.800	-5.800	-8.000	1.900	-4.600	-6.600	-2.900	5.400
0.700	-0.900	0.100	0.100	-0.500	-3.800	-6.700	-2.100	0.400	0.900	-2.800	-7.700	-6.400	-1.000	-2.800	1.600	5.200	-8.800	-2.200	0.400	-8.600	-2.200	-5.000	-5.300	0.000	2.600	-3.900	4.300	-9.000	-2.100	-4.500	-12.600	-4.900	-6.300	-3.900	-0.100	-4.100	1.500	1.600	-3.300	-2.700	-6.400	0.400	-5.300	0.100	-4.500	-2.900	-5.200	-5.800	-0.800	-2.000	-2.100	-1.600	-1.600	-6.900	-1.600
-2.300	1.100	-2.900	3.100	-5.500	-7.800	-2.700	-3.100	0.400	-2.100	0.200	-1.700	-1.400	-1.000	-7.800	-3.400	-3.800	-4.800	0.800	-1.600	-1.600	-5.200	-3.000	-1.300	-2.000	-0.400	0.100	-0.700	-4.000	-5.100	-7.500	-2.600	-0.900	-1.300	-0.900	-0.100	-4.100	0.500	2.600	-0.300	-5.700	-3.400	2.400	-0.300	1.100	-3.500	-6.900	1.800	-3.800	-0.800	-8.000	-4.100	-5.600	-2.600	-7.900	-8.600
-6.300	-0.900	-1.900	-3.900	0.500	-3.800	-7.700	-8.100	-2.600	-7.100	-6.800	-2.700	-2.400	1.000	2.200	0.600	-2.800	-6.800	-2.200	0.400	-2.600	-3.200	0.000	-0.300	4.000	-3.400	-2.900	3.300	-3.000	-1.100	-3.500	-4.600	-6.900	-2.300	-2.900	-2.100	-3.100	0.500	0.600	-4.300	2.300	-2.400	-1.600	-10.300	-5.900	-1.500	0.100	1.800	-3.800	-1.800	-1.000	-1.100	-1.600	1.400	-2.900	-2.600
-0.300	-5.900	3.100	1.100	-5.500	-8.800	-8.700	-2.100	-4.600	-5.100	-10.800	-4.700	-6.400	-1.000	-0.800	-5.400	-2.800	-8.800	0.800	-0.600	-2.600	-1.200	1.000	3.700	-3.000	-5.400	-1.900	-0.700	-7.000	0.900	-4.500	-5.600	1.100	-5.300	0.100	-5.100	-10.100	-5.500	2.600	-1.300	-1.700	-2.400	2.400	-3.300	0.100	-6.500	-2.900	-1.200	-4.800	-6.800	-4.000	-2.100	-2.600	3.400	-4.900	-0.600
3.700	-3.900	0.100	-4.900	-4.500	-7.800	-6.700	-1.100	-1.600	-1.100	0.200	-2.700	-8.400	-2.000	-5.800	0.600	-4.800	-3.800	-2.200	-8.600	-2.600	0.800	1.000	-1.300	2.000	-2.400	-7.900	-0.700	-1.000	-1.100	2.500	-3.600	0.100	3.700	-4.900	-0.100	-1.100	-4.500	3.600	-6.300	3.300	-1.400	3.400	4.700	-0.900	1.500	-4.900	4.800	-5.800	-6.800	-2.000	-0.100	1.400	-5.600	-4.900	-1.600
-1.300	-8.900	0.100	-3.900	-7.500	-4.800	-1.700	3.900	1.400	-3.100	-3.800	0.300	-0.400	0.000	-4.800	0.600	-0.800	-0.800	-7.200	-3.600	-3.600	5.800	-1.000	-3.300	0.000	2.600	-6.900	-6.700	0.000	-1.100	-3.500	-3.600	-6.900	0.700	1.100	-2.100	-1.100	-3.500	4.600	-3.300	-3.700	3.600	0.400	-1.300	6.100	-1.500	1.100	0.800	-5.800	1.200	-4.000	-1.100	-5.600	-4.600	1.100	-2.600
-1.300	-6.900	-4.900	-3.900	-4.500	-4.800	-8.700	-2.100	-3.600	-4.100	3.200	-1.700	-7.400	-4.000	-1.800	-4.400	-4.800	-0.800	-7.200	1.400	-5.600	7.800	-3.000	-2.300	-4.000	-2.400	-6.900	-2.700	-3.000	-1.100	-0.500	-3.600	-4.900	-1.300	-3.900	-0.100	0.900	-1.500	4.600	-2.300	2.300	-1.400	7.400	-2.300	-0.900	-4.500	-3.900	-0.200	-1.800	-7.800	-5.000	-2.100	-1.600	-2.600	-1.900	2.400
-2.300	-2.900	-1.900	-4.900	-5.500	2.200	-12.700	-8.100	-0.600	-3.100	-2.800	-3.700	-3.400	-3.000	0.200	-5.400	-3.800	-6.800	-1.200	1.400	-4.600	-2.200	-2.000	2.700	4.000	-2.400	-9.900	-3.700	-1.000	-3.100	0.500	-7.600	1.100	0.700	-3.900	-2.100	-3.100	-2.500	1.600	-5.300	-4.700	-4.400	-1.600	-1.300	-2.900	1.500	0.100	0.800	-9.800	2.200	-4.000	-3.100	-7.600	0.400	-3.900	-3.600
-5.300	-4.900	1.100	-1.900	-7.500	-0.800	-4.700	-2.100	-7.600	-4.100	-3.800	0.300	0.600	-7.000	-1.800	-1.400	2.200	-7.800	3.800	0.400	-2.600	-2.200	-3.000	0.700	-2.000	-4.400	-6.900	-3.700	-7.000	-3.100	-7.500	-2.600	3.100	0.700	0.100	-2.100	-8.100	-5.500	-3.400	-3.300	4.300	-5.400	-1.600	-0.300	-9.900	-4.500	-4.900	-4.200	-6.800	-3.800	1.000	-3.100	-3.600	-1.600	-2.900	-0.600
3.700	-1.900	-2.900	-5.900	-2.500	-0.800	-9.700	2.900	-4.600	-2.100	-4.800	-2.700	-7.400	-2.000	-2.800	3.600	-2.800	-1.800	-3.200	1.400	-1.600	0.800	-5.000	-3.300	-1.000	1.600	-3.900	-3.700	-5.000	-4.100	-4.500	-2.600	-5.900	-1.300	-3.900	-1.100	-2.100	0.500	-4.400	-6.300	-3.700	-2.400	-1.600	-0.300	-6.900	1.500	-0.900	-1.200	-7.800	-2.800	-3.000	-8.100	-1.600	2.400	0.100	-6.600
1.700	-0.900	-4.900	-2.900	-4.500	1.200	3.300	-0.100	-5.600	-4.100	-6.800	-1.700	-4.400	-7.000	-5.800	-0.400	-1.800	2.200	-1.200	-2.600	-6.600	-2.200	0.000	-0.300	-1.000	-3.400	-6.900	-2.700	0.000	-2.100	-8.500	-3.600	-8.900	1.700	-1.900	-4.100	-4.100	0.500	4.600	-1.300	-2.700	-1.400	-1.600	1.700	-0.900	-6.500	-4.900	2.800	-0.800	3.200	4.000	-2.100	-0.600	-6.600	2.100	-8.600
-2.300	-4.900	-3.900	-5.900	-5.500	-5.800	-0.700	3.900	0.400	-7.100	-1.800	-3.700	-3.400	-1.000	-5.800	-2.400	-2.800	0.200	-3.200	-3.600	-3.600	-2.200	-7.000	-3.300	-4.000	1.600	0.100	2.300	1.000	-1.100	-6.500	-7.600	-2.900	-3.300	-2.900	0.900	-4.100	-4.500	0.600	-7.300	-5.700	-1.400	-4.600	-1.300	-3.900	1.500	-1.900	-0.200	-10.800	-9.800	-8.000	-9.100	-2.600	-5.600	-9.900	-0.600
0.700	3.100	-7.900	1.100	-5.500	0.200	-3.700	-3.100	-2.600	-4.100	-2.800	-8.700	-7.400	-6.000	0.200	-0.400	-1.800	-1.800	-1.200	3.400	-9.600	-4.200	-3.000	-5.300	5.000	5.600	-8.900	-9.700	-4.000	-1.100	-1.500	-3.600	1.100	1.700	-3.900	0.900	0.900	0.500	1.600	-4.300	-5.700	0.600	2.400	3.700	-9.900	3.500	-3.900	-8.200	-0.800	-7.800	-1.000	-1.100	-3.600	-4.600	-4.900	-4.600
-1.300	-11.900	-5.900	-1.900	-7.500	-0.800	-9.700	-11.100	-2.600	-4.100	-1.800	-4.700	4.600	-4.000	-6.800	3.600	-0.800	5.200	0.800	1.400	-9.600	-5.200	-3.000	-8.300	5.000	1.600	-9.900	1.300	-5.000	-4.100	-2.500	-5.600	-1.900	0.700	-3.900	1.900	-7.100	5.500	-7.400	-2.300	-0.700	-4.400	2.400	-3.300	0.100	1.500	-5.900	-3.200	-7.800	-6.800	-5.000	-3.100	3.400	3.400	-6.900	2.400
-2.300	-6.900	0.100	-0.900	-8.500	-6.800	-7.700	-2.100	-0.600	-8.100	2.200	-6.700	-5.400	-1.000	-2.800	-0.400	-3.800	-4.800	-1.200	-4.600	-6.600	-4.200	0.000	-4.300	-3.000	1.600	-5.900	-2.700	5.000	-5.100	-0.500	-6.600	-8.900	-1.300	-3.900	-6.100	-5.100	1.500	-2.400	-8.300	2.300	-4.400	2.400	2.700	-5.900	0.500	-3.900	-5.200	-7.800	0.200	1.000	-1.100	-3.600	-0.600	-0.900	-0.600
-1.300	3.100	3.100	5.100	-8.500	-11.800	-4.700	-2.100	-3.600	-3.100	-6.800	0.300	0.600	0.000	-4.800	4.600	-0.800	-4.800	-4.200	-3.600	-6.600	-3.200	1.000	-5.300	2.000	0.600	-4.900	-8.700	-3.000	-2.100	-6.500	-5.600	-1.900	1.700	-1.900	1.900	-1.100	-0.500	8.600	-4.300	-1.700	-3.400	-1.600	0.700	1.100	-1.500	-0.900	0.800	-3.800	-3.800	-6.000	2.900	2.400	-6.600	-5.900	4.400
0.700	-4.900	4.100	-0.900	-1.500	-2.800	-8.700	-1.100	5.400	-2.100	-8.800	-5.700	-4.400	0.000	-5.800	-2.400	-3.800	-0.800	-6.200	-3.600	-4.600	-2.200	-1.000	-3.300	0.000	-2.400	-7.900	-6.700	-6.000	-5.100	-1.500	-4.600	-0.900	-3.300	-6.900	4.900	-4.100	-0.500	-2.400	-5.300	-1.700	-3.400	-1.600	-3.300	-0.900	1.500	-3.900	-6.200	-5.800	0.200	2.000	-0.100	-7.600	-4.600	-6.900	-1.600
-5.300	-6.900	-3.900	0.100	-6.500	-9.800	-1.700	-5.100	-0.600	-5.100	-6.800	-1.700	-0.400	-3.000	-4.800	-0.400	2.200	-7.800	4.800	-3.600	-1.600	-3.200	-2.000	-1.300	-1.000	-5.400	-6.900	-3.700	-2.000	-5.100	-2.500	-8.600	-1.900	-2.300	-7.900	-0.100	-4.100	1.500	2.600	-5.300	-2.700	-0.400	-2.600	-3.300	-0.900	-0.500	3.100	0.800	-4.800	-4.800	1.000	-5.100	-8.600	-4.600	1.100	1.400
-4.300	-5.900	-5.900	-0.900	2.500	0.200	-4.700	1.900	-1.600	-6.100	-6.800	-5.700	-7.400	-3.000	-4.800	0.600	2.200	-2.800	-2.200	-4.600	-4.600	-8.200	-3.000	-2.300	-3.000	-1.400	-3.900	0.300	-5.000	3.900	-6.500	-5.600	-5.900	0.700	0.100	-4.100	3.900	-1.500	-5.400	-4.300	-6.700	-6.400	-1.600	-0.300	-5.900	-7.500	-0.900	-3.200	-8.800	3.200	-5.000	1.900	-3.600	-6.600	-5.900	4.400
3.700	-5.900	-2.900	5.100	1.500	-2.800	-2.700	-3.100	-3.600	-2.100	-1.800	-5.700	-2.400	-8.000	-2.800	0.600	2.200	-2.800	-2.200	-1.600	-2.600	-4.200	-6.000	2.700	1.000	-0.400	-5.900	-8.700	-10.000	-1.100	-0.500	-5.600	-3.900	-2.300	-3.900	-4.100	-3.100	2.500	0.600	-1.300	0.300	-6.400	-2.600	-5.300	-0.900	-0.500	-0.900	-3.200	-4.800	-2.800	-6.000	-2.100	-6.600	-7.600	-2.900	-3.600
5.700	-1.900	0.100	-1.900	-9.500	-9.800	-5.700	-8.100	-1.600	-9.100	-2.800	-7.700	-2.400	-1.000	-5.800	0.600	-3.800	-3.800	-5.200	-2.600	-7.600	4.800	5.000	-0.300	-4.000	-2.400	-5.900	-3.700	-5.000	-3.100	-1.500	-7.600	0.100	6.700	-6.900	4.900	-8.100	-5.500	-1.400	0.700	-3.700	-6.400	-3.600	-3.300	-3.900	-5.500	-1.900	-5.200	-6.800	-1.800	0.000	-1.100	1.400	-4.600	-1.900	-5.600
-1.300	-5.900	0.100	-1.900	0.500	-3.800	-10.700	-5.100	-3.600	-3.100	-6.800	-1.700	-3.400	1.000	-4.800	4.600	-3.800	-1.800	0.800	-0.600	-6.600	-2.200	1.000	0.700	0.000	-1.400	-2.900	-3.700	0.000	-5.100	3.500	-3.600	1.100	1.700	-1.900	-3.100	-5.100	-5.500	-1.400	-2.300	-0.700	1.600	0.400	1.700	2.100	0.500	-5.900	-4.200	-5.800	-5.800	0.000	-4.100	4.400	-2.600	-8.900	1.400
-1.300	2.100	-6.900	-2.900	-1.500	-4.800	-4.700	-6.100	-2.600	-5.100	0.200	-4.700	-2.400	-4.000	-3.800	-8.400	-2.800	-1.800	-1.200	-3.600	-7.600	-2.200	-3.000	-1.300	-3.000	-2.400	-0.900	1.300	-8.000	-5.100	-4.500	-3.600	-5.900	4.700	-0.900	1.900	-1.100	-5.500	1.600	-7.300	-5.700	3.600	2.400	-0.300	-4.900	-0.500	-2.900	-2.200	-5.800	-5.800	0.000	0.900	-1.600	-2.600	2.100	-0.600
-1.300	-4.900	-0.900	-1.900	-0.500	-2.800	-5.700	-3.100	2.400	-2.100	0.200	-4.700	3.600	-3.000	-0.800	3.600	0.200	-0.800	0.800	-7.600	-9.600	-4.200	0.000	0.700	-3.000	2.600	-2.900	-3.700	-1.000	-4.100	-2.500	-6.600	5.100	0.700	0.100	-3.100	-8.100	1.500	2.600	-8.300	0.300	-2.400	1.400	0.700	-4.900	1.500	-4.900	-5.200	-0.800	-8.800	-7.000	-3.100	-2.600	-2.600	-3.900	-2.600
-1.300	-4.900	-4.900	-0.900	-0.500	-9.800	0.300	-0.100	-2.600	-3.100	-8.800	2.300	-0.400	0.000	-9.800	-2.400	-9.800	-2.800	-1.200	2.400	-4.600	-2.200	-2.000	1.700	-1.000	-3.400	-7.900	-2.700	-5.000	-5.100	0.500	-5.600	-3.900	6.700	-6.900	-2.100	-10.100	-0.500	0.600	-4.300	-3.700	-2.400	-0.600	-4.300	-3.900	1.500	-1.900	-5.200	-11.800	-7.800	-3.000	0.900	-5.600	0.400	2.100	-0.600
-5.300	-4.900	-2.900	-4.900	-7.500	-2.800	-5.700	-0.100	-2.600	-2.100	-1.800	-0.700	-3.400	1.000	-0.800	-1.400	2.200	-5.800	2.800	-1.600	-3.600	1.800	-2.000	2.700	-2.000	1.600	-2.900	0.300	-2.000	-7.100	0.500	-8.600	-1.900	-1.300	-9.900	-2.100	0.900	2.500	2.600	-2.300	-4.700	-5.400	1.400	-2.300	0.100	-5.500	-5.900	-1.200	-11.800	-3.800	-2.000	-3.100	5.400	-3.600	-2.900	-3.600
-0.300	-3.900	-1.900	0.100	-7.500	-0.800	-8.700	-5.100	-1.600	-5.100	-5.800	-2.700	-6.400	-3.000	-5.800	-3.400	-4.800	-2.800	-5.200	-3.600	-10.600	-2.200	-4.000	-4.300	-6.000	-0.400	-7.900	-1.700	-7.000	-8.100	-4.500	-1.600	2.100	0.700	-5.900	-2.100	-1.100	-0.500	1.600	-5.300	2.300	0.600	0.400	-2.300	-1.900	2.500	-3.900	-8.200	-1.800	-3.800	-4.000	-2.100	7.400	-5.600	-3.900	-4.600
-2.300	-0.900	-3.900	-0.900	-0.500	-6.800	-1.700	-4.100	-1.600	-6.100	-1.800	-6.700	4.600	-2.000	3.200	-0.400	-4.800	-1.800	-0.200	-4.600	-6.600	3.800	-1.000	-1.300	-2.000	-2.400	-11.900	0.300	-2.000	1.900	-2.500	-0.600	1.100	-4.300	-8.900	-1.100	-5.100	-0.500	-1.400	-3.300	-0.700	-0.400	0.400	0.700	-7.900	-2.500	-2.900	-1.200	-5.800	1.200	0.000	-5.100	-3.600	-0.600	0.100	2.400
6.700	-4.900	-3.900	-2.900	-7.500	-2.800	0.300	-0.100	-2.600	1.900	-0.800	-2.700	-11.400	-1.000	0.200	-6.400	0.200	-6.800	-5.200	1.400	-3.600	4.800	-4.000	-3.300	2.000	-1.400	-7.900	-6.700	-4.000	0.900	-5.500	-5.600	4.100	3.700	0.100	-1.100	0.900	0.500	0.600	-0.300	-2.700	0.600	1.400	2.700	-2.900	-4.500	-4.900	-9.200	-1.800	-6.800	-8.000	0.900	0.400	-0.600	-4.900	-2.600
-1.300	-5.900	5.100	-1.900	-3.500	-3.800	-1.700	-2.100	-7.600	-3.100	-6.800	-5.700	0.600	1.000	1.200	-6.400	0.200	-1.800	0.800	4.400	-6.600	-0.200	1.000	-3.300	-1.000	-6.400	-4.900	-3.700	-1.000	0.900	-0.500	-6.600	-0.900	-0.300	0.100	3.900	-4.100	-1.500	-0.400	4.700	1.300	-3.400	-6.600	3.700	-1.900	1.500	-1.900	-4.200	-3.800	-5.800	-2.000	-2.100	-7.600	-8.600	-5.900	-0.600
-0.300	2.100	0.100	-3.900	-5.500	-6.800	-7.700	-0.100	-6.600	4.900	0.200	-2.700	5.600	2.000	-2.800	-5.400	-2.800	1.200	-5.200	-2.600	-3.600	-7.200	4.000	-0.300	3.000	-2.400	-4.900	-5.700	-4.000	-3.100	-7.500	-8.600	-2.900	2.700	-2.900	2.900	-4.100	3.500	3.600	-3.300	2.300	-2.400	-0.600	-4.300	-1.900	2.500	-1.900	-3.200	-2.800	-5.800	1.000	-5.100	1.400	-5.600	-7.900	0.400
4.700	-2.900	-2.900	3.100	-8.500	-1.800	-8.700	-3.100	-0.600	-3.100	1.200	-4.700	-4.400	-5.000	-2.800	0.600	-3.800	-4.800	2.800	-1.600	-5.600	-1.200	-2.000	1.700	-5.000	0.600	-4.900	-10.700	1.000	2.900	-0.500	-2.600	-0.900	2.700	-6.900	-1.100	-1.100	0.500	1.600	-3.300	2.300	-1.400	-0.600	-1.300	-6.900	-4.500	-4.900	-2.200	-3.800	0.200	-1.000	-0.100	3.400	-2.600	-0.900	-4.600
-2.300	-2.900	-3.900	-2.900	-3.500	-5.800	-2.700	-8.100	-1.600	-2.100	-5.800	-7.700	0.600	-1.000	-5.800	-1.400	1.200	0.200	-3.200	-3.600	-5.600	-6.200	0.000	-4.300	2.000	-2.400	-6.900	-5.700	-4.000	-1.100	-3.500	-3.600	-1.900	-0.300	-3.900	-7.100	-7.100	-2.500	0.600	-5.300	2.300	1.600	-4.600	3.700	-2.900	-8.500	-1.900	-3.200	-8.800	-1.800	-4.000	0.900	2.400	-2.600	-4.900	-0.600
-3.300	-3.900	-4.900	0.100	0.500	-7.800	-3.700	-4.100	-6.600	-0.100	-5.800	1.300	-4.400	-3.000	-5.800	-3.400	-3.800	2.200	-3.200	-5.600	-4.600	5.800	3.000	-2.300	1.000	-3.400	-5.900	-1.700	3.000	-2.100	-6.500	-7.600	3.100	-0.300	-4.900	-5.100	-4.100	-0.500	-0.400	-7.300	1.300	-0.400	1.400	-0.300	-7.900	2.500	-5.900	3.800	-4.800	-7.800	0.000	-1.100	-1.600	-5.600	-6.900	-0.600
-5.300	-1.900	-1.900	-0.900	-6.500	-5.800	-2.700	-6.100	0.400	-2.100	3.200	-3.700	-2.400	-2.000	-1.800	-6.400	-0.800	-8.800	-5.200	-1.600	-7.600	1.800	-4.000	-0.300	-5.000	-1.400	-4.900	-2.700	-2.000	1.900	0.500	-1.600	-1.900	-1.300	-1.900	-0.100	-9.100	-3.500	-4.400	-0.300	2.300	-8.400	-0.600	-1.300	-2.900	-1.500	-5.900	-2.200	-5.800	-2.800	-6.000	-8.100	-4.600	-7.600	-4.900	-1.600
1.700	-3.900	-4.900	3.100	-0.500	-1.800	-2.700	-3.100	-2.600	-0.100	-0.800	2.300	-3.400	-3.000	-4.800	0.600	-8.800	-1.800	-0.200	-1.600	-9.600	-4.200	2.000	-3.300	0.000	-4.400	-4.900	-2.700	1.000	1.900	-1.500	-3.600	-4.900	-6.300	-1.900	-1.100	-4.100	0.500	0.600	-11.300	-4.700	0.600	-1.600	-5.300	-5.900	-3.500	-5.900	1.800	-7.800	-1.800	-5.000	-1.100	3.400	-3.600	-2.900	-0.600
-3.300	0.100	2.100	2.100	1.500	-1.800	-1.700	1.900	-7.600	-6.100	-1.800	-3.700	-3.400	6.000	-4.800	-6.400	-0.800	-4.800	0.800	-6.600	-5.600	-4.200	4.000	-2.300	0.000	-4.400	-3.900	-10.700	-5.000	-5.100	-5.500	-7.600	-4.900	7.700	-11.900	-5.100	-5.100	-0.500	-0.400	-4.300	-0.700	-1.400	-2.600	-2.300	0.100	-3.500	-1.900	-4.200	-7.800	0.200	2.000	-4.100	1.400	-7.600	-1.900	2.400
-0.300	0.100	-2.900	-0.900	-2.500	-3.800	-6.700	-0.100	-0.600	1.900	1.200	-3.700	-3.400	-13.000	-1.800	-2.400	-2.800	2.200	-1.200	-7.600	-6.600	-2.200	-4.000	-2.300	1.000	-4.400	-2.900	-1.700	-5.000	-3.100	-3.500	-3.600	-0.900	6.700	-5.900	0.900	-6.100	1.500	0.600	-3.300	1.300	-3.400	0.400	0.700	3.100	-0.500	-2.900	-1.200	-0.800	-1.800	-1.000	-9.100	2.400	-2.600	-4.900	-1.600
-2.300	-7.900	-0.900	-1.900	-6.500	-3.800	-4.700	-1.100	-4.600	-2.100	-3.800	-3.700	-9.400	0.000	-1.800	-6.400	1.200	-1.800	-1.200	-2.600	-3.600	-0.200	-7.000	-4.300	5.000	-4.400	2.100	-8.700	-9.000	-2.100	-1.500	-8.600	-1.900	-0.300	0.100	4.900	-0.100	-5.500	-1.400	-1.300	-1.700	-0.400	-2.600	0.700	-2.900	-0.500	2.100	0.800	-7.800	-2.800	1.000	-1.100	0.400	-5.600	-0.900	-3.600
-1.300	-3.900	-0.900	-6.900	-6.500	-0.800	-5.700	-0.100	0.400	-1.100	-0.800	-0.700	-1.400	-3.000	0.200	-6.400	-5.800	-4.800	-3.200	5.400	0.400	-0.200	2.000	-0.300	3.000	-3.400	-9.900	-0.700	-2.000	-1.100	-4.500	-0.600	0.100	2.700	-0.900	-3.100	-0.100	-1.500	3.600	-3.300	-4.700	-4.400	1.400	-4.300	-1.900	-2.500	-2.900	0.800	-2.800	-3.800	-3.000	-2.100	0.400	-4.600	-5.900	-1.600
-0.300	-0.900	-3.900	0.100	-5.500	-3.800	-3.700	-3.100	-2.600	-4.100	-1.800	-3.700	-4.400	-4.000	-3.800	-0.400	-3.800	-1.800	-1.200	-1.600	-9.600	-3.200	2.000	2.700	-1.000	-0.400	-3.900	-2.700	-3.000	-3.100	1.500	-1.600	-2.900	0.700	0.100	0.900	-5.100	-3.500	4.600	0.700	2.300	-2.400	-3.600	-3.300	-9.900	-3.500	-0.900	-0.200	2.200	2.200	-8.000	-0.100	-3.600	0.400	-2.900	-4.600
-5.300	-5.900	-1.900	1.100	-4.500	-3.800	-1.700	-1.100	1.400	-0.100	-7.800	-9.700	-4.400	0.000	-0.800	-8.400	-1.800	-3.800	0.800	-3.600	-8.600	-3.200	0.000	-1.300	-4.000	0.600	-5.900	1.300	-3.000	-2.100	-4.500	-6.600	0.100	-1.300	-6.900	-4.100	-3.100	-0.500	-1.400	-4.300	-4.700	-1.400	0.400	-1.300	-3.900	-1.500	-3.900	-3.200	-12.800	-1.800	-7.000	-2.100	-4.600	-7.600	-2.900	6.400
1.700	-7.900	-2.900	-4.900	-8.500	-2.800	-3.700	-2.100	2.400	-7.100	0.200	-1.700	-1.400	-2.000	-2.800	-6.400	-0.800	-11.800	-0.200	5.400	-2.600	0.800	-1.000	4.700	1.000	-1.400	0.100	0.300	-6.000	1.900	-5.500	-3.600	4.100	5.700	-2.900	3.900	0.900	-4.500	-0.400	-7.300	-6.700	1.600	-6.600	-1.300	2.100	-3.500	0.100	0.800	-5.800	-2.800	-2.000	-3.100	0.400	4.400	0.100	-1.600
1.700	-3.900	-9.900	-2.900	-6.500	-2.800	-2.700	-2.100	-6.600	-4.100	-3.800	-4.700	-0.400	-1.000	4.200	-8.400	-3.800	-3.800	-1.200	-2.600	-3.600	2.800	2.000	-8.300	-4.000	-2.400	-3.900	4.300	-7.000	0.900	-3.500	0.400	-0.900	6.700	1.100	-2.100	-6.100	-5.500	5.600	2.700	-2.700	-10.400	0.400	1.700	1.100	3.500	3.100	-1.200	0.200	-2.800	-2.000	-1.100	-0.600	-2.600	-4.900	-1.600
-4.300	1.100	2.100	-6.900	-4.500	-0.800	-5.700	-2.100	-4.600	0.900	-6.800	-6.700	5.600	-2.000	-2.800	2.600	0.200	0.200	-8.200	-2.600	-2.600	-5.200	1.000	-1.300	-3.000	-7.400	-6.900	2.300	-5.000	-3.100	-2.500	-6.600	1.100	-5.300	-0.900	-3.100	-4.100	2.500	-4.400	-1.300	-6.700	0.600	-1.600	-0.300	2.100	-1.500	0.100	-4.200	-8.800	0.200	-5.000	-7.100	-0.600	-1.600	-7.900	5.400
-2.300	4.100	-2.900	1.100	-3.500	-3.800	-5.700	-0.100	0.400	-5.100	-3.800	-7.700	-4.400	-4.000	-2.800	-2.400	-4.800	-2.800	5.800	-2.600	-10.600	-2.200	-5.000	-1.300	-2.000	-4.400	-7.900	-0.700	0.000	-0.100	-0.500	-5.600	2.100	7.700	-4.900	1.900	-5.100	-2.500	1.600	-3.300	-4.700	-2.400	-2.600	-2.300	-5.900	1.500	2.100	-1.200	-2.800	-3.800	-2.000	-3.100	6.400	0.400	-1.900	0.400
-3.300	-1.900	2.100	-5.900	-2.500	-7.800	-1.700	-8.100	2.400	-3.100	-6.800	-4.700	-5.400	-1.000	4.200	0.600	1.200	-1.800	0.800	-2.600	-3.600	-0.200	-2.000	-4.300	-5.000	0.600	-2.900	-6.700	-2.000	-1.100	-0.500	-3.600	-6.900	-4.300	-7.900	-7.100	-10.100	-5.500	-2.400	-9.300	-4.700	0.600	-2.600	-3.300	2.100	-1.500	-0.900	-1.200	-6.800	-3.800	-3.000	2.900	-4.600	-2.600	-4.900	-4.600
2.700	-3.900	1.100	-1.900	-4.500	-0.800	-5.700	-0.100	-0.600	2.900	-4.800	-1.700	0.600	3.000	-2.800	1.600	-0.800	-5.800	0.800	-5.600	0.400	-1.200	1.000	-0.300	-6.000	7.600	-2.900	0.300	-6.000	0.900	-3.500	-4.600	1.100	2.700	0.100	-0.100	-5.100	5.500	2.600	-4.300	1.300	-3.400	-1.600	1.700	-7.900	-2.500	-4.900	1.800	-4.800	0.200	-3.000	1.900	-6.600	4.400	-4.900	-1.600
-1.300	-2.900	-2.900	0.100	-1.500	-3.800	-2.700	-8.100	-10.600	-2.100	-2.800	0.300	-5.400	-4.000	-3.800	-2.400	-0.800	-5.800	-4.200	-0.600	-7.600	-0.200	-2.000	1.700	-3.000	-3.400	-9.900	-4.700	2.000	2.900	-0.500	-6.600	1.100	-1.300	-3.900	-2.100	-4.100	0.500	0.600	-2.300	2.300	-2.400	-3.600	1.700	-3.900	-6.500	-4.900	1.800	-6.800	-10.800	-3.000	-3.100	-0.600	-6.600	-8.900	-1.600
-3.300	-2.900	-3.900	-3.900	-1.500	-8.800	0.300	3.900	-2.600	-2.100	-1.800	-0.700	-3.400	-10.000	-1.800	-6.400	-10.800	0.200	-0.200	-5.600	-7.600	-2.200	1.000	3.700	2.000	-4.400	-1.900	-4.700	-6.000	-5.100	-0.500	-12.600	-2.900	0.700	-8.900	-2.100	-6.100	1.500	-0.400	0.700	-1.700	-2.400	0.400	-3.300	-2.900	0.500	1.100	0.800	-10.800	-1.800	-4.000	-7.100	-3.600	-5.600	-2.900	-1.600
0.700	-0.900	-2.900	-4.900	-0.500	-7.800	-1.700	-3.100	-0.600	-6.100	-4.800	-2.700	-3.400	1.000	-2.800	-0.400	3.200	1.200	-3.200	2.400	1.400	0.800	7.000	-5.300	-1.000	-3.400	-9.900	-5.700	0.000	0.900	1.500	-7.600	-5.900	0.700	-2.900	5.900	-5.100	-2.500	-1.400	2.700	-0.700	-0.400	-2.600	2.700	-7.900	-1.500	-3.900	-4.200	-3.800	-3.800	-2.000	-6.100	2.400	-8.600	1.100	0.400
-6.300	-0.900	-3.900	-1.900	-2.500	-7.800	-5.700	-7.100	-0.600	-0.100	-0.800	-1.700	-2.400	-10.000	0.200	-4.400	-0.800	-1.800	0.800	-2.600	-2.600	-3.200	-1.000	1.700	-2.000	-6.400	-5.900	-8.700	-3.000	3.900	-6.500	-1.600	-4.900	-3.300	-2.900	-2.100	-1.100	3.500	-8.400	-1.300	-3.700	-2.400	2.400	5.700	-8.900	-4.500	-9.900	-0.200	-6.800	0.200	-3.000	5.900	5.400	2.400	-0.900	-3.600
2.700	-9.900	1.100	5.100	-4.500	-6.800	-3.700	-1.100	-3.600	-0.100	1.200	0.300	-1.400	-3.000	-2.800	-3.400	-3.800	-1.800	-1.200	-3.600	-9.600	-2.200	1.000	-1.300	-4.000	-3.400	-3.900	-2.700	-3.000	-3.100	-1.500	-7.600	-0.900	-0.300	-4.900	-2.100	-2.100	2.500	5.600	-1.300	4.300	-2.400	-2.600	0.700	-2.900	-8.500	-2.900	-4.200	-2.800	-5.800	-4.000	-0.100	0.400	-2.600	2.100	2.400
1.700	-1.900	-1.900	-2.900	-6.500	-6.800	-2.700	-0.100	0.400	-4.100	-1.800	-0.700	-5.400	1.000	-4.800	-2.400	-2.800	-6.800	-3.200	-1.600	-3.600	0.800	-3.000	-5.300	2.000	-6.400	-0.900	0.300	-6.000	-4.100	-5.500	-7.600	-5.900	1.700	-4.900	0.900	-3.100	-4.500	1.600	3.700	6.300	-2.400	-1.600	0.700	-6.900	0.500	-5.900	-6.200	-1.800	0.200	-4.000	-2.100	-0.600	-3.600	2.100	-0.600
-1.300	-5.900	3.100	0.100	-2.500	-2.800	-4.700	-3.100	1.400	-3.100	-5.800	-4.700	-7.400	-4.000	-4.800	1.600	-1.800	-0.800	3.800	-0.600	-10.600	-2.200	-1.000	-3.300	3.000	-5.400	-8.900	1.300	-1.000	-0.100	-3.500	-3.600	-1.900	2.700	-4.900	4.900	0.900	-7.500	1.600	-1.300	-1.700	-5.400	-1.600	-5.300	-0.900	-0.500	-3.900	1.800	-1.800	0.200	-5.000	-2.100	-1.600	-2.600	-1.900	-0.600
-1.300	-5.900	-1.900	-1.900	-5.500	-9.800	-1.700	1.900	-2.600	-1.100	-1.800	-0.700	0.600	-4.000	-5.800	-4.400	2.200	1.200	-7.200	-6.600	-9.600	-4.200	3.000	-4.300	6.000	-2.400	-0.900	-2.700	-8.000	-4.100	-2.500	-2.600	-3.900	6.700	-5.900	1.900	-6.100	4.500	0.600	-5.300	7.300	-1.400	0.400	-7.300	-3.900	0.500	-6.900	-5.200	-1.800	-0.800	-6.000	-3.100	0.400	-6.600	0.100	-5.600
-6.300	-11.900	2.100	-0.900	-2.500	2.200	0.300	-10.100	2.400	-3.100	-2.800	-1.700	-4.400	-2.000	-3.800	-5.400	-5.800	0.200	-0.200	-7.600	1.400	4.800	-10.000	-2.300	-3.000	-5.400	-3.900	-4.700	-6.000	-1.100	2.500	-5.600	-3.900	2.700	-5.900	-1.100	-0.100	1.500	0.600	-4.300	-4.700	-1.400	-1.600	0.700	0.100	-2.500	-6.900	-5.200	-5.800	-7.800	-4.000	2.900	-3.600	-6.600	-5.900	-4.600
3.700	4.100	-6.900	-0.900	-0.500	0.200	-3.700	-2.100	-0.600	0.900	-5.800	-3.700	-2.400	-6.000	-0.800	-6.400	-0.800	-1.800	-0.200	-1.600	-5.600	-2.200	0.000	-6.300	-5.000	2.600	-1.900	-2.700	-7.000	-1.100	-3.500	-4.600	-3.900	-0.300	-4.900	-4.100	0.900	-2.500	0.600	-5.300	0.300	-6.400	-2.600	-4.300	-4.900	-0.500	-1.900	-7.200	-2.800	-1.800	-3.000	-3.100	-2.600	-7.600	-3.900	1.400
-3.300	-6.900	3.100	-2.900	-8.500	-5.800	-8.700	3.900	-1.600	-1.100	-2.800	0.300	-6.400	2.000	-5.800	-5.400	-4.800	1.200	-1.200	0.400	-5.600	-2.200	-4.000	-4.300	4.000	-6.400	-7.900	-7.700	-2.000	-1.100	-3.500	-5.600	-2.900	5.700	-3.900	-4.100	-3.100	0.500	-2.400	-3.300	-5.700	-6.400	-3.600	-1.300	-3.900	0.500	-6.900	-4.200	-6.800	-7.800	-6.000	-4.100	1.400	-8.600	-1.900	-0.600
3.700	-5.900	4.100	-5.900	-5.500	-9.800	0.300	-0.100	0.400	-1.100	1.200	0.300	-4.400	-3.000	-2.800	-8.400	-3.800	0.200	-4.200	0.400	-5.600	-0.200	-2.000	-5.300	-6.000	-2.400	-9.900	-3.700	-8.000	-4.100	2.500	0.400	0.100	0.700	-7.900	-0.100	-7.100	0.500	-5.400	-6.300	-2.700	-0.400	4.400	-0.300	-2.900	6.500	-3.900	-1.200	-4.800	-2.800	-1.000	-4.100	0.400	-0.600	-9.900	-1.600
-7.300	-3.900	-0.900	4.100	-6.500	-2.800	-2.700	-7.100	-1.600	-0.100	1.200	-3.700	-5.400	2.000	-3.800	-2.400	-6.800	-3.800	-0.200	-3.600	-4.600	-4.200	-3.000	-8.300	10.000	3.600	-1.900	-1.700	-3.000	-4.100	-5.500	-5.600	-0.900	0.700	-1.900	-4.100	1.900	2.500	1.600	-3.300	-6.700	-5.400	3.400	-6.300	-0.900	-1.500	-3.900	-6.200	-3.800	-2.800	-6.000	3.900	1.400	-3.600	-3.900	3.400
1.700	-4.900	0.100	-2.900	0.500	-6.800	-1.700	-6.100	1.400	2.900	-9.800	-5.700	-1.400	-6.000	-3.800	-3.400	-4.800	-5.800	-6.200	-1.600	-4.600	-1.200	-3.000	-5.300	2.000	-6.400	-8.900	-7.700	-3.000	-0.100	-5.500	-4.600	-4.900	-4.300	-4.900	-4.100	-6.100	0.500	2.600	-5.300	-8.700	-5.400	0.400	1.700	0.100	-0.500	-10.900	2.800	-3.800	-4.800	-1.000	-6.100	-0.600	0.400	-12.900	1.400
2.700	-6.900	-7.900	2.100	1.500	-3.800	-8.700	-1.100	-4.600	-5.100	-3.800	-5.700	-4.400	-5.000	-6.800	-0.400	-2.800	-1.800	4.800	-6.600	-2.600	-3.200	2.000	0.700	3.000	-1.400	-6.900	-0.700	-5.000	3.900	-4.500	-3.600	-4.900	-3.300	-8.900	2.900	1.900	-5.500	-5.400	-2.300	-7.700	-4.400	-1.600	-3.300	-3.900	-6.500	-4.900	-6.200	-9.800	-2.800	7.000	-9.100	3.400	-3.600	-2.900	1.400
1.700	3.100	-0.900	-1.900	-8.500	-6.800	-0.700	-7.100	-1.600	-6.100	-4.800	-3.700	-3.400	0.000	-1.800	-4.400	-0.800	-1.800	-3.200	-0.600	-4.600	-0.200	5.000	-4.300	1.000	-5.400	-9.900	-3.700	2.000	2.900	-2.500	-0.600	-3.900	-4.300	-2.900	1.900	-0.100	-0.500	-3.400	-5.300	-7.700	1.600	2.400	-2.300	-5.900	5.500	-2.900	-2.200	-6.800	-3.800	3.000	-2.100	-4.600	-7.600	-3.900	-4.600
-0.300	-4.900	-2.900	-3.900	-0.500	-1.800	-4.700	0.900	-3.600	-5.100	-4.800	-7.700	-3.400	-3.000	-1.800	-2.400	6.200	-5.800	1.800	-0.600	-0.600	-4.200	-3.000	-5.300	2.000	-2.400	-0.900	-0.700	0.000	-1.100	-3.500	-3.600	-1.900	5.700	-3.900	-3.100	-5.100	-1.500	-3.400	-4.300	-7.700	-2.400	-0.600	-8.300	-7.900	-1.500	-5.900	0.800	-0.800	-6.800	-2.000	-1.100	-1.600	-1.600	0.100	1.400
-0.300	-1.900	-3.900	-1.900	-0.500	-7.800	-0.700	1.900	-5.600	-5.100	-3.800	-1.700	-5.400	-3.000	-0.800	-2.400	0.200	-5.800	-0.200	-1.600	-6.600	2.800	-1.000	-1.300	2.000	-2.400	-2.900	-4.700	-4.000	-0.100	-2.500	-3.600	-4.900	-0.300	-8.900	-2.100	-8.100	-6.500	3.600	-1.300	2.300	0.600	2.400	-4.300	-3.900	-3.500	-10.900	-4.200	-4.800	-3.800	-5.000	-8.100	-1.600	-3.600	-2.900	0.400
-0.300	-0.900	-1.900	-3.900	-2.500	-6.800	-3.700	0.900	0.400	-7.100	-4.800	-2.700	-4.400	0.000	-4.800	-3.400	-5.800	-0.800	-1.200	-2.600	-1.600	-5.200	2.000	-3.300	-3.000	2.600	-8.900	-5.700	-7.000	-8.100	0.500	-0.600	-4.900	-0.300	-11.900	-2.100	-7.100	-1.500	1.600	-5.300	-5.700	0.600	-3.600	-2.300	-5.900	-0.500	-2.900	-3.200	-2.800	-2.800	4.000	-2.100	2.400	-5.600	-1.900	2.400
1.700	0.100	0.100	-0.900	-0.500	-5.800	2.300	-2.100	-4.600	-4.100	-6.800	3.300	-3.400	-3.000	-2.800	0.600	-2.800	-5.800	0.800	-4.600	-2.600	4.800	1.000	1.700	3.000	2.600	-6.900	-5.700	-3.000	-0.100	-4.500	1.400	0.100	5.700	-2.900	-5.100	-6.100	-0.500	0.600	-2.300	1.300	1.600	-1.600	-7.300	-2.900	-3.500	0.100	-3.200	-8.800	-0.800	-9.000	-0.100	0.400	0.400	-0.900	3.400
-1.300	-4.900	-1.900	-3.900	-3.500	-5.800	-7.700	-1.100	-2.600	-3.100	-4.800	-4.700	-5.400	-2.000	0.200	-2.400	1.200	0.200	-2.200	-1.600	0.400	-1.200	-5.000	-3.300	-2.000	-4.400	-5.900	1.300	-2.000	-0.100	-4.500	-7.600	-6.900	-2.300	-3.900	-2.100	-4.100	-1.500	-0.400	-4.300	-4.700	2.600	-3.600	-0.300	4.100	-3.500	-0.900	2.800	-6.800	0.200	-3.000	-5.100	-3.600	-5.600	-4.900	0.400
-7.300	-5.900	-0.900	0.100	0.500	-6.800	-1.700	-4.100	3.400	-7.100	-7.800	-2.700	-2.400	-3.000	-3.800	0.600	1.200	-1.800	4.800	4.400	-5.600	-2.200	-4.000	-0.300	-2.000	-4.400	-2.900	-2.700	-2.000	-0.100	-0.500	-7.600	1.100	-4.300	-9.900	-7.100	1.900	-1.500	0.600	-2.300	2.300	-4.400	-2.600	0.700	0.100	-10.500	-5.900	-4.200	-6.800	-0.800	0.000	2.900	0.400	-1.600	-5.900	1.400
0.700	-3.900	-2.900	-1.900	-2.500	-1.800	-6.700	-3.100	0.400	-10.100	-6.800	-3.700	0.600	-4.000	-7.800	-0.400	-1.800	-5.800	-4.200	-6.600	-8.600	-7.200	-2.000	0.700	1.000	-3.400	-6.900	2.300	-5.000	-5.100	-3.500	-3.600	-2.900	-1.300	-7.900	-0.100	1.900	-7.500	-2.400	-6.300	1.300	1.600	3.400	-0.300	-1.900	-3.500	-0.900	-3.200	-6.800	-5.800	-2.000	0.900	-0.600	-0.600	-5.900	-2.600
1.700	-3.900	0.100	-4.900	0.500	-2.800	-5.700	-8.100	-6.600	1.900	-4.800	-3.700	-2.400	-4.000	-2.800	-2.400	0.200	1.200	2.800	-0.600	-6.600	-4.200	-1.000	0.700	-1.000	6.600	-0.900	0.300	4.000	8.900	-4.500	0.400	1.100	2.700	-9.900	0.900	-5.100	-1.500	-0.400	-1.300	-5.700	-3.400	-2.600	-1.300	-3.900	-6.500	-2.900	2.800	-7.800	-4.800	1.000	-6.100	3.400	-7.600	-4.900	-5.600
-1.300	-4.900	0.100	5.100	0.500	-7.800	-6.700	-1.100	0.400	-8.100	-1.800	-3.700	-3.400	-5.000	-2.800	-7.400	-7.800	-0.800	-5.200	4.400	-10.600	-3.200	-3.000	-4.300	-1.000	-0.400	-4.900	-4.700	-7.000	-5.100	-4.500	-5.600	-7.900	-1.300	1.100	-1.100	-3.100	-4.500	-7.400	-3.300	-3.700	-1.400	1.400	-0.300	0.100	0.500	1.100	-1.200	-4.800	-2.800	-6.000	-2.100	-4.600	-7.600	-3.900	1.400
-0.300	-2.900	-4.900	-1.900	-7.500	-6.800	-3.700	3.900	-7.600	-4.100	-6.800	-0.700	-0.400	-2.000	-1.800	-3.400	-0.800	0.200	-8.200	-4.600	-6.600	1.800	-3.000	1.700	4.000	-0.400	-7.900	-2.700	-3.000	-3.100	-4.500	-10.600	-3.900	-1.300	1.100	-2.100	-2.100	-5.500	-3.400	-3.300	0.300	1.600	-2.600	6.700	-3.900	1.500	-2.900	-0.200	-9.800	-1.800	-4.000	-0.100	1.400	1.400	-3.900	3.400
3.700	-3.900	-0.900	-1.900	-1.500	-2.800	-8.700	-6.100	1.400	-3.100	-2.800	-8.700	-2.400	8.000	1.200	-1.400	0.200	-9.800	-2.200	-0.600	-9.600	-2.200	-2.000	-2.300	3.000	0.600	-8.900	0.300	-6.000	-9.100	0.500	-4.600	-0.900	-2.300	-2.900	-2.100	-2.100	0.500	2.600	-3.300	-4.700	-1.400	3.400	2.700	-0.900	3.500	-2.900	-0.200	-4.800	1.200	-3.000	-3.100	1.400	-1.600	-3.900	-3.600
-4.300	-4.900	-5.900	-0.900	2.500	-2.800	-6.700	4.900	-1.600	0.900	-4.800	-3.700	-5.400	-1.000	-2.800	-1.400	-6.800	-6.800	4.800	3.400	-12.600	5.800	3.000	-3.300	4.000	-1.400	-7.900	-3.700	-3.000	-6.100	0.500	-8.600	1.100	-1.300	0.100	0.900	-3.100	-1.500	1.600	-8.300	-3.700	-5.400	-2.600	-6.300	-3.900	1.500	-3.900	-1.200	1.200	-8.800	-3.000	-2.100	2.400	-0.600	-3.900	-1.600
-1.300	3.100	1.100	-0.900	-3.500	-2.800	-1.700	-4.100	-8.600	-5.100	-5.800	-1.700	-3.400	-4.000	-1.800	-1.400	-1.800	-2.800	-1.200	-0.600	-6.600	0.800	-3.000	-3.300	4.000	-0.400	-5.900	-3.700	-2.000	-4.100	-0.500	-3.600	-2.900	-0.300	-4.900	5.900	-0.100	-0.500	0.600	2.700	4.300	-0.400	-0.600	-3.300	-0.900	-2.500	-2.900	-2.200	-4.800	-0.800	-4.000	-4.100	-6.600	-3.600	-4.900	-6.600
1.700	-1.900	-0.900	-4.900	0.500	-8.800	0.300	-5.100	-8.600	-6.100	-4.800	0.300	0.600	-4.000	-5.800	-3.400	-0.800	-6.800	0.800	-2.600	-7.600	-3.200	3.000	-2.300	-2.000	-4.400	-5.900	-1.700	2.000	-4.100	-5.500	1.400	-2.900	3.700	3.100	-1.100	-1.100	-2.500	-6.400	-0.300	-4.700	-0.400	-3.600	-12.300	-2.900	-0.500	-7.900	0.800	-10.800	-3.800	-1.000	-2.100	-3.600	-0.600	-3.900	-1.600
0.700	-0.900	0.100	0.100	0.500	-7.800	-5.700	-4.100	-3.600	-0.100	-2.800	-5.700	-7.400	0.000	-1.800	-3.400	-4.800	0.200	-3.200	2.400	0.400	-0.200	-6.000	-2.300	0.000	-3.400	-6.900	-4.700	1.000	-3.100	-3.500	-3.600	3.100	7.700	-6.900	-7.100	-2.100	-0.500	-1.400	-2.300	0.300	1.600	1.400	-6.300	-3.900	-4.500	-8.900	-1.200	-2.800	-3.800	1.000	-1.100	0.400	2.400	-1.900	-1.600
-2.300	-8.900	3.100	-0.900	1.500	-3.800	-5.700	-1.100	-4.600	-3.100	-1.800	1.300	-5.400	-2.000	-4.800	-6.400	-7.800	-8.800	0.800	-4.600	-0.600	-2.200	1.000	-3.300	1.000	1.600	-5.900	1.300	-2.000	-4.100	-3.500	-3.600	-1.900	-0.300	-4.900	4.900	-6.100	-3.500	-0.400	-4.300	2.300	0.600	5.400	-5.300	6.100	3.500	-2.900	-0.200	-2.800	0.200	1.000	-2.100	-1.600	-1.600	-5.900	-1.600
-2.300	-3.900	0.100	-3.900	-0.500	-4.800	1.300	0.900	1.400	-5.100	-7.800	-5.700	-2.400	0.000	-4.800	-5.400	5.200	-2.800	-1.200	-3.600	-5.600	-4.200	-2.000	3.700	2.000	-0.400	-7.900	-3.700	-2.000	-1.100	-4.500	-3.600	2.100	0.700	-4.900	1.900	-5.100	1.500	6.600	-8.300	5.300	-6.400	-2.600	-2.300	-7.900	1.500	-1.900	-3.200	-8.800	-0.800	-4.000	-3.100	-0.600	-1.600	-5.900	4.400
-2.300	-0.900	-5.900	-5.900	-7.500	-5.800	-8.700	0.900	-5.600	-7.100	-9.800	-5.700	-5.400	-1.000	-0.800	-8.400	-1.800	-4.800	0.800	6.400	-6.600	-7.200	-1.000	-3.300	-4.000	-0.400	-4.900	-5.700	-2.000	-1.100	-3.500	-0.600	-0.900	0.700	-4.900	-1.100	0.900	-3.500	0.600	-7.300	3.300	-0.400	3.400	2.700	-5.900	-0.500	0.100	0.800	-5.800	-3.800	0.000	-2.100	-2.600	-2.600	-0.900	-10.600
2.700	-3.900	-1.900	-5.900	-5.500	-6.800	-3.700	-3.100	-4.600	-4.100	-0.800	-0.700	-4.400	-2.000	1.200	-3.400	-1.800	-5.800	-4.200	3.400	-1.600	-6.200	1.000	-7.300	0.000	-1.400	-7.900	-1.700	-5.000	-0.100	-1.500	-6.600	-0.900	-6.300	-8.900	2.900	-7.100	-0.500	2.600	-5.300	-3.700	-6.400	-5.600	-0.300	-7.900	4.500	-5.900	-3.200	-2.800	-3.800	-1.000	0.900	2.400	-6.600	-9.900	-1.600
5.700	-0.900	-2.900	0.100	-5.500	-0.800	-4.700	1.900	-0.600	-0.100	1.200	-2.700	-2.400	-4.000	-2.800	-3.400	-6.800	-5.800	-3.200	3.400	-3.600	-0.200	0.000	2.700	3.000	-4.400	2.100	-3.700	-4.000	-2.100	-2.500	-2.600	0.100	2.700	0.100	0.900	-5.100	-2.500	-4.400	3.700	-6.700	-0.400	0.400	-1.300	-1.900	2.500	-6.900	1.800	-6.800	0.200	-9.000	-0.100	0.400	-1.600	-2.900	-0.600
-7.300	1.100	-3.900	-6.900	-5.500	-4.800	-1.700	-3.100	1.400	-2.100	-4.800	0.300	-1.400	0.000	-0.800	-3.400	0.200	-3.800	-2.200	0.400	-1.600	1.800	4.000	-4.300	-2.000	0.600	-0.900	-5.700	-7.000	-1.100	1.500	-1.600	2.100	0.700	0.100	-1.100	-3.100	-3.500	-1.400	-11.300	2.300	-6.400	-0.600	-0.300	-4.900	-0.500	-7.900	-3.200	-11.800	1.200	-7.000	-4.100	2.400	-4.600	1.100	0.400
-0.300	-5.900	-3.900	-0.900	-0.500	-1.800	-5.700	-1.100	-0.600	-3.100	-7.800	-2.700	-1.400	0.000	-1.800	0.600	1.200	-5.800	-3.200	-1.600	-11.600	0.800	3.000	-3.300	4.000	-0.400	-7.900	-2.700	1.000	0.900	-7.500	-5.600	1.100	-0.300	-4.900	1.900	-4.100	0.500	5.600	-0.300	-5.700	-0.400	-0.600	2.700	-4.900	-1.500	-3.900	0.800	-7.800	4.200	-5.000	-7.100	2.400	-1.600	-6.900	-4.600
0.700	-1.900	-4.900	0.100	-5.500	-1.800	-1.700	-4.100	0.400	-3.100	-1.800	-3.700	-3.400	-10.000	-0.800	-5.400	2.200	-1.800	-2.200	-3.600	-10.600	-6.200	-1.000	3.700	0.000	-2.400	-5.900	0.300	-8.000	-5.100	-2.500	-4.600	-0.900	2.700	-6.900	0.900	-5.100	4.500	-1.400	-7.300	3.300	2.600	0.400	-4.300	-4.900	-9.500	1.100	-3.200	-4.800	-2.800	-4.000	-2.100	-5.600	0.400	-2.900	0.400
-3.300	-3.900	-6.900	1.100	-2.500	-7.800	-6.700	-3.100	-10.600	-0.100	-6.800	0.300	-4.400	-4.000	-2.800	0.600	-0.800	-1.800	-0.200	-0.600	-6.600	-2.200	-6.000	-2.300	1.000	-5.400	-6.900	-1.700	-7.000	-0.100	-2.500	-3.600	-2.900	-0.300	-5.900	-2.100	-1.100	-1.500	-2.400	-5.300	1.300	-0.400	-3.600	1.700	0.100	-2.500	-2.900	-8.200	-1.800	-3.800	4.000	1.900	-1.600	-3.600	-6.900	-5.600
1.700	-3.900	2.100	-2.900	-1.500	-6.800	-4.700	-4.100	-2.600	-3.100	0.200	-3.700	-0.400	-3.000	0.200	-2.400	-4.800	1.200	-3.200	-1.600	-2.600	-2.200	1.000	-3.300	4.000	0.600	-7.900	-4.700	-4.000	-0.100	-3.500	-3.600	-3.900	3.700	-0.900	2.900	-3.100	4.500	-4.400	-5.300	0.300	-6.400	-1.600	-3.300	-0.900	-0.500	-5.900	-1.200	-2.800	-0.800	-5.000	-4.100	-3.600	-1.600	-0.900	-2.600
-5.300	0.100	0.100	-2.900	-3.500	-4.800	-5.700	2.900	-1.600	3.900	0.200	-2.700	-1.400	-2.000	-0.800	0.600	-6.800	-4.800	-0.200	-2.600	-9.600	-3.200	0.000	-1.300	-3.000	-8.400	-2.900	-3.700	-2.000	-7.100	-3.500	-7.600	-2.900	-3.300	-2.900	-8.100	0.900	-3.500	-3.400	-6.300	-3.700	-4.400	-4.600	-3.300	-6.900	1.500	-2.900	-4.200	-1.800	-3.800	-5.000	-4.100	-2.600	-1.600	-0.900	-3.600
-3.300	-4.900	3.100	-1.900	-6.500	-6.800	-0.700	1.900	-5.600	-4.100	-1.800	-2.700	3.600	-2.000	2.200	-1.400	-6.800	1.200	-2.200	1.400	-5.600	-6.200	3.000	-6.300	-2.000	-3.400	-8.900	-5.700	-5.000	0.900	1.500	-4.600	-1.900	-3.300	-3.900	1.900	-3.100	-1.500	-1.400	-2.300	1.300	-1.400	0.400	-0.300	-2.900	0.500	-2.900	-3.200	-2.800	-1.800	-1.000	-5.100	-1.600	-0.600	-3.900	-6.600
-2.300	-5.900	1.100	-6.900	-4.500	-9.800	-5.700	-5.100	-3.600	-5.100	-4.800	-0.700	-10.400	-10.000	1.200	-4.400	-5.800	-1.800	-4.200	-5.600	-4.600	1.800	5.000	3.700	-1.000	-3.400	-8.900	-3.700	-10.000	-9.100	-2.500	-0.600	-5.900	-2.300	-0.900	-2.100	-4.100	-2.500	0.600	-6.300	2.300	1.600	-1.600	-3.300	-2.900	1.500	-8.900	-4.200	-2.800	-3.800	-7.000	1.900	-4.600	-1.600	-4.900	-0.600
-2.300	-4.900	0.100	-0.900	0.500	-9.800	-1.700	-7.100	0.400	-5.100	-3.800	-6.700	-4.400	-4.000	-2.800	1.600	-7.800	-2.800	-4.200	-4.600	-7.600	2.800	1.000	-3.300	3.000	-5.400	-2.900	-0.700	-5.000	-2.100	1.500	-9.600	2.100	6.700	-5.900	0.900	-0.100	5.500	1.600	-4.300	-1.700	1.600	2.400	1.700	-1.900	-2.500	-4.900	-2.200	-3.800	-4.800	3.000	-6.100	-5.600	-3.600	-5.900	-3.600
-5.300	1.100	2.100	-6.900	-7.500	-3.800	-5.700	-2.100	-5.600	-4.100	-5.800	-6.700	-5.400	-2.000	-4.800	-5.400	-3.800	-4.800	3.800	-4.600	-5.600	1.800	6.000	-3.300	-3.000	-2.400	-4.900	-3.700	0.000	-3.100	-0.500	-1.600	-3.900	-4.300	-3.900	-1.100	-5.100	2.500	-3.400	-8.300	-0.700	-1.400	-1.600	-0.300	-0.900	-2.500	-2.900	-10.200	-3.800	-6.800	-2.000	-1.100	-2.600	-2.600	0.100	-1.600
7.700	-5.900	-8.900	1.100	-6.500	-7.800	-1.700	-11.100	-2.600	-2.100	0.200	-1.700	2.600	-1.000	-2.800	-2.400	3.200	-4.800	0.800	-4.600	-5.600	-6.200	2.000	-4.300	1.000	-4.400	-4.900	0.300	-6.000	-1.100	-5.500	-8.600	-2.900	-1.300	-6.900	-1.100	-2.100	1.500	-0.400	-5.300	0.300	0.600	-1.600	1.700	-4.900	-0.500	0.100	-1.200	-3.800	-4.800	0.000	-3.100	-3.600	0.400	-3.900	-0.600
5.700	-0.900	-4.900	-3.900	-2.500	-8.800	-2.700	-0.100	0.400	-5.100	0.200	-2.700	-11.400	0.000	0.200	-1.400	1.200	0.200	-7.200	-1.600	-6.600	-2.200	-2.000	-2.300	2.000	-4.400	1.100	-1.700	-8.000	-1.100	-6.500	-6.600	-2.900	1.700	1.100	1.900	0.900	-3.500	4.600	-9.300	-2.700	-7.400	-2.600	2.700	-6.900	1.500	-2.900	-4.200	-8.800	-4.800	-2.000	0.900	4.400	-1.600	-2.900	-6.600
4.700	2.100	-0.900	-4.900	-5.500	-5.800	3.300	5.900	-4.600	-3.100	-2.800	-6.700	-5.400	-3.000	-1.800	-3.400	-1.800	-0.800	-1.200	-1.600	-4.600	-7.200	-2.000	3.700	1.000	-2.400	-6.900	-1.700	-1.000	-6.100	1.500	-8.600	-5.900	0.700	-4.900	1.900	-2.100	-5.500	-1.400	-5.300	-6.700	-0.400	4.400	-3.300	0.100	-0.500	-0.900	-8.200	-4.800	0.200	-6.000	-2.100	-2.600	-2.600	-0.900	4.400
-2.300	-4.900	0.100	-2.900	-9.500	-6.800	2.300	-10.100	-4.600	-9.100	5.200	-1.700	-2.400	-8.000	-0.800	-5.400	-4.800	0.200	-2.200	-4.600	-4.600	-8.200	-3.000	2.700	-4.000	-2.400	-8.900	2.300	-4.000	-7.100	-7.500	-4.600	-1.900	1.700	-1.900	5.900	-5.100	0.500	3.600	-5.300	-0.700	-3.400	-3.600	0.700	-4.900	-6.500	0.100	0.800	-3.800	-2.800	-4.000	2.900	1.400	-5.600	-4.900	-1.600
0.700	-3.900	0.100	1.100	-5.500	-3.800	1.300	-3.100	-4.600	-3.100	-5.800	-2.700	-11.400	0.000	-1.800	0.600	-4.800	0.200	-1.200	2.400	-3.600	2.800	-1.000	-2.300	-5.000	-5.400	1.100	-7.700	-3.000	-4.100	0.500	-6.600	-0.900	-1.300	-7.900	1.900	-8.100	-3.500	-0.400	-1.300	0.300	-6.400	-0.600	-2.300	-5.900	-3.500	-1.900	1.800	-4.800	-2.800	-7.000	-4.100	-9.600	-3.600	1.100	1.400
-9.300	-3.900	-2.900	-2.900	-4.500	-4.800	-0.700	-2.100	0.400	-0.100	-6.800	-7.700	-7.400	-7.000	-2.800	-5.400	-0.800	-2.800	-2.200	1.400	-1.600	-0.200	0.000	-2.300	-8.000	1.600	-2.900	1.300	0.000	1.900	-8.500	-0.600	-6.900	8.700	-7.900	-1.100	-4.100	-3.500	-2.400	-9.300	-1.700	-8.400	-4.600	-3.300	-3.900	-1.500	-0.900	-4.200	-3.800	-2.800	-12.000	0.900	0.400	-3.600	-1.900	-5.600
-4.300	-10.900	-2.900	0.100	-9.500	-4.800	-9.700	-0.100	-9.600	0.900	-5.800	-4.700	2.600	-6.000	-3.800	-2.400	1.200	-0.800	-1.200	-3.600	-7.600	1.800	-5.000	5.700	-1.000	-2.400	-5.900	1.300	-4.000	-3.100	-2.500	-8.600	-1.900	0.700	-1.900	-0.100	-2.100	-4.500	4.600	-9.300	-1.700	1.600	-1.600	0.700	-3.900	-5.500	-8.900	0.800	-8.800	-1.800	-4.000	0.900	-0.600	-5.600	2.100	-2.600
-0.300	-3.900	-2.900	-4.900	-1.500	-8.800	-3.700	-3.100	-6.600	-4.100	-7.800	-3.700	2.600	-5.000	-1.800	-0.400	0.200	-0.800	-6.200	-2.600	-5.600	-3.200	-3.000	-8.300	3.000	-0.400	-4.900	-1.700	-1.000	-5.100	-2.500	-5.600	-1.900	-5.300	-1.900	-2.100	-6.100	-2.500	0.600	-2.300	-6.700	2.600	1.400	0.700	-1.900	-7.500	-4.900	-4.200	-7.800	-0.800	-5.000	-3.100	-1.600	-8.600	-4.900	0.400
1.700	-3.900	-1.900	2.100	3.500	-4.800	-8.700	-4.100	-1.600	-4.100	-5.800	-0.700	-3.400	-6.000	2.200	-5.400	-0.800	-10.800	3.800	1.400	-7.600	-2.200	-3.000	-2.300	-1.000	-1.400	-6.900	-0.700	-2.000	-1.100	-1.500	-0.600	-4.900	-4.300	0.100	-5.100	-1.100	-5.500	-0.400	2.700	2.300	-2.400	2.400	-1.300	-4.900	-5.500	-3.900	-2.200	0.200	1.200	-3.000	-2.100	3.400	-0.600	-6.900	-0.600
1.700	0.100	3.100	3.100	2.500	-2.800	-4.700	0.900	-0.600	3.900	-0.800	-0.700	-0.400	-2.000	0.200	1.600	-0.800	-5.800	-5.200	-1.600	-4.600	1.800	2.000	-5.300	-2.000	-6.400	-4.900	-6.700	1.000	-4.100	-3.500	-1.600	-2.900	-4.300	-7.900	0.900	-7.100	-5.500	-4.400	-9.300	1.300	-3.400	-2.600	0.700	-0.900	-3.500	-2.900	-1.200	0.200	-2.800	-5.000	-10.100	0.400	-2.600	-3.900	0.400
1.700	0.100	-0.900	2.100	-5.500	-2.800	-3.700	-4.100	0.400	-1.100	0.200	-1.700	-6.400	0.000	-3.800	-3.400	0.200	1.200	-1.200	5.400	-1.600	0.800	-4.000	-1.300	2.000	-4.400	-10.900	-2.700	-3.000	-1.100	-3.500	-2.600	-8.900	-6.300	-6.900	2.900	-1.100	-6.500	-2.400	-6.300	-5.700	-1.400	-2.600	1.700	1.100	-1.500	-5.900	-3.200	-3.800	-4.800	-4.000	-1.100	-4.600	-3.600	2.100	2.400
-0.300	-6.900	-2.900	-7.900	-2.500	-11.800	-8.700	-3.100	-1.600	-10.100	-4.800	-6.700	-7.400	-4.000	-1.800	-2.400	-3.800	-1.800	-1.200	-5.600	-9.600	1.800	-2.000	-5.300	-3.000	1.600	-5.900	-3.700	-4.000	1.900	-6.500	-4.600	0.100	-4.300	-11.900	-0.100	-6.100	-3.500	0.600	0.700	-1.700	-0.400	-4.600	6.700	-5.900	-1.500	-5.900	-1.200	-4.800	-4.800	-6.000	-0.100	0.400	1.400	-2.900	-6.600
-4.300	-5.900	2.100	-0.900	-3.500	-9.800	-11.700	0.900	1.400	-0.100	0.200	-3.700	-0.400	1.000	-5.800	-4.400	-4.800	-11.800	-3.200	-4.600	-3.600	-0.200	0.000	0.700	3.000	0.600	-5.900	-5.700	3.000	-2.100	-2.500	-1.600	-0.900	-1.300	-5.900	-5.100	3.900	-3.500	-1.400	-5.300	-2.700	-1.400	-2.600	-2.300	3.100	-0.500	-6.900	4.800	-1.800	3.200	-6.000	3.900	1.400	-4.600	0.100	-7.600
-1.300	-4.900	-0.900	-1.900	-1.500	-0.800	-1.700	-4.100	-0.600	-5.100	-7.800	-3.700	-8.400	0.000	-4.800	-0.400	0.200	-6.800	-4.200	-7.600	-7.600	-1.200	2.000	-0.300	3.000	-5.400	-10.900	-1.700	-4.000	-2.100	-1.500	-9.600	-4.900	-5.300	-3.900	-2.100	-3.100	3.500	0.600	-1.300	-2.700	-1.400	-8.600	1.700	-2.900	0.500	-2.900	-2.200	-6.800	-0.800	-4.000	-2.100	1.400	-4.600	-2.900	-2.600
-2.300	-5.900	-2.900	0.100	-6.500	-2.800	-3.700	-6.100	-4.600	-5.100	-1.800	2.300	-10.400	1.000	-6.800	4.600	-3.800	-1.800	-0.200	1.400	-7.600	-8.200	2.000	-9.300	1.000	3.600	-1.900	-4.700	-2.000	-9.100	-2.500	-3.600	-2.900	2.700	2.100	-5.100	-0.100	-4.500	3.600	-4.300	-1.700	-3.400	-5.600	4.700	0.100	-10.500	-3.900	0.800	-4.800	-1.800	0.000	-3.100	-3.600	-6.600	-4.900	1.400
-4.300	-6.900	-2.900	-2.900	-3.500	-5.800	1.300	-4.100	-4.600	-2.100	-0.800	-9.700	-8.400	0.000	-3.800	0.600	1.200	-3.800	0.800	1.400	-6.600	0.800	1.000	3.700	-2.000	0.600	-5.900	-9.700	-4.000	-3.100	1.500	-4.600	-3.900	1.700	-3.900	-6.100	-1.100	0.500	6.600	-5.300	-3.700	-2.400	0.400	0.700	-0.900	-6.500	-2.900	-3.200	-6.800	-10.800	-2.000	3.900	0.400	0.400	-4.900	-1.600
-1.300	-5.900	1.100	3.100	-6.500	-2.800	-6.700	-3.100	1.400	-3.100	-2.800	-7.700	-10.400	1.000	-1.800	-4.400	-5.800	-3.800	-3.200	-3.600	-7.600	0.800	2.000	-4.300	0.000	1.600	-7.900	-8.700	2.000	-0.100	-6.500	-4.600	-3.900	-3.300	-3.900	-2.100	2.900	2.500	-4.400	-5.300	-5.700	1.600	1.400	0.700	-5.900	-3.500	-2.900	-2.200	-8.800	-6.800	0.000	-2.100	-4.600	-3.600	-2.900	-2.600
-3.300	2.100	0.100	-0.900	-3.500	-5.800	-0.700	-2.100	-0.600	-1.100	-7.800	-2.700	-0.400	0.000	-4.800	3.600	-1.800	-2.800	0.800	0.400	-8.600	-4.200	-4.000	-2.300	-2.000	-7.400	-5.900	-1.700	-4.000	-0.100	-1.500	-2.600	-4.900	5.700	-5.900	0.900	-4.100	-0.500	-4.400	-3.300	0.300	-4.400	2.400	1.700	1.100	-4.500	-0.900	-4.200	0.200	-2.800	2.000	-3.100	-1.600	-5.600	-5.900	6.400
-8.300	-4.900	-5.900	-3.900	-0.500	-2.800	-7.700	-2.100	-12.600	-3.100	-4.800	3.300	-5.400	-3.000	-5.800	-6.400	-3.800	-3.800	-0.200	-2.600	-2.600	-3.200	3.000	-6.300	-2.000	-2.400	-2.900	3.300	-8.000	-7.100	-4.500	-10.600	2.100	1.700	-3.900	-0.100	-9.100	-1.500	3.600	-2.300	2.300	-0.400	-0.600	-1.300	-1.900	-1.500	-3.900	-1.200	-2.800	2.200	-4.000	-11.100	3.400	-3.600	-4.900	-3.600
-0.300	-4.900	-0.900	0.100	-1.500	-1.800	-5.700	-6.100	-8.600	-7.100	-8.800	-0.700	-2.400	5.000	-5.800	-3.400	-6.800	-2.800	-3.200	-5.600	-3.600	-5.200	2.000	-6.300	4.000	-2.400	-6.900	-1.700	1.000	-2.100	-4.500	-5.600	-2.900	-1.300	-4.900	-3.100	2.900	-2.500	0.600	-0.300	-7.700	-7.400	1.400	2.700	-3.900	-3.500	-0.900	-4.200	-1.800	0.200	-8.000	-7.100	0.400	1.400	-4.900	-5.600
-0.300	-3.900	-5.900	1.100	-4.500	-7.800	-10.700	-3.100	-4.600	-1.100	-6.800	-0.700	0.600	-3.000	-3.800	-3.400	-5.800	0.200	2.800	0.400	-9.600	0.800	-2.000	-2.300	5.000	-1.400	-6.900	-1.700	-3.000	0.900	-2.500	-7.600	4.100	0.700	-1.900	-4.100	-5.100	0.500	-2.400	-4.300	-4.700	-0.400	-7.600	-1.300	-1.900	-2.500	-7.900	0.800	-14.800	7.200	-7.000	1.900	-5.600	-3.600	-3.900	4.400
-1.300	-0.900	0.100	-2.900	-6.500	-5.800	-0.700	2.900	-7.600	-4.100	-0.800	0.300	0.600	-4.000	-5.800	0.600	-1.800	-1.800	-2.200	-3.600	-4.600	-5.200	-1.000	-6.300	-3.000	5.600	-2.900	-3.700	-1.000	-2.100	-0.500	-5.600	-2.900	2.700	-0.900	-1.100	-8.100	0.500	-6.400	0.700	-3.700	-5.400	3.400	0.700	1.100	2.500	2.100	-1.200	-7.800	-6.800	-6.000	-10.100	-5.600	-5.600	-0.900	-1.600
0.700	-5.900	-2.900	-5.900	-2.500	-9.800	-0.700	-4.100	-1.600	-3.100	-2.800	-1.700	-4.400	1.000	2.200	-0.400	-3.800	-6.800	0.800	-1.600	-8.600	-2.200	-1.000	-3.300	-1.000	-0.400	-9.900	0.300	-4.000	-6.100	2.500	-6.600	-0.900	2.700	-4.900	-2.100	-2.100	0.500	-6.400	-6.300	-1.700	-9.400	0.400	-4.300	-4.900	0.500	-4.900	-2.200	-2.800	-2.800	-1.000	-3.100	0.400	-2.600	3.100	0.400
-3.300	3.100	8.100	-0.900	3.500	-10.800	-3.700	-3.100	-0.600	-8.100	-8.800	-4.700	-8.400	-1.000	-2.800	2.600	0.200	-2.800	2.800	2.400	-5.600	-3.200	0.000	-1.300	-1.000	-1.400	-5.900	-7.700	3.000	-2.100	0.500	-4.600	-3.900	-2.300	-1.900	-3.100	-6.100	2.500	0.600	-2.300	-2.700	1.600	-0.600	-5.300	-5.900	-0.500	1.100	-4.200	-2.800	-0.800	-9.000	-3.100	2.400	-4.600	-4.900	3.400
-6.300	-6.900	1.100	1.100	-4.500	-12.800	-2.700	0.900	-1.600	-8.100	-0.800	-3.700	-6.400	-2.000	0.200	-3.400	-3.800	-1.800	-0.200	-1.600	-4.600	4.800	2.000	-1.300	-2.000	2.600	-8.900	-3.700	1.000	-2.100	-2.500	-3.600	-2.900	0.700	-3.900	-3.100	-3.100	-5.500	-2.400	-4.300	-3.700	-5.400	2.400	-5.300	1.100	-4.500	-1.900	-1.200	-2.800	-3.800	-4.000	-3.100	-1.600	-0.600	-0.900	-0.600
-2.300	-3.900	-5.900	-6.900	-4.500	-6.800	-4.700	2.900	-2.600	-0.100	-8.800	2.300	-7.400	-6.000	-1.800	3.600	-3.800	-5.800	0.800	0.400	-0.600	-4.200	6.000	-3.300	5.000	2.600	0.100	-1.700	2.000	-0.100	-4.500	-8.600	-2.900	-2.300	-1.900	4.900	-3.100	-2.500	0.600	-5.300	-3.700	-4.400	1.400	-0.300	-4.900	1.500	-4.900	0.800	-1.800	4.200	-6.000	-1.100	2.400	-6.600	-4.900	1.400
-1.300	-7.900	0.100	0.100	-2.500	-8.800	-3.700	4.900	-7.600	-0.100	-1.800	3.300	0.600	-3.000	-2.800	-3.400	-6.800	-10.800	-1.200	-5.600	-1.600	-9.200	-3.000	-0.300	-1.000	-5.400	-0.900	-5.700	1.000	0.900	-4.500	-0.600	-4.900	0.700	-7.900	-1.100	-2.100	3.500	1.600	-7.300	-2.700	-5.400	4.400	-0.300	-2.900	-4.500	-2.900	3.800	-11.800	-5.800	-5.000	-0.100	-6.600	-4.600	-1.900	0.400
-0.300	-5.900	-4.900	3.100	-1.500	-7.800	-6.700	-12.100	0.400	-0.100	-5.800	-5.700	-9.400	-9.000	1.200	-5.400	1.200	-2.800	-5.200	-3.600	-9.600	-2.200	2.000	-2.300	-1.000	1.600	-8.900	-4.700	-4.000	-6.100	-2.500	-3.600	-1.900	-1.300	-1.900	-3.100	0.900	-1.500	5.600	-6.300	-0.700	-5.400	-3.600	-5.300	-6.900	-6.500	-9.900	-2.200	-3.800	-1.800	-1.000	-7.100	-1.600	-3.600	-4.900	-4.600
-2.300	1.100	-4.900	-2.900	-3.500	-7.800	-1.700	-4.100	-0.600	-3.100	-0.800	-1.700	-8.400	-2.000	-7.800	-5.400	-1.800	-6.800	-0.200	-0.600	-5.600	0.800	0.000	-4.300	-4.000	0.600	-5.900	-1.700	-6.000	2.900	-1.500	-0.600	-1.900	-0.300	-1.900	1.900	-0.100	-3.500	-3.400	1.700	1.300	-1.400	-2.600	-2.300	-4.900	-0.500	-5.900	-4.200	-3.800	-2.800	-8.000	-2.100	-2.600	-2.600	-1.900	-4.600
1.700	-0.900	-6.900	-2.900	-10.500	-0.800	-0.700	2.900	-4.600	-1.100	-2.800	-3.700	-7.400	-3.000	3.200	-4.400	-3.800	-1.800	4.800	1.400	-0.600	0.800	0.000	-9.300	-4.000	-6.400	-6.900	-6.700	0.000	-4.100	-4.500	-1.600	-4.900	1.700	-2.900	3.900	-8.100	-1.500	1.600	-5.300	1.300	-8.400	-0.600	-4.300	-4.900	0.500	-5.900	-5.200	-7.800	-6.800	-6.000	-3.100	0.400	3.400	-4.900	-5.600
-1.300	4.100	2.100	-3.900	-6.500	-1.800	-6.700	0.900	-5.600	1.900	-5.800	0.300	-5.400	-2.000	-0.800	-6.400	0.200	-0.800	-4.200	-2.600	-4.600	2.800	1.000	-1.300	1.000	-2.400	-6.900	3.300	-1.000	-6.100	-0.500	-7.600	-2.900	4.700	-2.900	-4.100	-1.100	3.500	0.600	-7.300	-3.700	-6.400	-2.600	-1.300	-2.900	-4.500	-1.900	6.800	-4.800	-8.800	-1.000	-4.100	0.400	-4.600	-0.900	-2.600
-4.300	-2.900	-6.900	-0.900	-5.500	-5.800	1.300	0.900	-6.600	-6.100	-6.800	-7.700	5.600	-3.000	-6.800	-2.400	-2.800	1.200	-3.200	-0.600	-7.600	7.800	1.000	-3.300	1.000	-4.400	-4.900	-1.700	-1.000	-2.100	-2.500	-6.600	-2.900	3.700	-2.900	-6.100	-8.100	-1.500	2.600	-9.300	-3.700	-0.400	-1.600	-0.300	-4.900	-5.500	-0.900	-1.200	-5.800	-2.800	-7.000	1.900	-3.600	-6.600	-2.900	-5.600
-1.300	-0.900	0.100	3.100	-1.500	-2.800	-6.700	-3.100	-4.600	-3.100	-7.800	-7.700	-1.400	-4.000	-10.800	0.600	-4.800	0.200	0.800	0.400	-10.600	-3.200	2.000	-6.300	-5.000	-3.400	-5.900	-0.700	-8.000	-1.100	1.500	-1.600	-3.900	-0.300	-8.900	2.900	-4.100	-1.500	-0.400	-5.300	-7.700	-5.400	0.400	0.700	-3.900	1.500	-3.900	-4.200	-4.800	-2.800	1.000	-2.100	-1.600	-3.600	-0.900	-0.600
0.700	-5.900	1.100	0.100	-4.500	-3.800	-4.700	-2.100	0.400	0.900	-9.800	-4.700	1.600	-5.000	-0.800	-7.400	5.200	-4.800	-3.200	4.400	-6.600	1.800	-1.000	-1.300	-7.000	-1.400	-8.900	-0.700	-1.000	1.900	-0.500	-4.600	-1.900	-2.300	-5.900	-1.100	-8.100	-4.500	3.600	0.700	2.300	0.600	-2.600	-4.300	-3.900	0.500	-3.900	-2.200	-6.800	-4.800	-4.000	-5.100	-1.600	-5.600	0.100	-3.600
1.700	-7.900	-2.900	-3.900	-7.500	-5.800	-5.700	-5.100	-4.600	-2.100	-0.800	-8.700	-5.400	-1.000	-2.800	-1.400	-3.800	1.200	1.800	-2.600	-12.600	0.800	0.000	-1.300	-1.000	-3.400	-2.900	0.300	0.000	-6.100	-1.500	-2.600	-3.900	-2.300	-5.900	3.900	-2.100	-2.500	3.600	-5.300	-4.700	-2.400	0.400	-3.300	-3.900	-1.500	-5.900	-7.200	0.200	-1.800	2.000	-3.100	2.400	-2.600	-7.900	-2.600
-3.300	-2.900	-2.900	-1.900	-0.500	-1.800	-6.700	-5.100	-4.600	-8.100	-3.800	-3.700	-3.400	0.000	-6.800	-1.400	-5.800	-7.800	-4.200	1.400	-5.600	-5.200	3.000	-3.300	-1.000	-5.400	-5.900	3.300	2.000	-2.100	-6.500	-6.600	-4.900	-3.300	-6.900	-1.100	-4.100	0.500	-1.400	-8.300	-2.700	2.600	-0.600	-3.300	-8.900	1.500	-5.900	-5.200	-5.800	-1.800	-3.000	-7.100	1.400	-4.600	-2.900	-1.600
-2.300	-2.900	0.100	-4.900	-4.500	-2.800	-4.700	-5.100	-0.600	-3.100	-9.800	-2.700	-4.400	-5.000	4.200	0.600	-5.800	-3.800	-2.200	3.400	-2.600	1.800	-5.000	-0.300	-1.000	-2.400	-5.900	-2.700	-3.000	-4.100	-2.500	-3.600	-3.900	-5.300	-5.900	-0.100	-4.100	-1.500	1.600	-11.300	4.300	0.600	2.400	2.700	-3.900	-5.500	-9.900	-5.200	-5.800	-1.800	-1.000	2.900	0.400	-6.600	-7.900	-2.600
-5.300	-7.900	-4.900	-6.900	-6.500	-4.800	-2.700	-1.100	-3.600	-1.100	-4.800	1.300	-3.400	5.000	-2.800	-3.400	-5.800	-3.800	-2.200	-3.600	-5.600	0.800	-2.000	-4.300	-1.000	-5.400	-0.900	-4.700	-5.000	4.900	-4.500	-4.600	-5.900	-1.300	-2.900	1.900	-3.100	-4.500	0.600	-3.300	-2.700	-3.400	0.400	-4.300	-2.900	-0.500	-7.900	-4.200	-2.800	-5.800	-3.000	-1.100	-4.600	-5.600	-5.900	-0.600
-8.300	-2.900	-2.900	-1.900	-2.500	-7.800	-7.700	-1.100	-3.600	-2.100	-5.800	-2.700	-5.400	0.000	-2.800	-4.400	-1.800	-2.800	-2.200	-4.600	-12.600	-0.200	-5.000	-1.300	-1.000	1.600	-6.900	-6.700	-1.000	-5.100	0.500	-4.600	-2.900	-2.300	-5.900	-5.100	-1.100	-6.500	-2.400	-2.300	2.300	-2.400	-4.600	-6.300	-3.900	-3.500	-2.900	-1.200	-1.800	-1.800	-2.000	-3.100	3.400	-2.600	-8.900	-3.600
-0.300	0.100	-1.900	0.100	-1.500	-6.800	-3.700	1.900	-4.600	-6.100	-0.800	-4.700	-6.400	-5.000	2.200	4.600	-1.800	-3.800	-3.200	-9.600	-6.600	-7.200	-3.000	-3.300	-6.000	-3.400	-4.900	-8.700	-7.000	-6.100	-3.500	-4.600	2.100	-0.300	-6.900	0.900	-6.100	-2.500	-1.400	-1.300	-5.700	-2.400	-1.600	-3.300	-6.900	0.500	-2.900	-3.200	-6.800	-3.800	5.000	0.900	-1.600	-4.600	-0.900	2.400
-7.300	-2.900	-7.900	3.100	0.500	-5.800	-7.700	-6.100	-5.600	-4.100	-4.800	-2.700	-4.400	0.000	-0.800	-0.400	-2.800	1.200	5.800	-6.600	2.400	-1.200	-3.000	1.700	-4.000	-0.400	-5.900	-4.700	0.000	-6.100	-5.500	-1.600	1.100	1.700	-4.900	-1.100	-2.100	-2.500	-3.400	-7.300	-2.700	-2.400	-1.600	-2.300	-4.900	-0.500	2.100	-1.200	-4.800	0.200	-5.000	-5.100	-3.600	1.400	-5.900	-2.600
-2.300	-4.900	-5.900	-0.900	-1.500	-0.800	-9.700	-1.100	-1.600	-2.100	-3.800	-4.700	-2.400	-2.000	-1.800	-2.400	0.200	-4.800	2.800	-1.600	-5.600	4.800	-6.000	-5.300	0.000	-1.400	-5.900	0.300	-4.000	-5.100	0.500	-7.600	-1.900	-3.300	5.100	-6.100	-1.100	-2.500	2.600	3.700	-4.700	-2.400	-1.600	0.700	-6.900	-2.500	-4.900	-2.200	-3.800	-0.800	-4.000	-4.100	-2.600	-9.600	4.100	0.400
-4.300	-3.900	2.100	-4.900	-6.500	-4.800	0.300	-3.100	-5.600	-5.100	-7.800	-5.700	-5.400	-3.000	-2.800	-7.400	-3.800	-7.800	-3.200	-6.600	-3.600	-0.200	-4.000	-3.300	-1.000	-8.400	-9.900	-5.700	-6.000	-4.100	-2.500	-4.600	-6.900	-2.300	0.100	-0.100	-8.100	-1.500	4.600	-6.300	-4.700	5.600	-7.600	-2.300	-6.900	-0.500	-1.900	-0.200	-3.800	-5.800	-3.000	-3.100	1.400	-2.600	0.100	-0.600
-4.300	-4.900	2.100	-3.900	-5.500	-5.800	-6.700	-4.100	-6.600	-1.100	-3.800	-5.700	-2.400	-4.000	1.200	-2.400	1.200	-2.800	-1.200	2.400	0.400	-0.200	-2.000	-5.300	-4.000	-6.400	-5.900	-2.700	0.000	-2.100	-0.500	-12.600	-8.900	3.700	-3.900	-4.100	-5.100	-1.500	2.600	-2.300	-2.700	-3.400	1.400	1.700	-1.900	-2.500	-3.900	-1.200	-5.800	-5.800	0.000	-2.100	0.400	0.400	-3.900	1.400
1.700	-5.900	1.100	-2.900	-4.500	-1.800	-3.700	4.900	-3.600	-1.100	-4.800	-1.700	-1.400	-4.000	-1.800	-0.400	-4.800	2.200	-2.200	3.400	-4.600	-1.200	-4.000	-5.300	2.000	-3.400	-4.900	-1.700	-8.000	0.900	0.500	-3.600	-1.900	3.700	-0.900	-0.100	-1.100	-1.500	3.600	-3.300	-3.700	-4.400	-5.600	-2.300	-4.900	-2.500	-5.900	0.800	-3.800	-0.800	0.000	-8.100	-10.600	-5.600	3.100	0.400
1.700	-3.900	-2.900	-1.900	-3.500	-6.800	-5.700	-7.100	-1.600	-2.100	-3.800	-3.700	-3.400	-3.000	-1.800	-3.400	-1.800	-5.800	1.800	3.400	-5.600	0.800	1.000	1.700	-1.000	-0.400	-3.900	-4.700	-7.000	-1.100	-5.500	-2.600	1.100	-1.300	-5.900	0.900	-4.100	-1.500	-0.400	-6.300	-0.700	-2.400	-1.600	-3.300	-3.900	-0.500	1.100	-1.200	-1.800	-1.800	-2.000	0.900	6.400	-12.600	0.100	-3.600
-2.300	-6.900	-6.900	1.100	-1.500	-1.800	-6.700	-5.100	-1.600	-6.100	-6.800	-5.700	-6.400	1.000	-3.800	-5.400	-4.800	-4.800	-0.200	-6.600	-0.600	2.800	-4.000	-1.300	-1.000	-2.400	-4.900	-10.700	-2.000	0.900	-3.500	-3.600	-1.900	-0.300	-7.900	-4.100	-2.100	2.500	0.600	-3.300	4.300	-2.400	0.400	-1.300	-9.900	-8.500	-9.900	2.800	-3.800	0.200	-3.000	-4.100	-6.600	1.400	-8.900	-7.600
-1.300	-2.900	-4.900	1.100	-8.500	-0.800	-5.700	2.900	-3.600	-8.100	-9.800	-0.700	-8.400	-1.000	-1.800	-1.400	-2.800	3.200	-0.200	-2.600	-6.600	-6.200	4.000	1.700	4.000	2.600	-8.900	0.300	-3.000	-5.100	-0.500	-2.600	0.100	1.700	-6.900	-6.100	-3.100	-5.500	1.600	-3.300	-0.700	-3.400	-1.600	-3.300	-5.900	-6.500	0.100	-1.200	-7.800	-9.800	-5.000	-3.100	-3.600	-1.600	-8.900	-2.600
1.700	3.100	1.100	-0.900	-6.500	-7.800	-4.700	1.900	-2.600	-5.100	-5.800	-4.700	-5.400	-2.000	-2.800	-2.400	-0.800	-3.800	-8.200	8.400	-8.600	0.800	-5.000	-4.300	-4.000	-1.400	-8.900	-2.700	-6.000	3.900	-3.500	-4.600	-3.900	5.700	3.100	1.900	-6.100	-0.500	6.600	-5.300	-1.700	-2.400	-0.600	-2.300	-3.900	-2.500	-1.900	-1.200	-5.800	-2.800	-4.000	-5.100	1.400	-3.600	5.100	0.400
-3.300	-5.900	-1.900	-1.900	-7.500	1.200	-2.700	-8.100	1.400	-2.100	-9.800	-2.700	1.600	-3.000	-6.800	0.600	-2.800	-6.800	-3.200	-5.600	-6.600	6.800	-3.000	-2.300	-1.000	-2.400	-6.900	-2.700	-4.000	-4.100	-3.500	-1.600	-3.900	-2.300	-2.900	-4.100	-2.100	-6.500	-0.400	-5.300	-3.700	-0.400	0.400	1.700	-5.900	-2.500	-3.900	-2.200	-5.800	-3.800	2.000	1.900	-3.600	-1.600	-4.900	-0.600
-3.300	-0.900	-7.900	3.100	-6.500	-6.800	-2.700	0.900	-0.600	-2.100	-10.800	-7.700	1.600	-9.000	4.200	-2.400	-5.800	0.200	-1.200	1.400	-9.600	-6.200	0.000	-6.300	1.000	-4.400	-7.900	-8.700	-7.000	0.900	-2.500	-7.600	-4.900	7.700	-2.900	-5.100	-3.100	-0.500	0.600	-3.300	-4.700	-5.400	0.400	1.700	-1.900	3.500	-1.900	0.800	-5.800	2.200	-3.000	-1.100	-2.600	-4.600	0.100	-3.600
-6.300	1.100	-8.900	1.100	-2.500	-4.800	-5.700	-0.100	-3.600	-0.100	-3.800	5.300	-6.400	3.000	-0.800	4.600	-2.800	0.200	-1.200	0.400	-7.600	-1.200	-5.000	-5.300	-3.000	-2.400	-7.900	-4.700	-2.000	-5.100	-6.500	-4.600	-2.900	-0.300	-3.900	-1.100	-5.100	-4.500	3.600	-2.300	-4.700	-4.400	-0.600	0.700	-0.900	-2.500	-4.900	-2.200	-3.800	-4.800	-5.000	-2.100	-2.600	-3.600	-3.900	-1.600
-0.300	-6.900	-1.900	-0.900	-7.500	-1.800	2.300	-0.100	2.400	-7.100	0.200	-1.700	0.600	-1.000	2.200	-8.400	-0.800	3.200	0.800	-1.600	-9.600	-5.200	-2.000	-7.300	2.000	-5.400	-6.900	-4.700	-6.000	-4.100	-0.500	-5.600	-1.900	-3.300	-8.900	-0.100	-4.100	-1.500	1.600	-7.300	-0.700	1.600	0.400	0.700	-4.900	-0.500	-3.900	3.800	0.200	-5.800	-4.000	-1.100	1.400	-4.600	-2.900	5.400
-5.300	1.100	4.100	0.100	-7.500	-4.800	-7.700	-4.100	-1.600	-4.100	-7.800	-8.700	-7.400	2.000	0.200	-1.400	-6.800	-4.800	-5.200	4.400	-6.600	0.800	-3.000	-5.300	2.000	-3.400	0.100	-8.700	-3.000	1.900	-1.500	3.400	-1.900	1.700	0.100	-0.100	-4.100	-1.500	-0.400	-5.300	4.300	-1.400	1.400	-0.300	-2.900	1.500	-3.900	-1.200	-7.800	2.200	-2.000	-3.100	1.400	-9.600	-6.900	2.400
-2.300	1.100	2.100	1.100	-5.500	-8.800	-4.700	-4.100	-2.600	2.900	-8.800	-2.700	-3.400	0.000	0.200	1.600	-5.800	3.200	-2.200	1.400	-7.600	-1.200	3.000	-5.300	5.000	-1.400	-6.900	-0.700	0.000	-0.100	4.500	-6.600	-0.900	1.700	-6.900	-1.100	-8.100	-0.500	0.600	-0.300	-3.700	-6.400	-2.600	-3.300	-2.900	-2.500	-0.900	-0.200	-4.800	-5.800	1.000	-4.100	2.400	-3.600	-2.900	0.400
-3.300	-4.900	-3.900	-5.900	-1.500	-3.800	-6.700	2.900	-4.600	-6.100	-3.800	-1.700	-5.400	-3.000	-4.800	-1.400	-1.800	-4.800	-4.200	6.400	-8.600	-0.200	4.000	-9.300	0.000	3.600	-7.900	-2.700	-2.000	-2.100	2.500	-1.600	-5.900	-1.300	2.100	-6.100	-6.100	2.500	-2.400	-5.300	-9.700	-1.400	-2.600	-4.300	3.100	-4.500	-5.900	-9.200	-8.800	0.200	-2.000	-3.100	-1.600	-2.600	-9.900	-0.600
-5.300	-3.900	-4.900	-0.900	-5.500	-4.800	-6.700	-2.100	-2.600	-2.100	-5.800	-0.700	-4.400	-2.000	-2.800	-5.400	-0.800	-1.800	0.800	4.400	-5.600	-8.200	-1.000	-2.300	-5.000	0.600	-6.900	-7.700	-4.000	-0.100	-7.500	-5.600	5.100	0.700	-0.900	-2.100	-3.100	-3.500	-6.400	-7.300	1.300	-6.400	-4.600	-3.300	-2.900	0.500	-4.900	1.800	1.200	4.200	-7.000	-3.100	-5.600	-6.600	-6.900	1.400
-4.300	-2.900	-4.900	-3.900	-2.500	-6.800	-7.700	-5.100	-5.600	-7.100	-5.800	-3.700	-3.400	-8.000	-1.800	-1.400	-6.800	-1.800	0.800	0.400	-4.600	-0.200	-1.000	-1.300	0.000	-0.400	-6.900	-5.700	2.000	-5.100	-0.500	-6.600	-0.900	2.700	-1.900	2.900	-4.100	-2.500	-0.400	-0.300	2.300	-0.400	1.400	-5.300	-7.900	-0.500	-3.900	-1.200	-5.800	-4.800	1.000	0.900	-1.600	-1.600	-5.900	-5.600
-3.300	-4.900	-4.900	-3.900	1.500	-4.800	-4.700	-1.100	-1.600	-3.100	-6.800	2.300	-4.400	-3.000	3.200	-6.400	0.200	-7.800	-1.200	-0.600	-8.600	-1.200	-5.000	-4.300	1.000	-3.400	-6.900	0.300	-2.000	-7.100	-0.500	-2.600	-1.900	1.700	-1.900	-0.100	-5.100	-3.500	-5.400	0.700	-5.700	3.600	1.400	-1.300	0.100	-5.500	-6.900	-2.200	-4.800	-3.800	1.000	0.900	-5.600	-2.600	-2.900	-0.600
3.700	-4.900	7.100	3.100	-5.500	-4.800	-3.700	1.900	-3.600	-1.100	-4.800	-6.700	-2.400	-6.000	-3.800	3.600	1.200	-0.800	-1.200	-11.600	-5.600	-5.200	1.000	-1.300	-2.000	-7.400	-7.900	-3.700	-9.000	-2.100	-0.500	-5.600	-1.900	-2.300	-4.900	2.900	-3.100	2.500	3.600	-4.300	1.300	-3.400	-2.600	0.700	-1.900	-5.500	-4.900	-4.200	-6.800	-12.800	-3.000	-1.100	0.400	-3.600	-3.900	2.400
-1.300	-2.900	1.100	1.100	-2.500	-4.800	-2.700	-8.100	0.400	-0.100	-3.800	-9.700	-5.400	-2.000	0.200	-6.400	7.200	0.200	1.800	2.400	-2.600	-1.200	-3.000	-2.300	1.000	-7.400	-2.900	-6.700	-6.000	-2.100	-3.500	0.400	-5.900	-1.300	-5.900	-3.100	-7.100	0.500	-2.400	-8.300	-2.700	-6.400	-0.600	-0.300	-7.900	-8.500	-1.900	-2.200	-1.800	0.200	-7.000	-0.100	1.400	0.400	-5.900	-7.600
-0.300	-1.900	-5.900	0.100	-8.500	-1.800	-6.700	-5.100	2.400	-2.100	2.200	3.300	-6.400	-3.000	-1.800	-8.400	-3.800	0.200	-1.200	-7.600	-5.600	0.800	0.000	-1.300	-5.000	-3.400	-5.900	-3.700	-4.000	-3.100	1.500	-3.600	-3.900	-2.300	-7.900	-5.100	-5.100	-5.500	-0.400	-8.300	-1.700	0.600	-4.600	-0.300	-4.900	3.500	-4.900	1.800	-3.800	-5.800	-1.000	2.900	0.400	-3.600	-7.900	1.400
-1.300	-1.900	-3.900	3.100	-0.500	-5.800	-1.700	0.900	-6.600	-4.100	-7.800	-2.700	-3.400	-3.000	-1.800	-8.400	0.200	-0.800	0.800	-2.600	-3.600	-5.200	-2.000	-6.300	-2.000	0.600	-2.900	-6.700	-6.000	8.900	2.500	-6.600	-6.900	-2.300	-2.900	-0.100	-4.100	1.500	-0.400	6.700	1.300	-8.400	4.400	1.700	-3.900	0.500	-5.900	-0.200	-5.800	-2.800	-10.000	-2.100	-1.600	-4.600	4.100	-2.600
0.700	-9.900	-4.900	-1.900	-6.500	-2.800	-1.700	3.900	-6.600	-4.100	-7.800	-7.700	-6.400	-7.000	-4.800	1.600	-3.800	-6.800	-5.200	1.400	-9.600	0.800	-1.000	-1.300	0.000	-4.400	-3.900	0.300	-8.000	-7.100	-0.500	-0.600	-1.900	0.700	-3.900	-2.100	-2.100	-1.500	-1.400	-3.300	0.300	-3.400	-7.600	-4.300	-5.900	-1.500	-2.900	5.800	-4.800	1.200	-3.000	1.900	-1.600	-0.600	2.100	-5.600
-1.300	-3.900	-2.900	-1.900	-1.500	-3.800	-0.700	-7.100	-3.600	-1.100	-1.800	-2.700	-3.400	-4.000	0.200	0.600	-3.800	-5.800	-3.200	-1.600	-5.600	-0.200	-4.000	-6.300	-4.000	3.600	-5.900	0.300	0.000	-4.100	-6.500	-6.600	-4.900	0.700	-4.900	-3.100	-2.100	3.500	0.600	-1.300	-4.700	-4.400	-4.600	-4.300	-10.900	-3.500	-4.900	-0.200	-4.800	-5.800	-6.000	-0.100	-5.600	3.400	-9.900	1.400
4.700	-8.900	2.100	3.100	-3.500	-7.800	-6.700	-0.100	-3.600	-3.100	-1.800	0.300	-0.400	-2.000	-1.800	-2.400	-0.800	-6.800	0.800	-4.600	-0.600	-5.200	-3.000	-5.300	0.000	0.600	-1.900	-0.700	-3.000	-8.100	-4.500	-1.600	-1.900	-3.300	0.100	4.900	-5.100	-5.500	2.600	-6.300	4.300	-3.400	-7.600	-0.300	-3.900	-4.500	-6.900	-0.200	-1.800	-5.800	-1.000	-4.100	-0.600	-4.600	-0.900	-4.600
-0.300	1.100	5.100	-1.900	-10.500	-4.800	-2.700	-5.100	-4.600	-4.100	-1.800	-1.700	-11.400	-1.000	1.200	-3.400	-7.800	-5.800	-4.200	2.400	-6.600	-1.200	-5.000	-2.300	-2.000	-2.400	-3.900	0.300	1.000	-4.100	0.500	-3.600	-2.900	-9.300	-4.900	-3.100	0.900	-2.500	1.600	-12.300	4.300	-3.400	-3.600	0.700	-5.900	2.500	-5.900	1.800	-6.800	-0.800	-3.000	-2.100	-1.600	-1.600	-0.900	1.400
